2026-03-21 18:33:42,959 INFO werkzeug MainThread : [31m[1mWARNING: This is a development server. Do not use it in a production deployment. Use a production WSGI server instead.[0m
 * Running on http://127.0.0.1:5000
2026-03-21 18:33:42,959 INFO werkzeug MainThread : [33mPress CTRL+C to quit[0m
2026-03-21 18:33:42,985 INFO werkzeug MainThread :  * Restarting with watchdog (windowsapi)
2026-03-21 18:33:44,250 WARNING werkzeug MainThread :  * Debugger is active!
2026-03-21 18:33:44,280 INFO werkzeug MainThread :  * Debugger PIN: 723-701-765
2026-03-21 18:35:45,186 INFO werkzeug MainThread : [31m[1mWARNING: This is a development server. Do not use it in a production deployment. Use a production WSGI server instead.[0m
 * Running on http://127.0.0.1:5000
2026-03-21 18:35:45,212 INFO werkzeug MainThread : [33mPress CTRL+C to quit[0m
2026-03-21 18:35:45,229 INFO werkzeug MainThread :  * Restarting with watchdog (windowsapi)
2026-03-21 18:35:46,633 WARNING werkzeug MainThread :  * Debugger is active!
2026-03-21 18:35:46,637 INFO werkzeug MainThread :  * Debugger PIN: 723-701-765
2026-03-21 18:36:06,701 INFO werkzeug Thread-1 :  * Detected change in 'C:\\Users\\niran\\Desktop\\recoveryassist new\\debug_doctor_16.py', reloading
2026-03-21 18:36:06,702 INFO werkzeug Thread-1 :  * Detected change in 'C:\\Users\\niran\\Desktop\\recoveryassist new\\debug_doctor_16.py', reloading
2026-03-21 18:36:06,956 INFO werkzeug MainThread :  * Restarting with watchdog (windowsapi)
2026-03-21 18:36:06,975 INFO werkzeug MainThread :  * Restarting with watchdog (windowsapi)
2026-03-21 18:36:08,305 WARNING werkzeug MainThread :  * Debugger is active!
2026-03-21 18:36:08,310 INFO werkzeug MainThread :  * Debugger PIN: 723-701-765
2026-03-21 18:36:08,315 WARNING werkzeug MainThread :  * Debugger is active!
2026-03-21 18:36:08,319 INFO werkzeug MainThread :  * Debugger PIN: 723-701-765
2026-03-21 18:37:19,248 INFO werkzeug Thread-1 :  * Detected change in 'C:\\Users\\niran\\Desktop\\recoveryassist new\\check_case_16_msgs.py', reloading
2026-03-21 18:37:19,249 INFO werkzeug Thread-1 :  * Detected change in 'C:\\Users\\niran\\Desktop\\recoveryassist new\\check_case_16_msgs.py', reloading
2026-03-21 18:37:19,456 INFO werkzeug MainThread :  * Restarting with watchdog (windowsapi)
2026-03-21 18:37:19,459 INFO werkzeug MainThread :  * Restarting with watchdog (windowsapi)
2026-03-21 18:37:20,955 WARNING werkzeug MainThread :  * Debugger is active!
2026-03-21 18:37:20,957 WARNING werkzeug MainThread :  * Debugger is active!
2026-03-21 18:37:20,959 INFO werkzeug MainThread :  * Debugger PIN: 723-701-765
2026-03-21 18:37:20,961 INFO werkzeug MainThread :  * Debugger PIN: 723-701-765
2026-03-21 18:38:59,256 INFO werkzeug Thread-1 :  * Detected change in 'C:\\Users\\niran\\Desktop\\recoveryassist new\\app.py', reloading
2026-03-21 18:38:59,447 INFO werkzeug MainThread :  * Restarting with watchdog (windowsapi)
2026-03-21 18:38:59,455 INFO werkzeug MainThread :  * Restarting with watchdog (windowsapi)
INFO:werkzeug:[31m[1mWARNING: This is a development server. Do not use it in a production deployment. Use a production WSGI server instead.[0m
 * Running on http://127.0.0.1:5000
INFO:werkzeug:[33mPress CTRL+C to quit[0m
INFO:werkzeug: * Restarting with watchdog (windowsapi)
WARNING:werkzeug: * Debugger is active!
INFO:werkzeug: * Debugger PIN: 723-701-765
INFO:werkzeug:[31m[1mWARNING: This is a development server. Do not use it in a production deployment. Use a production WSGI server instead.[0m
 * Running on http://127.0.0.1:5000
INFO:werkzeug:[33mPress CTRL+C to quit[0m
INFO:werkzeug: * Restarting with watchdog (windowsapi)
WARNING:werkzeug: * Debugger is active!
INFO:werkzeug: * Debugger PIN: 723-701-765
INFO:werkzeug: * Detected change in 'C:\\Users\\niran\\Desktop\\recoveryassist new\\app.py', reloading
INFO:werkzeug: * Detected change in 'C:\\Users\\niran\\Desktop\\recoveryassist new\\app.py', reloading
INFO:werkzeug: * Restarting with watchdog (windowsapi)
INFO:werkzeug: * Restarting with watchdog (windowsapi)
WARNING:werkzeug: * Debugger is active!
INFO:werkzeug: * Debugger PIN: 723-701-765
WARNING:werkzeug: * Debugger is active!
INFO:werkzeug: * Debugger PIN: 723-701-765
INFO:werkzeug: * Detected change in 'C:\\Users\\niran\\Desktop\\recoveryassist new\\check_entity.py', reloading
INFO:werkzeug: * Detected change in 'C:\\Users\\niran\\Desktop\\recoveryassist new\\check_entity.py', reloading
INFO:werkzeug: * Restarting with watchdog (windowsapi)
INFO:werkzeug: * Restarting with watchdog (windowsapi)
WARNING:werkzeug: * Debugger is active!
WARNING:werkzeug: * Debugger is active!
INFO:werkzeug: * Debugger PIN: 723-701-765
INFO:werkzeug: * Debugger PIN: 723-701-765
INFO:werkzeug:[31m[1mWARNING: This is a development server. Do not use it in a production deployment. Use a production WSGI server instead.[0m
 * Running on http://127.0.0.1:5000
INFO:werkzeug:[33mPress CTRL+C to quit[0m
INFO:werkzeug: * Restarting with watchdog (windowsapi)
WARNING:werkzeug: * Debugger is active!
INFO:werkzeug: * Debugger PIN: 723-701-765
INFO:werkzeug: * Detected change in 'C:\\Users\\niran\\Desktop\\recoveryassist new\\debug_500.py', reloading
INFO:werkzeug: * Detected change in 'C:\\Users\\niran\\Desktop\\recoveryassist new\\debug_500.py', reloading
INFO:werkzeug: * Detected change in 'C:\\Users\\niran\\Desktop\\recoveryassist new\\debug_500.py', reloading
INFO:werkzeug: * Restarting with watchdog (windowsapi)
INFO:werkzeug: * Restarting with watchdog (windowsapi)
INFO:werkzeug: * Restarting with watchdog (windowsapi)
WARNING:werkzeug: * Debugger is active!
INFO:werkzeug: * Debugger PIN: 723-701-765
WARNING:werkzeug: * Debugger is active!
INFO:werkzeug: * Debugger PIN: 723-701-765
WARNING:werkzeug: * Debugger is active!
INFO:werkzeug: * Debugger PIN: 723-701-765
INFO:werkzeug: * Detected change in 'C:\\Users\\niran\\Desktop\\recoveryassist new\\debug_500.py', reloading
INFO:werkzeug: * Restarting with watchdog (windowsapi)
INFO:werkzeug: * Restarting with watchdog (windowsapi)
INFO:werkzeug: * Restarting with watchdog (windowsapi)
WARNING:werkzeug: * Debugger is active!
INFO:werkzeug: * Debugger PIN: 723-701-765
WARNING:werkzeug: * Debugger is active!
INFO:werkzeug: * Debugger PIN: 723-701-765
WARNING:werkzeug: * Debugger is active!
INFO:werkzeug: * Debugger PIN: 723-701-765
INFO:werkzeug: * Detected change in 'C:\\Users\\niran\\Desktop\\recoveryassist new\\debug_500.py', reloading
INFO:werkzeug: * Detected change in 'C:\\Users\\niran\\Desktop\\recoveryassist new\\debug_500.py', reloading
INFO:werkzeug: * Detected change in 'C:\\Users\\niran\\Desktop\\recoveryassist new\\debug_500.py', reloading
INFO:werkzeug: * Detected change in 'C:\\Users\\niran\\Desktop\\recoveryassist new\\debug_500.py', reloading
INFO:werkzeug: * Detected change in 'C:\\Users\\niran\\Desktop\\recoveryassist new\\debug_500.py', reloading
INFO:werkzeug: * Restarting with watchdog (windowsapi)
INFO:werkzeug: * Restarting with watchdog (windowsapi)
INFO:werkzeug: * Restarting with watchdog (windowsapi)
WARNING:werkzeug: * Debugger is active!
INFO:werkzeug: * Debugger PIN: 723-701-765
WARNING:werkzeug: * Debugger is active!
WARNING:werkzeug: * Debugger is active!
INFO:werkzeug: * Debugger PIN: 723-701-765
INFO:werkzeug: * Debugger PIN: 723-701-765
INFO:werkzeug: * Detected change in 'C:\\Users\\niran\\Desktop\\recoveryassist new\\debug_500.py', reloading
INFO:werkzeug: * Detected change in 'C:\\Users\\niran\\Desktop\\recoveryassist new\\debug_500.py', reloading
INFO:werkzeug: * Detected change in 'C:\\Users\\niran\\Desktop\\recoveryassist new\\debug_500.py', reloading
INFO:werkzeug: * Restarting with watchdog (windowsapi)
INFO:werkzeug: * Restarting with watchdog (windowsapi)
WARNING:werkzeug: * Debugger is active!
WARNING:werkzeug: * Debugger is active!
INFO:werkzeug: * Debugger PIN: 723-701-765
INFO:werkzeug: * Debugger PIN: 723-701-765
WARNING:werkzeug: * Debugger is active!
INFO:werkzeug: * Debugger PIN: 723-701-765
INFO:werkzeug: * Detected change in 'C:\\Users\\niran\\Desktop\\recoveryassist new\\debug_500.py', reloading
INFO:werkzeug: * Detected change in 'C:\\Users\\niran\\Desktop\\recoveryassist new\\debug_500.py', reloading
INFO:werkzeug: * Detected change in 'C:\\Users\\niran\\Desktop\\recoveryassist new\\debug_500.py', reloading
INFO:werkzeug: * Restarting with watchdog (windowsapi)
INFO:werkzeug: * Restarting with watchdog (windowsapi)
INFO:werkzeug: * Restarting with watchdog (windowsapi)
WARNING:werkzeug: * Debugger is active!
INFO:werkzeug: * Debugger PIN: 723-701-765
WARNING:werkzeug: * Debugger is active!
INFO:werkzeug: * Debugger PIN: 723-701-765
WARNING:werkzeug: * Debugger is active!
INFO:werkzeug: * Debugger PIN: 723-701-765
ERROR:app:Exception on /doctor_dashboard [GET]
Traceback (most recent call last):
  File "C:\Users\niran\AppData\Local\Programs\Python\Python313\Lib\site-packages\flask\app.py", line 1511, in wsgi_app
    response = self.full_dispatch_request()
  File "C:\Users\niran\AppData\Local\Programs\Python\Python313\Lib\site-packages\flask\app.py", line 919, in full_dispatch_request
    rv = self.handle_user_exception(e)
  File "C:\Users\niran\AppData\Local\Programs\Python\Python313\Lib\site-packages\flask\app.py", line 917, in full_dispatch_request
    rv = self.dispatch_request()
  File "C:\Users\niran\AppData\Local\Programs\Python\Python313\Lib\site-packages\flask\app.py", line 902, in dispatch_request
    return self.ensure_sync(self.view_functions[rule.endpoint])(**view_args)  # type: ignore[no-any-return]
           ~~~~~~~~~~~~~~~~~~~~~~~~~~~~~~~~~~~~~~~~~~~~~~~~~~~~^^^^^^^^^^^^^
  File "c:\Users\niran\Desktop\recoveryassist new\app.py", line 1086, in doctor_dashboard
    return render_template("doctor_dashboard.html", patients=patients)
  File "C:\Users\niran\AppData\Local\Programs\Python\Python313\Lib\site-packages\flask\templating.py", line 151, in render_template
    return _render(app, template, context)
  File "C:\Users\niran\AppData\Local\Programs\Python\Python313\Lib\site-packages\flask\templating.py", line 132, in _render
    rv = template.render(context)
  File "C:\Users\niran\AppData\Local\Programs\Python\Python313\Lib\site-packages\jinja2\environment.py", line 1295, in render
    self.environment.handle_exception()
    ~~~~~~~~~~~~~~~~~~~~~~~~~~~~~~~~~^^
  File "C:\Users\niran\AppData\Local\Programs\Python\Python313\Lib\site-packages\jinja2\environment.py", line 942, in handle_exception
    raise rewrite_traceback_stack(source=source)
  File "c:\Users\niran\Desktop\recoveryassist new\templates\doctor_dashboard.html", line 288, in top-level template code
    <a href="{{ url_for('doctor_logout') }}" class="logout-btn">Logout</a>
    ^^^^^^^^^^^^^
  File "C:\Users\niran\AppData\Local\Programs\Python\Python313\Lib\site-packages\flask\app.py", line 1121, in url_for
    return self.handle_url_build_error(error, endpoint, values)
           ~~~~~~~~~~~~~~~~~~~~~~~~~~~^^^^^^^^^^^^^^^^^^^^^^^^^
  File "C:\Users\niran\AppData\Local\Programs\Python\Python313\Lib\site-packages\flask\app.py", line 1110, in url_for
    rv = url_adapter.build(  # type: ignore[union-attr]
        endpoint,
    ...<3 lines>...
        force_external=_external,
    )
  File "C:\Users\niran\AppData\Local\Programs\Python\Python313\Lib\site-packages\werkzeug\routing\map.py", line 901, in build
    raise BuildError(endpoint, values, method, self)
werkzeug.routing.exceptions.BuildError: Could not build url for endpoint 'doctor_logout'. Did you mean 'doctor_login' instead?
INFO:werkzeug: * Detected change in 'C:\\Users\\niran\\Desktop\\recoveryassist new\\debug_500.py', reloading
INFO:werkzeug: * Detected change in 'C:\\Users\\niran\\Desktop\\recoveryassist new\\debug_500.py', reloading
INFO:werkzeug: * Detected change in 'C:\\Users\\niran\\Desktop\\recoveryassist new\\debug_500.py', reloading
INFO:werkzeug: * Restarting with watchdog (windowsapi)
INFO:werkzeug: * Restarting with watchdog (windowsapi)
INFO:werkzeug: * Restarting with watchdog (windowsapi)
WARNING:werkzeug: * Debugger is active!
INFO:werkzeug: * Debugger PIN: 723-701-765
WARNING:werkzeug: * Debugger is active!
INFO:werkzeug: * Debugger PIN: 723-701-765
WARNING:werkzeug: * Debugger is active!
INFO:werkzeug: * Debugger PIN: 723-701-765
INFO:werkzeug: * Detected change in 'C:\\Users\\niran\\Desktop\\recoveryassist new\\debug_500.py', reloading
INFO:werkzeug: * Detected change in 'C:\\Users\\niran\\Desktop\\recoveryassist new\\debug_500.py', reloading
INFO:werkzeug: * Detected change in 'C:\\Users\\niran\\Desktop\\recoveryassist new\\debug_500.py', reloading
INFO:werkzeug: * Restarting with watchdog (windowsapi)
INFO:werkzeug: * Restarting with watchdog (windowsapi)
INFO:werkzeug: * Restarting with watchdog (windowsapi)
WARNING:werkzeug: * Debugger is active!
WARNING:werkzeug: * Debugger is active!
WARNING:werkzeug: * Debugger is active!
INFO:werkzeug: * Debugger PIN: 723-701-765
INFO:werkzeug: * Debugger PIN: 723-701-765
INFO:werkzeug: * Debugger PIN: 723-701-765
INFO:werkzeug: * Detected change in 'C:\\Users\\niran\\AppData\\Local\\Programs\\Python\\Python313\\Lib\\site-packages\\werkzeug\\test.py', reloading
INFO:werkzeug: * Detected change in 'C:\\Users\\niran\\AppData\\Local\\Programs\\Python\\Python313\\Lib\\site-packages\\werkzeug\\test.py', reloading
INFO:werkzeug: * Restarting with watchdog (windowsapi)
INFO:werkzeug: * Restarting with watchdog (windowsapi)
INFO:werkzeug: * Restarting with watchdog (windowsapi)
WARNING:werkzeug: * Debugger is active!
WARNING:werkzeug: * Debugger is active!
INFO:werkzeug: * Debugger PIN: 723-701-765
INFO:werkzeug: * Debugger PIN: 723-701-765
WARNING:werkzeug: * Debugger is active!
INFO:werkzeug: * Debugger PIN: 723-701-765
INFO:werkzeug: * Detected change in 'C:\\Users\\niran\\Desktop\\recoveryassist new\\debug_500.py', reloading
INFO:werkzeug: * Detected change in 'C:\\Users\\niran\\Desktop\\recoveryassist new\\debug_500.py', reloading
INFO:werkzeug: * Restarting with watchdog (windowsapi)
INFO:werkzeug: * Restarting with watchdog (windowsapi)
INFO:werkzeug: * Restarting with watchdog (windowsapi)
WARNING:werkzeug: * Debugger is active!
INFO:werkzeug: * Debugger PIN: 723-701-765
WARNING:werkzeug: * Debugger is active!
INFO:werkzeug: * Debugger PIN: 723-701-765
WARNING:werkzeug: * Debugger is active!
INFO:werkzeug: * Debugger PIN: 723-701-765
INFO:werkzeug: * Detected change in 'C:\\Users\\niran\\Desktop\\recoveryassist new\\debug_500.py', reloading
INFO:werkzeug: * Detected change in 'C:\\Users\\niran\\Desktop\\recoveryassist new\\debug_500.py', reloading
INFO:werkzeug: * Detected change in 'C:\\Users\\niran\\Desktop\\recoveryassist new\\debug_500.py', reloading
INFO:werkzeug: * Restarting with watchdog (windowsapi)
INFO:werkzeug: * Restarting with watchdog (windowsapi)
INFO:werkzeug: * Restarting with watchdog (windowsapi)
WARNING:werkzeug: * Debugger is active!
INFO:werkzeug: * Debugger PIN: 723-701-765
WARNING:werkzeug: * Debugger is active!
INFO:werkzeug: * Debugger PIN: 723-701-765
WARNING:werkzeug: * Debugger is active!
INFO:werkzeug: * Debugger PIN: 723-701-765
INFO:werkzeug: * Detected change in 'C:\\Users\\niran\\Desktop\\recoveryassist new\\debug_500.py', reloading
INFO:werkzeug: * Detected change in 'C:\\Users\\niran\\Desktop\\recoveryassist new\\debug_500.py', reloading
INFO:werkzeug: * Detected change in 'C:\\Users\\niran\\Desktop\\recoveryassist new\\debug_500.py', reloading
INFO:werkzeug: * Restarting with watchdog (windowsapi)
INFO:werkzeug: * Restarting with watchdog (windowsapi)
INFO:werkzeug: * Restarting with watchdog (windowsapi)
WARNING:werkzeug: * Debugger is active!
INFO:werkzeug: * Debugger PIN: 723-701-765
WARNING:werkzeug: * Debugger is active!
INFO:werkzeug: * Debugger PIN: 723-701-765
WARNING:werkzeug: * Debugger is active!
INFO:werkzeug: * Debugger PIN: 723-701-765
INFO:werkzeug: * Detected change in 'C:\\Users\\niran\\Desktop\\recoveryassist new\\debug_500.py', reloading
INFO:werkzeug: * Detected change in 'C:\\Users\\niran\\Desktop\\recoveryassist new\\debug_500.py', reloading
INFO:werkzeug: * Detected change in 'C:\\Users\\niran\\Desktop\\recoveryassist new\\debug_500.py', reloading
INFO:werkzeug: * Restarting with watchdog (windowsapi)
INFO:werkzeug: * Restarting with watchdog (windowsapi)
INFO:werkzeug: * Restarting with watchdog (windowsapi)
WARNING:werkzeug: * Debugger is active!
INFO:werkzeug: * Debugger PIN: 723-701-765
WARNING:werkzeug: * Debugger is active!
INFO:werkzeug: * Debugger PIN: 723-701-765
WARNING:werkzeug: * Debugger is active!
INFO:werkzeug: * Debugger PIN: 723-701-765
INFO:werkzeug:[31m[1mWARNING: This is a development server. Do not use it in a production deployment. Use a production WSGI server instead.[0m
 * Running on http://127.0.0.1:5000
INFO:werkzeug:[33mPress CTRL+C to quit[0m
INFO:werkzeug: * Restarting with watchdog (windowsapi)
WARNING:werkzeug: * Debugger is active!
INFO:werkzeug: * Debugger PIN: 723-701-765
INFO:werkzeug: * Detected change in 'C:\\Users\\niran\\Desktop\\recoveryassist new\\app.py', reloading
INFO:werkzeug: * Detected change in 'C:\\Users\\niran\\Desktop\\recoveryassist new\\app.py', reloading
INFO:werkzeug: * Detected change in 'C:\\Users\\niran\\Desktop\\recoveryassist new\\app.py', reloading
INFO:werkzeug: * Detected change in 'C:\\Users\\niran\\Desktop\\recoveryassist new\\app.py', reloading
INFO:werkzeug: * Restarting with watchdog (windowsapi)
INFO:werkzeug: * Restarting with watchdog (windowsapi)
INFO:werkzeug: * Restarting with watchdog (windowsapi)
WARNING:werkzeug: * Debugger is active!
WARNING:werkzeug: * Debugger is active!
INFO:werkzeug: * Debugger PIN: 723-701-765
INFO:werkzeug: * Debugger PIN: 723-701-765
WARNING:werkzeug: * Debugger is active!
INFO:werkzeug: * Debugger PIN: 723-701-765
INFO:werkzeug:[31m[1mWARNING: This is a development server. Do not use it in a production deployment. Use a production WSGI server instead.[0m
 * Running on http://127.0.0.1:5000
INFO:werkzeug:[33mPress CTRL+C to quit[0m
INFO:werkzeug: * Restarting with watchdog (windowsapi)
WARNING:werkzeug: * Debugger is active!
INFO:werkzeug: * Debugger PIN: 723-701-765
INFO:werkzeug: * Detected change in 'C:\\Users\\niran\\Desktop\\recoveryassist new\\app.py', reloading
INFO:werkzeug: * Detected change in 'C:\\Users\\niran\\Desktop\\recoveryassist new\\app.py', reloading
INFO:werkzeug: * Detected change in 'C:\\Users\\niran\\Desktop\\recoveryassist new\\app.py', reloading
INFO:werkzeug: * Restarting with watchdog (windowsapi)
INFO:werkzeug: * Restarting with watchdog (windowsapi)
INFO:werkzeug: * Restarting with watchdog (windowsapi)
WARNING:werkzeug: * Debugger is active!
WARNING:werkzeug: * Debugger is active!
INFO:werkzeug: * Debugger PIN: 723-701-765
INFO:werkzeug: * Debugger PIN: 723-701-765
WARNING:werkzeug: * Debugger is active!
INFO:werkzeug: * Debugger PIN: 723-701-765
INFO:werkzeug: * Detected change in 'C:\\Users\\niran\\Desktop\\recoveryassist new\\app_test_start.py', reloading
INFO:werkzeug: * Detected change in 'C:\\Users\\niran\\Desktop\\recoveryassist new\\app_test_start.py', reloading
INFO:werkzeug: * Detected change in 'C:\\Users\\niran\\Desktop\\recoveryassist new\\app_test_start.py', reloading
INFO:werkzeug: * Restarting with watchdog (windowsapi)
INFO:werkzeug: * Restarting with watchdog (windowsapi)
INFO:werkzeug: * Restarting with watchdog (windowsapi)
WARNING:werkzeug: * Debugger is active!
INFO:werkzeug: * Debugger PIN: 723-701-765
WARNING:werkzeug: * Debugger is active!
INFO:werkzeug: * Debugger PIN: 723-701-765
INFO:werkzeug: * Debugger PIN: 723-701-765
INFO:werkzeug: * Detected change in 'C:\\Users\\niran\\AppData\\Local\\Programs\\Python\\Python313\\Lib\\site-packages\\flask\\sansio\\app.py', reloading
INFO:werkzeug: * Detected change in 'C:\\Users\\niran\\AppData\\Local\\Programs\\Python\\Python313\\Lib\\site-packages\\flask\\sansio\\app.py', reloading
INFO:werkzeug: * Detected change in 'C:\\Users\\niran\\AppData\\Local\\Programs\\Python\\Python313\\Lib\\site-packages\\flask\\sansio\\app.py', reloading
INFO:werkzeug: * Restarting with watchdog (windowsapi)
INFO:werkzeug: * Restarting with watchdog (windowsapi)
INFO:werkzeug: * Restarting with watchdog (windowsapi)
WARNING:werkzeug: * Debugger is active!
WARNING:werkzeug: * Debugger is active!
INFO:werkzeug: * Debugger PIN: 723-701-765
INFO:werkzeug: * Debugger PIN: 723-701-765
WARNING:werkzeug: * Debugger is active!
INFO:werkzeug: * Debugger PIN: 723-701-765
INFO:werkzeug:[31m[1mWARNING: This is a development server. Do not use it in a production deployment. Use a production WSGI server instead.[0m
 * Running on http://127.0.0.1:5000
INFO:werkzeug:[33mPress CTRL+C to quit[0m
INFO:werkzeug: * Restarting with watchdog (windowsapi)
WARNING:werkzeug: * Debugger is active!
INFO:werkzeug: * Debugger PIN: 723-701-765
INFO:werkzeug:[31m[1mWARNING: This is a development server. Do not use it in a production deployment. Use a production WSGI server instead.[0m
 * Running on http://127.0.0.1:5000
INFO:werkzeug:[33mPress CTRL+C to quit[0m
INFO:werkzeug: * Restarting with watchdog (windowsapi)
WARNING:werkzeug: * Debugger is active!
INFO:werkzeug: * Debugger PIN: 723-701-765
INFO:werkzeug: * Detected change in 'C:\\Users\\niran\\AppData\\Local\\Programs\\Python\\Python313\\Lib\\site-packages\\pypdfium2\\__init__.py', reloading
INFO:werkzeug: * Detected change in 'C:\\Users\\niran\\AppData\\Local\\Programs\\Python\\Python313\\Lib\\site-packages\\pypdfium2\\__init__.py', reloading
INFO:werkzeug: * Detected change in 'C:\\Users\\niran\\AppData\\Local\\Programs\\Python\\Python313\\Lib\\site-packages\\pypdfium2\\__init__.py', reloading
INFO:werkzeug: * Detected change in 'C:\\Users\\niran\\AppData\\Local\\Programs\\Python\\Python313\\Lib\\site-packages\\pypdfium2\\__init__.py', reloading
INFO:werkzeug: * Restarting with watchdog (windowsapi)
INFO:werkzeug: * Restarting with watchdog (windowsapi)
INFO:werkzeug: * Restarting with watchdog (windowsapi)
INFO:werkzeug: * Restarting with watchdog (windowsapi)
WARNING:werkzeug: * Debugger is active!
WARNING:werkzeug: * Debugger is active!
INFO:werkzeug: * Debugger PIN: 723-701-765
INFO:werkzeug: * Debugger PIN: 723-701-765
WARNING:werkzeug: * Debugger is active!
INFO:werkzeug: * Debugger PIN: 723-701-765
WARNING:werkzeug: * Debugger is active!
INFO:werkzeug: * Debugger PIN: 723-701-765
INFO:werkzeug:[31m[1mWARNING: This is a development server. Do not use it in a production deployment. Use a production WSGI server instead.[0m
 * Running on http://127.0.0.1:5000
INFO:werkzeug:[33mPress CTRL+C to quit[0m
INFO:werkzeug: * Restarting with watchdog (windowsapi)
WARNING:werkzeug: * Debugger is active!
INFO:werkzeug: * Debugger PIN: 723-701-765
INFO:werkzeug:[31m[1mWARNING: This is a development server. Do not use it in a production deployment. Use a production WSGI server instead.[0m
 * Running on http://127.0.0.1:5000
INFO:werkzeug:[33mPress CTRL+C to quit[0m
INFO:werkzeug: * Restarting with watchdog (windowsapi)
WARNING:werkzeug: * Debugger is active!
INFO:werkzeug: * Debugger PIN: 723-701-765
INFO:werkzeug: * Detected change in 'C:\\Users\\niran\\Desktop\\recoveryassist new\\app.py', reloading
INFO:werkzeug: * Detected change in 'C:\\Users\\niran\\Desktop\\recoveryassist new\\app.py', reloading
INFO:werkzeug: * Detected change in 'C:\\Users\\niran\\Desktop\\recoveryassist new\\app.py', reloading
INFO:werkzeug: * Detected change in 'C:\\Users\\niran\\Desktop\\recoveryassist new\\app.py', reloading
INFO:werkzeug: * Restarting with watchdog (windowsapi)
INFO:werkzeug: * Restarting with watchdog (windowsapi)
INFO:werkzeug: * Restarting with watchdog (windowsapi)
INFO:werkzeug: * Restarting with watchdog (windowsapi)
WARNING:werkzeug: * Debugger is active!
INFO:werkzeug: * Debugger PIN: 723-701-765
WARNING:werkzeug: * Debugger is active!
INFO:werkzeug: * Debugger PIN: 723-701-765
WARNING:werkzeug: * Debugger is active!
INFO:werkzeug: * Debugger PIN: 723-701-765
WARNING:werkzeug: * Debugger is active!
INFO:werkzeug: * Debugger PIN: 723-701-765
INFO:werkzeug: * Detected change in 'C:\\Users\\niran\\Desktop\\recoveryassist new\\app.py', reloading
INFO:werkzeug: * Detected change in 'C:\\Users\\niran\\Desktop\\recoveryassist new\\app.py', reloading
INFO:werkzeug: * Detected change in 'C:\\Users\\niran\\Desktop\\recoveryassist new\\app.py', reloading
INFO:werkzeug: * Detected change in 'C:\\Users\\niran\\Desktop\\recoveryassist new\\app.py', reloading
INFO:werkzeug: * Restarting with watchdog (windowsapi)
INFO:werkzeug: * Restarting with watchdog (windowsapi)
INFO:werkzeug: * Restarting with watchdog (windowsapi)
INFO:werkzeug: * Restarting with watchdog (windowsapi)
WARNING:werkzeug: * Debugger is active!
INFO:werkzeug: * Debugger PIN: 723-701-765
WARNING:werkzeug: * Debugger is active!
INFO:werkzeug: * Debugger PIN: 723-701-765
WARNING:werkzeug: * Debugger is active!
INFO:werkzeug: * Debugger PIN: 723-701-765
WARNING:werkzeug: * Debugger is active!
INFO:werkzeug: * Debugger PIN: 723-701-765
INFO:werkzeug: * Detected change in 'C:\\Users\\niran\\Desktop\\recoveryassist new\\app.py', reloading
INFO:werkzeug: * Detected change in 'C:\\Users\\niran\\Desktop\\recoveryassist new\\app.py', reloading
INFO:werkzeug: * Detected change in 'C:\\Users\\niran\\Desktop\\recoveryassist new\\app.py', reloading
INFO:werkzeug: * Detected change in 'C:\\Users\\niran\\Desktop\\recoveryassist new\\app.py', reloading
INFO:werkzeug: * Restarting with watchdog (windowsapi)
INFO:werkzeug: * Restarting with watchdog (windowsapi)
INFO:werkzeug: * Restarting with watchdog (windowsapi)
WARNING:werkzeug: * Debugger is active!
WARNING:werkzeug: * Debugger is active!
INFO:werkzeug: * Debugger PIN: 723-701-765
INFO:werkzeug: * Debugger PIN: 723-701-765
WARNING:werkzeug: * Debugger is active!
INFO:werkzeug: * Debugger PIN: 723-701-765
WARNING:werkzeug: * Debugger is active!
INFO:werkzeug: * Debugger PIN: 723-701-765
INFO:werkzeug: * Detected change in 'C:\\Users\\niran\\Desktop\\recoveryassist new\\app.py', reloading
INFO:werkzeug: * Detected change in 'C:\\Users\\niran\\Desktop\\recoveryassist new\\app.py', reloading
INFO:werkzeug: * Detected change in 'C:\\Users\\niran\\Desktop\\recoveryassist new\\app.py', reloading
INFO:werkzeug: * Detected change in 'C:\\Users\\niran\\Desktop\\recoveryassist new\\app.py', reloading
INFO:werkzeug: * Restarting with watchdog (windowsapi)
INFO:werkzeug: * Restarting with watchdog (windowsapi)
INFO:werkzeug: * Restarting with watchdog (windowsapi)
INFO:werkzeug: * Restarting with watchdog (windowsapi)
WARNING:werkzeug: * Debugger is active!
WARNING:werkzeug: * Debugger is active!
INFO:werkzeug: * Debugger PIN: 723-701-765
INFO:werkzeug: * Debugger PIN: 723-701-765
WARNING:werkzeug: * Debugger is active!
INFO:werkzeug: * Debugger PIN: 723-701-765
WARNING:werkzeug: * Debugger is active!
INFO:werkzeug: * Debugger PIN: 723-701-765
INFO:werkzeug:[31m[1mWARNING: This is a development server. Do not use it in a production deployment. Use a production WSGI server instead.[0m
 * Running on http://127.0.0.1:5000
INFO:werkzeug:[33mPress CTRL+C to quit[0m
INFO:werkzeug: * Restarting with watchdog (windowsapi)
WARNING:werkzeug: * Debugger is active!
INFO:werkzeug: * Debugger PIN: 723-701-765
INFO:werkzeug: * Detected change in 'C:\\Users\\niran\\AppData\\Local\\Programs\\Python\\Python313\\Lib\\urllib\\request.py', reloading
INFO:werkzeug: * Detected change in 'C:\\Users\\niran\\AppData\\Local\\Programs\\Python\\Python313\\Lib\\urllib\\request.py', reloading
INFO:werkzeug: * Detected change in 'C:\\Users\\niran\\AppData\\Local\\Programs\\Python\\Python313\\Lib\\urllib\\request.py', reloading
INFO:werkzeug: * Detected change in 'C:\\Users\\niran\\AppData\\Local\\Programs\\Python\\Python313\\Lib\\urllib\\request.py', reloading
INFO:werkzeug: * Detected change in 'C:\\Users\\niran\\AppData\\Local\\Programs\\Python\\Python313\\Lib\\urllib\\request.py', reloading
INFO:werkzeug: * Restarting with watchdog (windowsapi)
INFO:werkzeug: * Restarting with watchdog (windowsapi)
INFO:werkzeug: * Restarting with watchdog (windowsapi)
INFO:werkzeug: * Restarting with watchdog (windowsapi)
INFO:werkzeug: * Restarting with watchdog (windowsapi)
WARNING:werkzeug: * Debugger is active!
INFO:werkzeug: * Debugger PIN: 723-701-765
INFO:werkzeug: * Debugger PIN: 723-701-765
WARNING:werkzeug: * Debugger is active!
WARNING:werkzeug: * Debugger is active!
INFO:werkzeug: * Debugger PIN: 723-701-765
INFO:werkzeug: * Debugger PIN: 723-701-765
WARNING:werkzeug: * Debugger is active!
INFO:werkzeug: * Debugger PIN: 723-701-765
INFO:werkzeug:[31m[1mWARNING: This is a development server. Do not use it in a production deployment. Use a production WSGI server instead.[0m
 * Running on http://127.0.0.1:5000
INFO:werkzeug:[33mPress CTRL+C to quit[0m
INFO:werkzeug: * Restarting with watchdog (windowsapi)
WARNING:werkzeug: * Debugger is active!
INFO:werkzeug: * Debugger PIN: 723-701-765
INFO:werkzeug: * Detected change in 'C:\\Users\\niran\\Desktop\\recoveryassist new\\app.py', reloading
INFO:werkzeug: * Detected change in 'C:\\Users\\niran\\Desktop\\recoveryassist new\\app.py', reloading
INFO:werkzeug: * Detected change in 'C:\\Users\\niran\\Desktop\\recoveryassist new\\app.py', reloading
INFO:werkzeug: * Detected change in 'C:\\Users\\niran\\Desktop\\recoveryassist new\\app.py', reloading
INFO:werkzeug: * Detected change in 'C:\\Users\\niran\\Desktop\\recoveryassist new\\app.py', reloading
INFO:werkzeug: * Restarting with watchdog (windowsapi)
INFO:werkzeug: * Restarting with watchdog (windowsapi)
INFO:werkzeug: * Restarting with watchdog (windowsapi)
INFO:werkzeug: * Restarting with watchdog (windowsapi)
INFO:werkzeug: * Restarting with watchdog (windowsapi)
INFO:werkzeug: * Restarting with watchdog (windowsapi)
WARNING:werkzeug: * Debugger is active!
WARNING:werkzeug: * Debugger is active!
INFO:werkzeug: * Debugger PIN: 723-701-765
INFO:werkzeug: * Debugger PIN: 723-701-765
WARNING:werkzeug: * Debugger is active!
INFO:werkzeug: * Debugger PIN: 723-701-765
WARNING:werkzeug: * Debugger is active!
INFO:werkzeug: * Debugger PIN: 723-701-765
WARNING:werkzeug: * Debugger is active!
WARNING:werkzeug: * Debugger is active!
INFO:werkzeug: * Debugger PIN: 723-701-765
INFO:werkzeug: * Debugger PIN: 723-701-765
INFO:werkzeug: * Detected change in 'C:\\Users\\niran\\Desktop\\recoveryassist new\\app.py', reloading
INFO:werkzeug: * Detected change in 'C:\\Users\\niran\\Desktop\\recoveryassist new\\app.py', reloading
INFO:werkzeug: * Detected change in 'C:\\Users\\niran\\Desktop\\recoveryassist new\\app.py', reloading
INFO:werkzeug: * Detected change in 'C:\\Users\\niran\\Desktop\\recoveryassist new\\app.py', reloading
INFO:werkzeug: * Detected change in 'C:\\Users\\niran\\Desktop\\recoveryassist new\\app.py', reloading
INFO:werkzeug: * Detected change in 'C:\\Users\\niran\\Desktop\\recoveryassist new\\app.py', reloading
INFO:werkzeug: * Restarting with watchdog (windowsapi)
INFO:werkzeug: * Restarting with watchdog (windowsapi)
INFO:werkzeug: * Restarting with watchdog (windowsapi)
INFO:werkzeug: * Restarting with watchdog (windowsapi)
INFO:werkzeug: * Restarting with watchdog (windowsapi)
INFO:werkzeug: * Restarting with watchdog (windowsapi)
WARNING:werkzeug: * Debugger is active!
INFO:werkzeug: * Debugger PIN: 723-701-765
WARNING:werkzeug: * Debugger is active!
WARNING:werkzeug: * Debugger is active!
INFO:werkzeug: * Debugger PIN: 723-701-765
INFO:werkzeug: * Debugger PIN: 723-701-765
WARNING:werkzeug: * Debugger is active!
INFO:werkzeug: * Debugger PIN: 723-701-765
WARNING:werkzeug: * Debugger is active!
INFO:werkzeug: * Debugger PIN: 723-701-765
WARNING:werkzeug: * Debugger is active!
INFO:werkzeug: * Debugger PIN: 723-701-765
INFO:werkzeug: * Detected change in 'C:\\Users\\niran\\Desktop\\recoveryassist new\\app.py', reloading
INFO:werkzeug: * Detected change in 'C:\\Users\\niran\\Desktop\\recoveryassist new\\app.py', reloading
INFO:werkzeug: * Detected change in 'C:\\Users\\niran\\Desktop\\recoveryassist new\\app.py', reloading
INFO:werkzeug: * Detected change in 'C:\\Users\\niran\\Desktop\\recoveryassist new\\app.py', reloading
INFO:werkzeug: * Detected change in 'C:\\Users\\niran\\Desktop\\recoveryassist new\\app.py', reloading
INFO:werkzeug: * Detected change in 'C:\\Users\\niran\\Desktop\\recoveryassist new\\app.py', reloading
INFO:werkzeug: * Restarting with watchdog (windowsapi)
INFO:werkzeug: * Restarting with watchdog (windowsapi)
INFO:werkzeug: * Restarting with watchdog (windowsapi)
INFO:werkzeug: * Restarting with watchdog (windowsapi)
INFO:werkzeug: * Restarting with watchdog (windowsapi)
INFO:werkzeug: * Restarting with watchdog (windowsapi)
INFO:werkzeug:[31m[1mWARNING: This is a development server. Do not use it in a production deployment. Use a production WSGI server instead.[0m
 * Running on http://127.0.0.1:5000
INFO:werkzeug:[33mPress CTRL+C to quit[0m
INFO:werkzeug: * Restarting with watchdog (windowsapi)
WARNING:werkzeug: * Debugger is active!
WARNING:werkzeug: * Debugger is active!
INFO:werkzeug: * Debugger PIN: 723-701-765
INFO:werkzeug: * Debugger PIN: 723-701-765
WARNING:werkzeug: * Debugger is active!
INFO:werkzeug: * Debugger PIN: 723-701-765
WARNING:werkzeug: * Debugger is active!
INFO:werkzeug: * Debugger PIN: 723-701-765
WARNING:werkzeug: * Debugger is active!
INFO:werkzeug: * Debugger PIN: 723-701-765
WARNING:werkzeug: * Debugger is active!
INFO:werkzeug: * Debugger PIN: 723-701-765
WARNING:werkzeug: * Debugger is active!
INFO:werkzeug: * Debugger PIN: 723-701-765
INFO:werkzeug:[31m[1mWARNING: This is a development server. Do not use it in a production deployment. Use a production WSGI server instead.[0m
 * Running on http://127.0.0.1:5000
INFO:werkzeug:[33mPress CTRL+C to quit[0m
INFO:werkzeug: * Restarting with watchdog (windowsapi)
WARNING:werkzeug: * Debugger is active!
INFO:werkzeug: * Debugger PIN: 723-701-765
INFO:werkzeug:127.0.0.1 - - [21/Mar/2026 20:28:29] "GET / HTTP/1.1" 200 -
INFO:werkzeug:127.0.0.1 - - [21/Mar/2026 20:28:30] "GET /static/main.css HTTP/1.1" 200 -
INFO:werkzeug:127.0.0.1 - - [21/Mar/2026 20:28:30] "GET /static/script.js HTTP/1.1" 200 -
INFO:werkzeug:127.0.0.1 - - [21/Mar/2026 20:28:32] "GET /login HTTP/1.1" 200 -
INFO:werkzeug:127.0.0.1 - - [21/Mar/2026 20:28:32] "[36mGET /static/main.css HTTP/1.1[0m" 304 -
INFO:werkzeug:127.0.0.1 - - [21/Mar/2026 20:28:34] "[32mPOST /login HTTP/1.1[0m" 302 -
INFO:werkzeug:127.0.0.1 - - [21/Mar/2026 20:28:34] "GET /patient_dashboard HTTP/1.1" 200 -
INFO:werkzeug:127.0.0.1 - - [21/Mar/2026 20:28:34] "[36mGET /static/main.css HTTP/1.1[0m" 304 -
INFO:werkzeug:127.0.0.1 - - [21/Mar/2026 20:28:34] "[36mGET /static/script.js HTTP/1.1[0m" 304 -
INFO:werkzeug:127.0.0.1 - - [21/Mar/2026 20:28:37] "GET /view_case/16 HTTP/1.1" 200 -
INFO:werkzeug:127.0.0.1 - - [21/Mar/2026 20:28:42] "GET /api/messages/16 HTTP/1.1" 200 -
INFO:werkzeug:127.0.0.1 - - [21/Mar/2026 20:28:47] "GET /api/messages/16 HTTP/1.1" 200 -
INFO:werkzeug:127.0.0.1 - - [21/Mar/2026 20:28:52] "GET /api/messages/16 HTTP/1.1" 200 -
INFO:werkzeug:127.0.0.1 - - [21/Mar/2026 20:28:57] "GET /api/messages/16 HTTP/1.1" 200 -
INFO:werkzeug:127.0.0.1 - - [21/Mar/2026 20:29:02] "GET /api/messages/16 HTTP/1.1" 200 -
INFO:werkzeug:127.0.0.1 - - [21/Mar/2026 20:29:07] "GET /api/messages/16 HTTP/1.1" 200 -
INFO:werkzeug:127.0.0.1 - - [21/Mar/2026 20:29:12] "GET /api/messages/16 HTTP/1.1" 200 -
INFO:werkzeug:127.0.0.1 - - [21/Mar/2026 20:29:17] "GET /api/messages/16 HTTP/1.1" 200 -
INFO:werkzeug:127.0.0.1 - - [21/Mar/2026 20:29:22] "GET /api/messages/16 HTTP/1.1" 200 -
INFO:werkzeug:127.0.0.1 - - [21/Mar/2026 20:29:27] "GET /api/messages/16 HTTP/1.1" 200 -
INFO:werkzeug:127.0.0.1 - - [21/Mar/2026 20:29:32] "GET /api/messages/16 HTTP/1.1" 200 -
INFO:werkzeug:127.0.0.1 - - [21/Mar/2026 20:29:37] "GET /api/messages/16 HTTP/1.1" 200 -
INFO:werkzeug:127.0.0.1 - - [21/Mar/2026 20:29:48] "GET /api/messages/16 HTTP/1.1" 200 -
INFO:werkzeug:127.0.0.1 - - [21/Mar/2026 20:30:48] "GET /api/messages/16 HTTP/1.1" 200 -
INFO:werkzeug:127.0.0.1 - - [21/Mar/2026 20:31:48] "GET /api/messages/16 HTTP/1.1" 200 -
INFO:werkzeug:127.0.0.1 - - [21/Mar/2026 20:32:52] "GET /api/messages/16 HTTP/1.1" 200 -
INFO:werkzeug:127.0.0.1 - - [21/Mar/2026 20:33:48] "GET /api/messages/16 HTTP/1.1" 200 -
INFO:werkzeug:127.0.0.1 - - [21/Mar/2026 20:34:48] "GET /api/messages/16 HTTP/1.1" 200 -
INFO:werkzeug:127.0.0.1 - - [21/Mar/2026 20:35:53] "GET /api/messages/16 HTTP/1.1" 200 -
INFO:werkzeug:127.0.0.1 - - [21/Mar/2026 20:37:04] "GET /api/messages/16 HTTP/1.1" 200 -
INFO:werkzeug:127.0.0.1 - - [21/Mar/2026 20:37:48] "GET /api/messages/16 HTTP/1.1" 200 -
INFO:werkzeug:127.0.0.1 - - [21/Mar/2026 20:38:48] "GET /api/messages/16 HTTP/1.1" 200 -
INFO:werkzeug:127.0.0.1 - - [21/Mar/2026 20:39:48] "GET /api/messages/16 HTTP/1.1" 200 -
INFO:werkzeug:127.0.0.1 - - [21/Mar/2026 20:40:48] "GET /api/messages/16 HTTP/1.1" 200 -
INFO:werkzeug:127.0.0.1 - - [21/Mar/2026 20:41:48] "GET /api/messages/16 HTTP/1.1" 200 -
INFO:werkzeug:127.0.0.1 - - [21/Mar/2026 20:42:48] "GET /api/messages/16 HTTP/1.1" 200 -
INFO:werkzeug:127.0.0.1 - - [21/Mar/2026 20:43:48] "GET /api/messages/16 HTTP/1.1" 200 -
INFO:werkzeug:127.0.0.1 - - [21/Mar/2026 20:44:48] "GET /api/messages/16 HTTP/1.1" 200 -
INFO:werkzeug: * Detected change in 'C:\\Users\\niran\\Desktop\\recoveryassist new\\check_row_16_len.py', reloading
INFO:werkzeug: * Restarting with watchdog (windowsapi)
WARNING:werkzeug: * Debugger is active!
INFO:werkzeug: * Debugger PIN: 723-701-765
INFO:werkzeug:[31m[1mWARNING: This is a development server. Do not use it in a production deployment. Use a production WSGI server instead.[0m
 * Running on http://127.0.0.1:5000
INFO:werkzeug:[33mPress CTRL+C to quit[0m
INFO:werkzeug: * Restarting with watchdog (windowsapi)
WARNING:werkzeug: * Debugger is active!
INFO:werkzeug: * Debugger PIN: 330-919-327
INFO:werkzeug:[31m[1mWARNING: This is a development server. Do not use it in a production deployment. Use a production WSGI server instead.[0m
 * Running on http://127.0.0.1:5000
INFO:werkzeug:[33mPress CTRL+C to quit[0m
INFO:werkzeug: * Restarting with watchdog (windowsapi)
WARNING:werkzeug: * Debugger is active!
INFO:werkzeug: * Debugger PIN: 330-919-327
INFO:werkzeug:127.0.0.1 - - [21/Mar/2026 21:12:50] "GET / HTTP/1.1" 200 -
INFO:werkzeug:127.0.0.1 - - [21/Mar/2026 21:12:51] "GET /static/script.js HTTP/1.1" 200 -
INFO:werkzeug:127.0.0.1 - - [21/Mar/2026 21:12:51] "GET /static/main.css HTTP/1.1" 200 -
INFO:werkzeug:127.0.0.1 - - [21/Mar/2026 21:12:51] "[33mGET /favicon.ico HTTP/1.1[0m" 404 -
INFO:werkzeug:127.0.0.1 - - [21/Mar/2026 21:12:56] "GET /login HTTP/1.1" 200 -
INFO:werkzeug:127.0.0.1 - - [21/Mar/2026 21:12:56] "[36mGET /static/main.css HTTP/1.1[0m" 304 -
INFO:werkzeug:127.0.0.1 - - [21/Mar/2026 21:12:57] "[32mPOST /login HTTP/1.1[0m" 302 -
INFO:werkzeug:127.0.0.1 - - [21/Mar/2026 21:12:57] "GET /patient_dashboard HTTP/1.1" 200 -
INFO:werkzeug:127.0.0.1 - - [21/Mar/2026 21:12:57] "[36mGET /static/script.js HTTP/1.1[0m" 304 -
INFO:werkzeug:127.0.0.1 - - [21/Mar/2026 21:12:57] "[36mGET /static/main.css HTTP/1.1[0m" 304 -
INFO:werkzeug:127.0.0.1 - - [21/Mar/2026 21:13:01] "GET /view_case/16 HTTP/1.1" 200 -
INFO:werkzeug:127.0.0.1 - - [21/Mar/2026 21:13:01] "[36mGET /static/main.css HTTP/1.1[0m" 304 -
INFO:werkzeug:127.0.0.1 - - [21/Mar/2026 21:13:06] "GET /api/messages/16 HTTP/1.1" 200 -
INFO:werkzeug:127.0.0.1 - - [21/Mar/2026 21:13:11] "GET /api/messages/16 HTTP/1.1" 200 -
INFO:werkzeug:127.0.0.1 - - [21/Mar/2026 21:13:16] "GET /api/messages/16 HTTP/1.1" 200 -
INFO:werkzeug:127.0.0.1 - - [21/Mar/2026 21:13:21] "GET /api/messages/16 HTTP/1.1" 200 -
INFO:werkzeug:127.0.0.1 - - [21/Mar/2026 21:13:26] "GET /api/messages/16 HTTP/1.1" 200 -
INFO:werkzeug:127.0.0.1 - - [21/Mar/2026 21:13:31] "GET /api/messages/16 HTTP/1.1" 200 -
INFO:werkzeug:127.0.0.1 - - [21/Mar/2026 21:13:36] "GET /api/messages/16 HTTP/1.1" 200 -
INFO:werkzeug:127.0.0.1 - - [21/Mar/2026 21:13:41] "GET /api/messages/16 HTTP/1.1" 200 -
INFO:werkzeug:127.0.0.1 - - [21/Mar/2026 21:13:46] "GET /api/messages/16 HTTP/1.1" 200 -
INFO:werkzeug:127.0.0.1 - - [21/Mar/2026 21:13:51] "GET /api/messages/16 HTTP/1.1" 200 -
INFO:werkzeug:127.0.0.1 - - [21/Mar/2026 21:13:56] "GET /api/messages/16 HTTP/1.1" 200 -
INFO:werkzeug:127.0.0.1 - - [21/Mar/2026 21:14:01] "GET /api/messages/16 HTTP/1.1" 200 -
INFO:werkzeug:127.0.0.1 - - [21/Mar/2026 21:14:06] "GET /api/messages/16 HTTP/1.1" 200 -
INFO:werkzeug:127.0.0.1 - - [21/Mar/2026 21:14:11] "GET /api/messages/16 HTTP/1.1" 200 -
INFO:werkzeug:127.0.0.1 - - [21/Mar/2026 21:14:16] "GET /api/messages/16 HTTP/1.1" 200 -
INFO:werkzeug:127.0.0.1 - - [21/Mar/2026 21:14:21] "GET /api/messages/16 HTTP/1.1" 200 -
INFO:werkzeug:127.0.0.1 - - [21/Mar/2026 21:14:26] "GET /api/messages/16 HTTP/1.1" 200 -
INFO:werkzeug:127.0.0.1 - - [21/Mar/2026 21:14:31] "GET /api/messages/16 HTTP/1.1" 200 -
INFO:werkzeug:127.0.0.1 - - [21/Mar/2026 21:14:36] "GET /api/messages/16 HTTP/1.1" 200 -
INFO:werkzeug:127.0.0.1 - - [21/Mar/2026 21:14:41] "GET /api/messages/16 HTTP/1.1" 200 -
INFO:werkzeug:127.0.0.1 - - [21/Mar/2026 21:14:46] "GET /api/messages/16 HTTP/1.1" 200 -
INFO:werkzeug:127.0.0.1 - - [21/Mar/2026 21:14:51] "GET /api/messages/16 HTTP/1.1" 200 -
INFO:werkzeug:127.0.0.1 - - [21/Mar/2026 21:14:56] "GET /api/messages/16 HTTP/1.1" 200 -
INFO:werkzeug:127.0.0.1 - - [21/Mar/2026 21:15:01] "GET /api/messages/16 HTTP/1.1" 200 -
INFO:werkzeug:127.0.0.1 - - [21/Mar/2026 21:15:06] "GET /api/messages/16 HTTP/1.1" 200 -
INFO:werkzeug:127.0.0.1 - - [21/Mar/2026 21:15:11] "GET /api/messages/16 HTTP/1.1" 200 -
INFO:werkzeug:127.0.0.1 - - [21/Mar/2026 21:15:16] "GET /api/messages/16 HTTP/1.1" 200 -
INFO:werkzeug:127.0.0.1 - - [21/Mar/2026 21:15:21] "GET /api/messages/16 HTTP/1.1" 200 -
INFO:werkzeug:127.0.0.1 - - [21/Mar/2026 21:15:26] "GET /api/messages/16 HTTP/1.1" 200 -
INFO:werkzeug:127.0.0.1 - - [21/Mar/2026 21:15:31] "GET /api/messages/16 HTTP/1.1" 200 -
INFO:werkzeug:127.0.0.1 - - [21/Mar/2026 21:15:36] "GET /api/messages/16 HTTP/1.1" 200 -
INFO:werkzeug:127.0.0.1 - - [21/Mar/2026 21:15:41] "GET /api/messages/16 HTTP/1.1" 200 -
INFO:werkzeug:127.0.0.1 - - [21/Mar/2026 21:15:46] "GET /api/messages/16 HTTP/1.1" 200 -
INFO:werkzeug:127.0.0.1 - - [21/Mar/2026 21:15:51] "GET /api/messages/16 HTTP/1.1" 200 -
INFO:werkzeug:127.0.0.1 - - [21/Mar/2026 21:15:56] "GET /api/messages/16 HTTP/1.1" 200 -
INFO:werkzeug:127.0.0.1 - - [21/Mar/2026 21:16:01] "GET /api/messages/16 HTTP/1.1" 200 -
INFO:werkzeug:127.0.0.1 - - [21/Mar/2026 21:16:06] "GET /api/messages/16 HTTP/1.1" 200 -
INFO:werkzeug:127.0.0.1 - - [21/Mar/2026 21:16:11] "GET /api/messages/16 HTTP/1.1" 200 -
INFO:werkzeug:127.0.0.1 - - [21/Mar/2026 21:16:16] "GET /api/messages/16 HTTP/1.1" 200 -
INFO:werkzeug:127.0.0.1 - - [21/Mar/2026 21:16:21] "GET /api/messages/16 HTTP/1.1" 200 -
INFO:werkzeug:127.0.0.1 - - [21/Mar/2026 21:16:26] "GET /api/messages/16 HTTP/1.1" 200 -
INFO:werkzeug:127.0.0.1 - - [21/Mar/2026 21:16:31] "GET /api/messages/16 HTTP/1.1" 200 -
INFO:werkzeug:127.0.0.1 - - [21/Mar/2026 21:16:36] "GET /api/messages/16 HTTP/1.1" 200 -
INFO:werkzeug:127.0.0.1 - - [21/Mar/2026 21:16:41] "GET /api/messages/16 HTTP/1.1" 200 -
INFO:werkzeug:127.0.0.1 - - [21/Mar/2026 21:16:46] "GET /api/messages/16 HTTP/1.1" 200 -
INFO:werkzeug:127.0.0.1 - - [21/Mar/2026 21:16:51] "GET /api/messages/16 HTTP/1.1" 200 -
INFO:werkzeug:127.0.0.1 - - [21/Mar/2026 21:16:56] "GET /api/messages/16 HTTP/1.1" 200 -
INFO:werkzeug:127.0.0.1 - - [21/Mar/2026 21:17:01] "GET /api/messages/16 HTTP/1.1" 200 -
INFO:werkzeug:127.0.0.1 - - [21/Mar/2026 21:17:06] "GET /api/messages/16 HTTP/1.1" 200 -
INFO:werkzeug:127.0.0.1 - - [21/Mar/2026 21:17:11] "GET /api/messages/16 HTTP/1.1" 200 -
INFO:werkzeug:127.0.0.1 - - [21/Mar/2026 21:17:16] "GET /api/messages/16 HTTP/1.1" 200 -
INFO:werkzeug:127.0.0.1 - - [21/Mar/2026 21:17:21] "GET /api/messages/16 HTTP/1.1" 200 -
INFO:werkzeug:127.0.0.1 - - [21/Mar/2026 21:17:26] "GET /api/messages/16 HTTP/1.1" 200 -
INFO:werkzeug:127.0.0.1 - - [21/Mar/2026 21:17:31] "GET /api/messages/16 HTTP/1.1" 200 -
INFO:werkzeug:127.0.0.1 - - [21/Mar/2026 21:17:36] "GET /api/messages/16 HTTP/1.1" 200 -
INFO:werkzeug:127.0.0.1 - - [21/Mar/2026 21:17:41] "GET /api/messages/16 HTTP/1.1" 200 -
INFO:werkzeug:127.0.0.1 - - [21/Mar/2026 21:17:46] "GET /api/messages/16 HTTP/1.1" 200 -
INFO:werkzeug:127.0.0.1 - - [21/Mar/2026 21:17:51] "GET /api/messages/16 HTTP/1.1" 200 -
INFO:werkzeug:127.0.0.1 - - [21/Mar/2026 21:17:56] "GET /api/messages/16 HTTP/1.1" 200 -
INFO:werkzeug:127.0.0.1 - - [21/Mar/2026 21:18:01] "GET /api/messages/16 HTTP/1.1" 200 -
INFO:werkzeug:127.0.0.1 - - [21/Mar/2026 21:18:06] "GET /api/messages/16 HTTP/1.1" 200 -
INFO:werkzeug:127.0.0.1 - - [21/Mar/2026 21:18:11] "GET /api/messages/16 HTTP/1.1" 200 -
INFO:werkzeug:127.0.0.1 - - [21/Mar/2026 21:18:16] "GET /api/messages/16 HTTP/1.1" 200 -
INFO:werkzeug:127.0.0.1 - - [21/Mar/2026 21:18:21] "GET /api/messages/16 HTTP/1.1" 200 -
INFO:werkzeug:127.0.0.1 - - [21/Mar/2026 21:18:26] "GET /api/messages/16 HTTP/1.1" 200 -
INFO:werkzeug:127.0.0.1 - - [21/Mar/2026 21:18:31] "GET /api/messages/16 HTTP/1.1" 200 -
INFO:werkzeug:127.0.0.1 - - [21/Mar/2026 21:18:36] "GET /api/messages/16 HTTP/1.1" 200 -
INFO:werkzeug:127.0.0.1 - - [21/Mar/2026 21:18:41] "GET /api/messages/16 HTTP/1.1" 200 -
INFO:werkzeug:127.0.0.1 - - [21/Mar/2026 21:18:46] "GET /api/messages/16 HTTP/1.1" 200 -
INFO:werkzeug:127.0.0.1 - - [21/Mar/2026 21:18:51] "GET /api/messages/16 HTTP/1.1" 200 -
INFO:werkzeug:127.0.0.1 - - [21/Mar/2026 21:18:56] "GET /api/messages/16 HTTP/1.1" 200 -
INFO:werkzeug:127.0.0.1 - - [21/Mar/2026 21:19:01] "GET /api/messages/16 HTTP/1.1" 200 -
INFO:werkzeug:127.0.0.1 - - [21/Mar/2026 21:19:06] "GET /api/messages/16 HTTP/1.1" 200 -
INFO:werkzeug:127.0.0.1 - - [21/Mar/2026 21:19:11] "GET /api/messages/16 HTTP/1.1" 200 -
INFO:werkzeug:127.0.0.1 - - [21/Mar/2026 21:19:16] "GET /api/messages/16 HTTP/1.1" 200 -
INFO:werkzeug:127.0.0.1 - - [21/Mar/2026 21:19:21] "GET /api/messages/16 HTTP/1.1" 200 -
INFO:werkzeug:127.0.0.1 - - [21/Mar/2026 21:19:26] "GET /api/messages/16 HTTP/1.1" 200 -
INFO:werkzeug:127.0.0.1 - - [21/Mar/2026 21:19:31] "GET /api/messages/16 HTTP/1.1" 200 -
INFO:werkzeug:127.0.0.1 - - [21/Mar/2026 21:19:36] "GET /api/messages/16 HTTP/1.1" 200 -
INFO:werkzeug:127.0.0.1 - - [21/Mar/2026 21:19:41] "GET /api/messages/16 HTTP/1.1" 200 -
INFO:werkzeug:127.0.0.1 - - [21/Mar/2026 21:19:46] "GET /api/messages/16 HTTP/1.1" 200 -
INFO:werkzeug:127.0.0.1 - - [21/Mar/2026 21:19:51] "GET /api/messages/16 HTTP/1.1" 200 -
INFO:werkzeug:127.0.0.1 - - [21/Mar/2026 21:19:56] "GET /api/messages/16 HTTP/1.1" 200 -
INFO:werkzeug:127.0.0.1 - - [21/Mar/2026 21:20:01] "GET /api/messages/16 HTTP/1.1" 200 -
INFO:werkzeug:127.0.0.1 - - [21/Mar/2026 21:20:06] "GET /api/messages/16 HTTP/1.1" 200 -
INFO:werkzeug:127.0.0.1 - - [21/Mar/2026 21:20:11] "GET /api/messages/16 HTTP/1.1" 200 -
INFO:werkzeug:127.0.0.1 - - [21/Mar/2026 21:20:16] "GET /api/messages/16 HTTP/1.1" 200 -
INFO:werkzeug:127.0.0.1 - - [21/Mar/2026 21:20:21] "GET /api/messages/16 HTTP/1.1" 200 -
INFO:werkzeug:127.0.0.1 - - [21/Mar/2026 21:20:26] "GET /api/messages/16 HTTP/1.1" 200 -
INFO:werkzeug:127.0.0.1 - - [21/Mar/2026 21:20:31] "GET /api/messages/16 HTTP/1.1" 200 -
INFO:werkzeug:127.0.0.1 - - [21/Mar/2026 21:20:36] "GET /api/messages/16 HTTP/1.1" 200 -
INFO:werkzeug:127.0.0.1 - - [21/Mar/2026 21:20:41] "GET /api/messages/16 HTTP/1.1" 200 -
INFO:werkzeug:127.0.0.1 - - [21/Mar/2026 21:20:46] "GET /api/messages/16 HTTP/1.1" 200 -
INFO:werkzeug:127.0.0.1 - - [21/Mar/2026 21:20:51] "GET /api/messages/16 HTTP/1.1" 200 -
INFO:werkzeug:127.0.0.1 - - [21/Mar/2026 21:20:56] "GET /api/messages/16 HTTP/1.1" 200 -
INFO:werkzeug:127.0.0.1 - - [21/Mar/2026 21:21:01] "GET /api/messages/16 HTTP/1.1" 200 -
INFO:werkzeug:127.0.0.1 - - [21/Mar/2026 21:21:06] "GET /api/messages/16 HTTP/1.1" 200 -
INFO:werkzeug:127.0.0.1 - - [21/Mar/2026 21:21:11] "GET /api/messages/16 HTTP/1.1" 200 -
INFO:werkzeug:127.0.0.1 - - [21/Mar/2026 21:21:16] "GET /api/messages/16 HTTP/1.1" 200 -
INFO:werkzeug:127.0.0.1 - - [21/Mar/2026 21:21:21] "GET /api/messages/16 HTTP/1.1" 200 -
INFO:werkzeug: * Detected change in 'C:\\Users\\niran\\Desktop\\recoveryassist new\\models.py', reloading
INFO:werkzeug: * Restarting with watchdog (windowsapi)
WARNING:werkzeug: * Debugger is active!
INFO:werkzeug: * Debugger PIN: 330-919-327
INFO:werkzeug:127.0.0.1 - - [21/Mar/2026 21:21:31] "GET /api/messages/16 HTTP/1.1" 200 -
INFO:werkzeug:127.0.0.1 - - [21/Mar/2026 21:21:31] "GET /api/messages/16 HTTP/1.1" 200 -
INFO:werkzeug:127.0.0.1 - - [21/Mar/2026 21:21:36] "GET /api/messages/16 HTTP/1.1" 200 -
INFO:werkzeug:127.0.0.1 - - [21/Mar/2026 21:21:41] "GET /api/messages/16 HTTP/1.1" 200 -
INFO:werkzeug:127.0.0.1 - - [21/Mar/2026 21:21:46] "GET /api/messages/16 HTTP/1.1" 200 -
INFO:werkzeug:127.0.0.1 - - [21/Mar/2026 21:21:51] "GET /api/messages/16 HTTP/1.1" 200 -
INFO:werkzeug:127.0.0.1 - - [21/Mar/2026 21:21:56] "GET /api/messages/16 HTTP/1.1" 200 -
INFO:werkzeug:127.0.0.1 - - [21/Mar/2026 21:22:01] "GET /api/messages/16 HTTP/1.1" 200 -
INFO:werkzeug:127.0.0.1 - - [21/Mar/2026 21:22:06] "GET /api/messages/16 HTTP/1.1" 200 -
INFO:werkzeug:127.0.0.1 - - [21/Mar/2026 21:22:11] "GET /api/messages/16 HTTP/1.1" 200 -
INFO:werkzeug:127.0.0.1 - - [21/Mar/2026 21:22:16] "GET /api/messages/16 HTTP/1.1" 200 -
INFO:werkzeug:127.0.0.1 - - [21/Mar/2026 21:22:21] "GET /api/messages/16 HTTP/1.1" 200 -
INFO:werkzeug:127.0.0.1 - - [21/Mar/2026 21:22:26] "GET /api/messages/16 HTTP/1.1" 200 -
INFO:werkzeug:127.0.0.1 - - [21/Mar/2026 21:22:31] "GET /api/messages/16 HTTP/1.1" 200 -
INFO:werkzeug:127.0.0.1 - - [21/Mar/2026 21:22:36] "GET /api/messages/16 HTTP/1.1" 200 -
INFO:werkzeug:127.0.0.1 - - [21/Mar/2026 21:22:41] "GET /api/messages/16 HTTP/1.1" 200 -
INFO:werkzeug:127.0.0.1 - - [21/Mar/2026 21:22:46] "GET /api/messages/16 HTTP/1.1" 200 -
INFO:werkzeug:127.0.0.1 - - [21/Mar/2026 21:22:51] "GET /api/messages/16 HTTP/1.1" 200 -
INFO:werkzeug:127.0.0.1 - - [21/Mar/2026 21:22:56] "GET /api/messages/16 HTTP/1.1" 200 -
INFO:werkzeug:127.0.0.1 - - [21/Mar/2026 21:23:01] "GET /api/messages/16 HTTP/1.1" 200 -
INFO:werkzeug:127.0.0.1 - - [21/Mar/2026 21:23:06] "GET /api/messages/16 HTTP/1.1" 200 -
INFO:werkzeug:127.0.0.1 - - [21/Mar/2026 21:23:11] "GET /api/messages/16 HTTP/1.1" 200 -
INFO:werkzeug:[31m[1mWARNING: This is a development server. Do not use it in a production deployment. Use a production WSGI server instead.[0m
 * Running on http://127.0.0.1:5000
INFO:werkzeug:[33mPress CTRL+C to quit[0m
INFO:werkzeug: * Restarting with watchdog (windowsapi)
WARNING:werkzeug: * Debugger is active!
INFO:werkzeug: * Debugger PIN: 330-919-327
INFO:werkzeug:127.0.0.1 - - [21/Mar/2026 21:23:16] "GET /api/messages/16 HTTP/1.1" 200 -
INFO:werkzeug:127.0.0.1 - - [21/Mar/2026 21:23:21] "GET /api/messages/16 HTTP/1.1" 200 -
INFO:werkzeug:127.0.0.1 - - [21/Mar/2026 21:23:26] "GET /api/messages/16 HTTP/1.1" 200 -
INFO:werkzeug:127.0.0.1 - - [21/Mar/2026 21:23:31] "GET /api/messages/16 HTTP/1.1" 200 -
INFO:werkzeug:127.0.0.1 - - [21/Mar/2026 21:23:36] "GET /api/messages/16 HTTP/1.1" 200 -
INFO:werkzeug:127.0.0.1 - - [21/Mar/2026 21:23:41] "GET /api/messages/16 HTTP/1.1" 200 -
INFO:werkzeug:127.0.0.1 - - [21/Mar/2026 21:23:46] "GET /api/messages/16 HTTP/1.1" 200 -
INFO:werkzeug:127.0.0.1 - - [21/Mar/2026 21:23:50] "[32mGET /view_case/16 HTTP/1.1[0m" 302 -
INFO:werkzeug:127.0.0.1 - - [21/Mar/2026 21:23:50] "GET /login HTTP/1.1" 200 -
INFO:werkzeug:127.0.0.1 - - [21/Mar/2026 21:23:50] "GET /static/main.css HTTP/1.1" 200 -
INFO:werkzeug:127.0.0.1 - - [21/Mar/2026 21:23:52] "[32mPOST /login HTTP/1.1[0m" 302 -
INFO:werkzeug:127.0.0.1 - - [21/Mar/2026 21:23:52] "GET /patient_dashboard HTTP/1.1" 200 -
INFO:werkzeug:127.0.0.1 - - [21/Mar/2026 21:23:52] "[36mGET /static/main.css HTTP/1.1[0m" 304 -
INFO:werkzeug:127.0.0.1 - - [21/Mar/2026 21:23:52] "[36mGET /static/script.js HTTP/1.1[0m" 304 -
INFO:werkzeug:127.0.0.1 - - [21/Mar/2026 21:23:56] "GET /view_case/16 HTTP/1.1" 200 -
INFO:werkzeug:127.0.0.1 - - [21/Mar/2026 21:23:56] "[36mGET /static/main.css HTTP/1.1[0m" 304 -
INFO:werkzeug:127.0.0.1 - - [21/Mar/2026 21:24:01] "GET /api/messages/16 HTTP/1.1" 200 -
INFO:werkzeug:127.0.0.1 - - [21/Mar/2026 21:24:06] "GET /api/messages/16 HTTP/1.1" 200 -
INFO:werkzeug:127.0.0.1 - - [21/Mar/2026 21:24:11] "GET /api/messages/16 HTTP/1.1" 200 -
INFO:werkzeug:127.0.0.1 - - [21/Mar/2026 21:24:16] "GET /api/messages/16 HTTP/1.1" 200 -
INFO:werkzeug:127.0.0.1 - - [21/Mar/2026 21:24:21] "GET /api/messages/16 HTTP/1.1" 200 -
INFO:werkzeug:127.0.0.1 - - [21/Mar/2026 21:24:26] "GET /api/messages/16 HTTP/1.1" 200 -
INFO:werkzeug:127.0.0.1 - - [21/Mar/2026 21:24:31] "GET /api/messages/16 HTTP/1.1" 200 -
INFO:werkzeug:127.0.0.1 - - [21/Mar/2026 21:24:36] "GET /api/messages/16 HTTP/1.1" 200 -
INFO:werkzeug:127.0.0.1 - - [21/Mar/2026 21:24:41] "GET /api/messages/16 HTTP/1.1" 200 -
INFO:werkzeug:127.0.0.1 - - [21/Mar/2026 21:24:46] "GET /api/messages/16 HTTP/1.1" 200 -
INFO:werkzeug:127.0.0.1 - - [21/Mar/2026 21:24:51] "GET /api/messages/16 HTTP/1.1" 200 -
INFO:werkzeug:127.0.0.1 - - [21/Mar/2026 21:24:56] "GET /api/messages/16 HTTP/1.1" 200 -
INFO:werkzeug:127.0.0.1 - - [21/Mar/2026 21:25:01] "GET /api/messages/16 HTTP/1.1" 200 -
INFO:werkzeug:127.0.0.1 - - [21/Mar/2026 21:25:06] "GET /api/messages/16 HTTP/1.1" 200 -
INFO:werkzeug:127.0.0.1 - - [21/Mar/2026 21:25:11] "GET /api/messages/16 HTTP/1.1" 200 -
INFO:werkzeug:127.0.0.1 - - [21/Mar/2026 21:25:16] "GET /api/messages/16 HTTP/1.1" 200 -
INFO:werkzeug:127.0.0.1 - - [21/Mar/2026 21:25:21] "GET /api/messages/16 HTTP/1.1" 200 -
INFO:werkzeug:127.0.0.1 - - [21/Mar/2026 21:25:26] "GET /api/messages/16 HTTP/1.1" 200 -
INFO:werkzeug:127.0.0.1 - - [21/Mar/2026 21:25:31] "GET /api/messages/16 HTTP/1.1" 200 -
INFO:werkzeug:127.0.0.1 - - [21/Mar/2026 21:25:36] "GET /api/messages/16 HTTP/1.1" 200 -
INFO:werkzeug:127.0.0.1 - - [21/Mar/2026 21:25:42] "GET /view_case/15 HTTP/1.1" 200 -
INFO:werkzeug:127.0.0.1 - - [21/Mar/2026 21:25:42] "[36mGET /static/main.css HTTP/1.1[0m" 304 -
INFO:werkzeug:127.0.0.1 - - [21/Mar/2026 21:25:47] "GET /api/messages/15 HTTP/1.1" 200 -
INFO:werkzeug:127.0.0.1 - - [21/Mar/2026 21:25:52] "GET /api/messages/15 HTTP/1.1" 200 -
INFO:werkzeug:127.0.0.1 - - [21/Mar/2026 21:25:57] "GET /api/messages/15 HTTP/1.1" 200 -
INFO:werkzeug:127.0.0.1 - - [21/Mar/2026 21:26:02] "GET /api/messages/15 HTTP/1.1" 200 -
INFO:werkzeug:127.0.0.1 - - [21/Mar/2026 21:26:05] "GET /view_case/16 HTTP/1.1" 200 -
INFO:werkzeug:127.0.0.1 - - [21/Mar/2026 21:26:05] "[36mGET /static/main.css HTTP/1.1[0m" 304 -
INFO:werkzeug:127.0.0.1 - - [21/Mar/2026 21:26:10] "GET /api/messages/16 HTTP/1.1" 200 -
INFO:werkzeug:127.0.0.1 - - [21/Mar/2026 21:26:15] "GET /api/messages/16 HTTP/1.1" 200 -
INFO:werkzeug:127.0.0.1 - - [21/Mar/2026 21:26:23] "GET /view_case/16 HTTP/1.1" 200 -
INFO:werkzeug:127.0.0.1 - - [21/Mar/2026 21:26:23] "[36mGET /static/main.css HTTP/1.1[0m" 304 -
INFO:werkzeug:127.0.0.1 - - [21/Mar/2026 21:26:28] "GET /api/messages/16 HTTP/1.1" 200 -
INFO:werkzeug:127.0.0.1 - - [21/Mar/2026 21:26:33] "GET /api/messages/16 HTTP/1.1" 200 -
INFO:werkzeug:127.0.0.1 - - [21/Mar/2026 21:26:38] "GET /api/messages/16 HTTP/1.1" 200 -
INFO:werkzeug:127.0.0.1 - - [21/Mar/2026 21:26:43] "GET /api/messages/16 HTTP/1.1" 200 -
INFO:werkzeug:127.0.0.1 - - [21/Mar/2026 21:26:48] "GET /api/messages/16 HTTP/1.1" 200 -
INFO:werkzeug:127.0.0.1 - - [21/Mar/2026 21:26:53] "GET /api/messages/16 HTTP/1.1" 200 -
INFO:werkzeug:127.0.0.1 - - [21/Mar/2026 21:26:58] "GET /api/messages/16 HTTP/1.1" 200 -
INFO:werkzeug:127.0.0.1 - - [21/Mar/2026 21:27:03] "GET /api/messages/16 HTTP/1.1" 200 -
INFO:werkzeug:127.0.0.1 - - [21/Mar/2026 21:27:08] "GET /api/messages/16 HTTP/1.1" 200 -
INFO:werkzeug:127.0.0.1 - - [21/Mar/2026 21:27:13] "GET /api/messages/16 HTTP/1.1" 200 -
INFO:werkzeug:127.0.0.1 - - [21/Mar/2026 21:27:18] "GET /api/messages/16 HTTP/1.1" 200 -
INFO:werkzeug:127.0.0.1 - - [21/Mar/2026 21:27:23] "GET /api/messages/16 HTTP/1.1" 200 -
INFO:werkzeug:127.0.0.1 - - [21/Mar/2026 21:27:28] "GET /api/messages/16 HTTP/1.1" 200 -
INFO:werkzeug:127.0.0.1 - - [21/Mar/2026 21:27:33] "GET /api/messages/16 HTTP/1.1" 200 -
INFO:werkzeug:127.0.0.1 - - [21/Mar/2026 21:27:38] "GET /api/messages/16 HTTP/1.1" 200 -
INFO:werkzeug:127.0.0.1 - - [21/Mar/2026 21:27:43] "GET /api/messages/16 HTTP/1.1" 200 -
INFO:werkzeug:127.0.0.1 - - [21/Mar/2026 21:27:48] "GET /api/messages/16 HTTP/1.1" 200 -
INFO:werkzeug:127.0.0.1 - - [21/Mar/2026 21:27:53] "GET /api/messages/16 HTTP/1.1" 200 -
INFO:werkzeug:127.0.0.1 - - [21/Mar/2026 21:27:58] "GET /api/messages/16 HTTP/1.1" 200 -
INFO:werkzeug:127.0.0.1 - - [21/Mar/2026 21:28:03] "GET /api/messages/16 HTTP/1.1" 200 -
INFO:werkzeug:127.0.0.1 - - [21/Mar/2026 21:28:08] "GET /api/messages/16 HTTP/1.1" 200 -
INFO:werkzeug:127.0.0.1 - - [21/Mar/2026 21:28:13] "GET /api/messages/16 HTTP/1.1" 200 -
INFO:werkzeug:127.0.0.1 - - [21/Mar/2026 21:28:18] "GET /api/messages/16 HTTP/1.1" 200 -
INFO:werkzeug:127.0.0.1 - - [21/Mar/2026 21:28:23] "GET /api/messages/16 HTTP/1.1" 200 -
INFO:werkzeug:127.0.0.1 - - [21/Mar/2026 21:28:28] "GET /api/messages/16 HTTP/1.1" 200 -
INFO:werkzeug:127.0.0.1 - - [21/Mar/2026 21:28:33] "GET /api/messages/16 HTTP/1.1" 200 -
INFO:werkzeug:127.0.0.1 - - [21/Mar/2026 21:28:38] "GET /api/messages/16 HTTP/1.1" 200 -
INFO:werkzeug:127.0.0.1 - - [21/Mar/2026 21:28:43] "GET /api/messages/16 HTTP/1.1" 200 -
INFO:werkzeug:127.0.0.1 - - [21/Mar/2026 21:28:48] "GET /api/messages/16 HTTP/1.1" 200 -
INFO:werkzeug:127.0.0.1 - - [21/Mar/2026 21:28:53] "GET /api/messages/16 HTTP/1.1" 200 -
INFO:werkzeug:127.0.0.1 - - [21/Mar/2026 21:28:58] "GET /api/messages/16 HTTP/1.1" 200 -
INFO:werkzeug:127.0.0.1 - - [21/Mar/2026 21:29:03] "GET /api/messages/16 HTTP/1.1" 200 -
INFO:werkzeug:127.0.0.1 - - [21/Mar/2026 21:29:08] "GET /api/messages/16 HTTP/1.1" 200 -
INFO:werkzeug:127.0.0.1 - - [21/Mar/2026 21:29:13] "GET /api/messages/16 HTTP/1.1" 200 -
INFO:werkzeug:127.0.0.1 - - [21/Mar/2026 21:29:18] "GET /api/messages/16 HTTP/1.1" 200 -
INFO:werkzeug:127.0.0.1 - - [21/Mar/2026 21:29:23] "GET /api/messages/16 HTTP/1.1" 200 -
INFO:werkzeug:127.0.0.1 - - [21/Mar/2026 21:29:28] "GET /api/messages/16 HTTP/1.1" 200 -
INFO:werkzeug:127.0.0.1 - - [21/Mar/2026 21:29:33] "GET /api/messages/16 HTTP/1.1" 200 -
INFO:werkzeug:127.0.0.1 - - [21/Mar/2026 21:29:38] "GET /api/messages/16 HTTP/1.1" 200 -
INFO:werkzeug:127.0.0.1 - - [21/Mar/2026 21:29:43] "GET /api/messages/16 HTTP/1.1" 200 -
INFO:werkzeug:127.0.0.1 - - [21/Mar/2026 21:29:48] "GET /api/messages/16 HTTP/1.1" 200 -
INFO:werkzeug:127.0.0.1 - - [21/Mar/2026 21:29:53] "GET /api/messages/16 HTTP/1.1" 200 -
INFO:werkzeug:127.0.0.1 - - [21/Mar/2026 21:29:58] "GET /api/messages/16 HTTP/1.1" 200 -
INFO:werkzeug:127.0.0.1 - - [21/Mar/2026 21:30:03] "GET /api/messages/16 HTTP/1.1" 200 -
INFO:werkzeug:127.0.0.1 - - [21/Mar/2026 21:30:08] "GET /api/messages/16 HTTP/1.1" 200 -
INFO:werkzeug:127.0.0.1 - - [21/Mar/2026 21:30:13] "GET /api/messages/16 HTTP/1.1" 200 -
INFO:werkzeug:127.0.0.1 - - [21/Mar/2026 21:30:18] "GET /api/messages/16 HTTP/1.1" 200 -
INFO:werkzeug:127.0.0.1 - - [21/Mar/2026 21:30:23] "GET /api/messages/16 HTTP/1.1" 200 -
INFO:werkzeug:127.0.0.1 - - [21/Mar/2026 21:30:28] "GET /api/messages/16 HTTP/1.1" 200 -
INFO:werkzeug:127.0.0.1 - - [21/Mar/2026 21:30:33] "GET /api/messages/16 HTTP/1.1" 200 -
INFO:werkzeug:127.0.0.1 - - [21/Mar/2026 21:30:38] "GET /api/messages/16 HTTP/1.1" 200 -
INFO:werkzeug:127.0.0.1 - - [21/Mar/2026 21:30:43] "GET /api/messages/16 HTTP/1.1" 200 -
INFO:werkzeug:127.0.0.1 - - [21/Mar/2026 21:30:48] "GET /api/messages/16 HTTP/1.1" 200 -
INFO:werkzeug:127.0.0.1 - - [21/Mar/2026 21:30:53] "GET /api/messages/16 HTTP/1.1" 200 -
INFO:werkzeug:127.0.0.1 - - [21/Mar/2026 21:30:58] "GET /api/messages/16 HTTP/1.1" 200 -
INFO:werkzeug:127.0.0.1 - - [21/Mar/2026 21:31:03] "GET /api/messages/16 HTTP/1.1" 200 -
INFO:werkzeug:127.0.0.1 - - [21/Mar/2026 21:31:08] "GET /api/messages/16 HTTP/1.1" 200 -
INFO:werkzeug:127.0.0.1 - - [21/Mar/2026 21:31:13] "GET /api/messages/16 HTTP/1.1" 200 -
INFO:werkzeug:127.0.0.1 - - [21/Mar/2026 21:31:18] "GET /api/messages/16 HTTP/1.1" 200 -
INFO:werkzeug:127.0.0.1 - - [21/Mar/2026 21:31:23] "GET /api/messages/16 HTTP/1.1" 200 -
INFO:werkzeug:127.0.0.1 - - [21/Mar/2026 21:31:28] "GET /api/messages/16 HTTP/1.1" 200 -
INFO:werkzeug:127.0.0.1 - - [21/Mar/2026 21:31:33] "GET /api/messages/16 HTTP/1.1" 200 -
INFO:werkzeug:127.0.0.1 - - [21/Mar/2026 21:31:38] "GET /api/messages/16 HTTP/1.1" 200 -
INFO:werkzeug:127.0.0.1 - - [21/Mar/2026 21:31:43] "GET /api/messages/16 HTTP/1.1" 200 -
INFO:werkzeug:127.0.0.1 - - [21/Mar/2026 21:31:48] "GET /api/messages/16 HTTP/1.1" 200 -
INFO:werkzeug:127.0.0.1 - - [21/Mar/2026 21:31:53] "GET /api/messages/16 HTTP/1.1" 200 -
INFO:werkzeug:127.0.0.1 - - [21/Mar/2026 21:31:58] "GET /api/messages/16 HTTP/1.1" 200 -
INFO:werkzeug:127.0.0.1 - - [21/Mar/2026 21:32:03] "GET /api/messages/16 HTTP/1.1" 200 -
INFO:werkzeug:127.0.0.1 - - [21/Mar/2026 21:32:08] "GET /api/messages/16 HTTP/1.1" 200 -
INFO:werkzeug:127.0.0.1 - - [21/Mar/2026 21:32:13] "GET /api/messages/16 HTTP/1.1" 200 -
INFO:werkzeug:127.0.0.1 - - [21/Mar/2026 21:32:18] "GET /api/messages/16 HTTP/1.1" 200 -
INFO:werkzeug:127.0.0.1 - - [21/Mar/2026 21:32:23] "GET /api/messages/16 HTTP/1.1" 200 -
INFO:werkzeug:127.0.0.1 - - [21/Mar/2026 21:32:28] "GET /api/messages/16 HTTP/1.1" 200 -
INFO:werkzeug:127.0.0.1 - - [21/Mar/2026 21:32:33] "GET /api/messages/16 HTTP/1.1" 200 -
INFO:werkzeug:127.0.0.1 - - [21/Mar/2026 21:32:38] "GET /api/messages/16 HTTP/1.1" 200 -
INFO:werkzeug:127.0.0.1 - - [21/Mar/2026 21:32:43] "GET /api/messages/16 HTTP/1.1" 200 -
INFO:werkzeug:127.0.0.1 - - [21/Mar/2026 21:32:48] "GET /api/messages/16 HTTP/1.1" 200 -
INFO:werkzeug:127.0.0.1 - - [21/Mar/2026 21:32:53] "GET /api/messages/16 HTTP/1.1" 200 -
INFO:werkzeug:127.0.0.1 - - [21/Mar/2026 21:32:58] "GET /api/messages/16 HTTP/1.1" 200 -
INFO:werkzeug:127.0.0.1 - - [21/Mar/2026 21:33:03] "GET /api/messages/16 HTTP/1.1" 200 -
INFO:werkzeug:127.0.0.1 - - [21/Mar/2026 21:33:08] "GET /api/messages/16 HTTP/1.1" 200 -
INFO:werkzeug:127.0.0.1 - - [21/Mar/2026 21:33:13] "GET /api/messages/16 HTTP/1.1" 200 -
INFO:werkzeug:127.0.0.1 - - [21/Mar/2026 21:33:18] "GET /api/messages/16 HTTP/1.1" 200 -
INFO:werkzeug:127.0.0.1 - - [21/Mar/2026 21:33:23] "GET /api/messages/16 HTTP/1.1" 200 -
INFO:werkzeug:127.0.0.1 - - [21/Mar/2026 21:33:28] "GET /api/messages/16 HTTP/1.1" 200 -
INFO:werkzeug:127.0.0.1 - - [21/Mar/2026 21:33:33] "GET /api/messages/16 HTTP/1.1" 200 -
INFO:werkzeug:127.0.0.1 - - [21/Mar/2026 21:33:38] "GET /api/messages/16 HTTP/1.1" 200 -
INFO:werkzeug:127.0.0.1 - - [21/Mar/2026 21:33:43] "GET /api/messages/16 HTTP/1.1" 200 -
INFO:werkzeug:127.0.0.1 - - [21/Mar/2026 21:33:48] "GET /api/messages/16 HTTP/1.1" 200 -
INFO:werkzeug:127.0.0.1 - - [21/Mar/2026 21:33:53] "GET /api/messages/16 HTTP/1.1" 200 -
INFO:werkzeug:127.0.0.1 - - [21/Mar/2026 21:33:58] "GET /api/messages/16 HTTP/1.1" 200 -
INFO:werkzeug:127.0.0.1 - - [21/Mar/2026 21:34:03] "GET /api/messages/16 HTTP/1.1" 200 -
INFO:werkzeug:127.0.0.1 - - [21/Mar/2026 21:34:08] "GET /api/messages/16 HTTP/1.1" 200 -
INFO:werkzeug:127.0.0.1 - - [21/Mar/2026 21:34:13] "GET /api/messages/16 HTTP/1.1" 200 -
INFO:werkzeug:127.0.0.1 - - [21/Mar/2026 21:34:18] "GET /api/messages/16 HTTP/1.1" 200 -
INFO:werkzeug:127.0.0.1 - - [21/Mar/2026 21:34:23] "GET /api/messages/16 HTTP/1.1" 200 -
INFO:werkzeug:127.0.0.1 - - [21/Mar/2026 21:34:28] "GET /api/messages/16 HTTP/1.1" 200 -
INFO:werkzeug:127.0.0.1 - - [21/Mar/2026 21:34:33] "GET /api/messages/16 HTTP/1.1" 200 -
INFO:werkzeug:127.0.0.1 - - [21/Mar/2026 21:34:38] "GET /api/messages/16 HTTP/1.1" 200 -
INFO:werkzeug:127.0.0.1 - - [21/Mar/2026 21:34:43] "GET /api/messages/16 HTTP/1.1" 200 -
INFO:werkzeug:127.0.0.1 - - [21/Mar/2026 21:34:48] "GET /api/messages/16 HTTP/1.1" 200 -
INFO:werkzeug:127.0.0.1 - - [21/Mar/2026 21:34:53] "GET /api/messages/16 HTTP/1.1" 200 -
INFO:werkzeug:127.0.0.1 - - [21/Mar/2026 21:34:58] "GET /api/messages/16 HTTP/1.1" 200 -
INFO:werkzeug:127.0.0.1 - - [21/Mar/2026 21:35:03] "GET /api/messages/16 HTTP/1.1" 200 -
INFO:werkzeug:127.0.0.1 - - [21/Mar/2026 21:35:08] "GET /api/messages/16 HTTP/1.1" 200 -
INFO:werkzeug:127.0.0.1 - - [21/Mar/2026 21:35:13] "GET /api/messages/16 HTTP/1.1" 200 -
INFO:werkzeug:127.0.0.1 - - [21/Mar/2026 21:35:18] "GET /api/messages/16 HTTP/1.1" 200 -
INFO:werkzeug:127.0.0.1 - - [21/Mar/2026 21:35:23] "GET /api/messages/16 HTTP/1.1" 200 -
INFO:werkzeug:127.0.0.1 - - [21/Mar/2026 21:35:28] "GET /api/messages/16 HTTP/1.1" 200 -
INFO:werkzeug:127.0.0.1 - - [21/Mar/2026 21:35:33] "GET /api/messages/16 HTTP/1.1" 200 -
INFO:werkzeug:127.0.0.1 - - [21/Mar/2026 21:35:38] "GET /api/messages/16 HTTP/1.1" 200 -
INFO:werkzeug:127.0.0.1 - - [21/Mar/2026 21:35:43] "GET /api/messages/16 HTTP/1.1" 200 -
INFO:werkzeug:127.0.0.1 - - [21/Mar/2026 21:35:48] "GET /api/messages/16 HTTP/1.1" 200 -
INFO:werkzeug:127.0.0.1 - - [21/Mar/2026 21:35:53] "GET /api/messages/16 HTTP/1.1" 200 -
INFO:werkzeug:127.0.0.1 - - [21/Mar/2026 21:35:58] "GET /api/messages/16 HTTP/1.1" 200 -
INFO:werkzeug:127.0.0.1 - - [21/Mar/2026 21:36:03] "GET /api/messages/16 HTTP/1.1" 200 -
INFO:werkzeug:127.0.0.1 - - [21/Mar/2026 21:36:08] "GET /api/messages/16 HTTP/1.1" 200 -
INFO:werkzeug:127.0.0.1 - - [21/Mar/2026 21:36:13] "GET /api/messages/16 HTTP/1.1" 200 -
INFO:werkzeug:127.0.0.1 - - [21/Mar/2026 21:36:18] "GET /api/messages/16 HTTP/1.1" 200 -
INFO:werkzeug:127.0.0.1 - - [21/Mar/2026 21:36:23] "GET /api/messages/16 HTTP/1.1" 200 -
INFO:werkzeug:127.0.0.1 - - [21/Mar/2026 21:36:28] "GET /api/messages/16 HTTP/1.1" 200 -
INFO:werkzeug:127.0.0.1 - - [21/Mar/2026 21:36:33] "GET /api/messages/16 HTTP/1.1" 200 -
INFO:werkzeug:127.0.0.1 - - [21/Mar/2026 21:36:38] "GET /api/messages/16 HTTP/1.1" 200 -
INFO:werkzeug:127.0.0.1 - - [21/Mar/2026 21:36:43] "GET /api/messages/16 HTTP/1.1" 200 -
INFO:werkzeug:127.0.0.1 - - [21/Mar/2026 21:36:48] "GET /api/messages/16 HTTP/1.1" 200 -
INFO:werkzeug:127.0.0.1 - - [21/Mar/2026 21:36:53] "GET /api/messages/16 HTTP/1.1" 200 -
INFO:werkzeug:127.0.0.1 - - [21/Mar/2026 21:36:58] "GET /api/messages/16 HTTP/1.1" 200 -
INFO:werkzeug:127.0.0.1 - - [21/Mar/2026 21:37:03] "GET /api/messages/16 HTTP/1.1" 200 -
INFO:werkzeug:127.0.0.1 - - [21/Mar/2026 21:37:08] "GET /api/messages/16 HTTP/1.1" 200 -
INFO:werkzeug:127.0.0.1 - - [21/Mar/2026 21:37:13] "GET /api/messages/16 HTTP/1.1" 200 -
INFO:werkzeug:127.0.0.1 - - [21/Mar/2026 21:37:18] "GET /api/messages/16 HTTP/1.1" 200 -
INFO:werkzeug:127.0.0.1 - - [21/Mar/2026 21:37:23] "GET /api/messages/16 HTTP/1.1" 200 -
INFO:werkzeug:127.0.0.1 - - [21/Mar/2026 21:37:28] "GET /api/messages/16 HTTP/1.1" 200 -
INFO:werkzeug:127.0.0.1 - - [21/Mar/2026 21:37:33] "GET /api/messages/16 HTTP/1.1" 200 -
INFO:werkzeug:127.0.0.1 - - [21/Mar/2026 21:37:38] "GET /api/messages/16 HTTP/1.1" 200 -
INFO:werkzeug:127.0.0.1 - - [21/Mar/2026 21:37:43] "GET /api/messages/16 HTTP/1.1" 200 -
INFO:werkzeug:127.0.0.1 - - [21/Mar/2026 21:37:48] "GET /api/messages/16 HTTP/1.1" 200 -
INFO:werkzeug:127.0.0.1 - - [21/Mar/2026 21:37:53] "GET /api/messages/16 HTTP/1.1" 200 -
INFO:werkzeug:127.0.0.1 - - [21/Mar/2026 21:37:58] "GET /api/messages/16 HTTP/1.1" 200 -
INFO:werkzeug:127.0.0.1 - - [21/Mar/2026 21:38:03] "GET /api/messages/16 HTTP/1.1" 200 -
INFO:werkzeug:127.0.0.1 - - [21/Mar/2026 21:38:08] "GET /api/messages/16 HTTP/1.1" 200 -
INFO:werkzeug:127.0.0.1 - - [21/Mar/2026 21:38:13] "GET /api/messages/16 HTTP/1.1" 200 -
INFO:werkzeug:127.0.0.1 - - [21/Mar/2026 21:38:18] "GET /api/messages/16 HTTP/1.1" 200 -
INFO:werkzeug:127.0.0.1 - - [21/Mar/2026 21:38:23] "GET /api/messages/16 HTTP/1.1" 200 -
INFO:werkzeug: * Detected change in 'C:\\Users\\niran\\Desktop\\recoveryassist new\\check_ashish.py', reloading
INFO:werkzeug: * Restarting with watchdog (windowsapi)
WARNING:werkzeug: * Debugger is active!
INFO:werkzeug: * Debugger PIN: 330-919-327
INFO:werkzeug:127.0.0.1 - - [21/Mar/2026 21:38:28] "GET /api/messages/16 HTTP/1.1" 200 -
INFO:werkzeug:127.0.0.1 - - [21/Mar/2026 21:38:33] "GET /api/messages/16 HTTP/1.1" 200 -
INFO:werkzeug:127.0.0.1 - - [21/Mar/2026 21:38:38] "GET /api/messages/16 HTTP/1.1" 200 -
INFO:werkzeug:127.0.0.1 - - [21/Mar/2026 21:38:43] "GET /api/messages/16 HTTP/1.1" 200 -
INFO:werkzeug:127.0.0.1 - - [21/Mar/2026 21:38:48] "GET /api/messages/16 HTTP/1.1" 200 -
INFO:werkzeug:127.0.0.1 - - [21/Mar/2026 21:38:53] "GET /api/messages/16 HTTP/1.1" 200 -
INFO:werkzeug:127.0.0.1 - - [21/Mar/2026 21:38:58] "GET /api/messages/16 HTTP/1.1" 200 -
INFO:werkzeug:127.0.0.1 - - [21/Mar/2026 21:39:03] "GET /api/messages/16 HTTP/1.1" 200 -
INFO:werkzeug:127.0.0.1 - - [21/Mar/2026 21:39:08] "GET /api/messages/16 HTTP/1.1" 200 -
INFO:werkzeug:127.0.0.1 - - [21/Mar/2026 21:39:13] "GET /api/messages/16 HTTP/1.1" 200 -
INFO:werkzeug:127.0.0.1 - - [21/Mar/2026 21:39:18] "GET /api/messages/16 HTTP/1.1" 200 -
INFO:werkzeug:127.0.0.1 - - [21/Mar/2026 21:39:23] "GET /api/messages/16 HTTP/1.1" 200 -
INFO:werkzeug:127.0.0.1 - - [21/Mar/2026 21:39:28] "GET /api/messages/16 HTTP/1.1" 200 -
INFO:werkzeug:127.0.0.1 - - [21/Mar/2026 21:39:33] "GET /api/messages/16 HTTP/1.1" 200 -
INFO:werkzeug:127.0.0.1 - - [21/Mar/2026 21:39:38] "GET /api/messages/16 HTTP/1.1" 200 -
INFO:werkzeug:127.0.0.1 - - [21/Mar/2026 21:39:43] "GET /api/messages/16 HTTP/1.1" 200 -
INFO:werkzeug:127.0.0.1 - - [21/Mar/2026 21:39:48] "GET /api/messages/16 HTTP/1.1" 200 -
INFO:werkzeug:127.0.0.1 - - [21/Mar/2026 21:39:53] "GET /api/messages/16 HTTP/1.1" 200 -
INFO:werkzeug:127.0.0.1 - - [21/Mar/2026 21:39:58] "GET /api/messages/16 HTTP/1.1" 200 -
INFO:werkzeug: * Detected change in 'C:\\Users\\niran\\Desktop\\recoveryassist new\\app.py', reloading
INFO:werkzeug: * Restarting with watchdog (windowsapi)
WARNING:werkzeug: * Debugger is active!
INFO:werkzeug: * Debugger PIN: 330-919-327
INFO:werkzeug:127.0.0.1 - - [21/Mar/2026 21:40:03] "GET /api/messages/16 HTTP/1.1" 200 -
INFO:werkzeug:127.0.0.1 - - [21/Mar/2026 21:40:08] "GET /api/messages/16 HTTP/1.1" 200 -
INFO:werkzeug:127.0.0.1 - - [21/Mar/2026 21:40:13] "GET /api/messages/16 HTTP/1.1" 200 -
INFO:werkzeug:127.0.0.1 - - [21/Mar/2026 21:40:18] "GET /api/messages/16 HTTP/1.1" 200 -
INFO:werkzeug: * Detected change in 'C:\\Users\\niran\\Desktop\\recoveryassist new\\app.py', reloading
INFO:werkzeug: * Restarting with watchdog (windowsapi)
WARNING:werkzeug: * Debugger is active!
INFO:werkzeug: * Debugger PIN: 330-919-327
INFO:werkzeug:127.0.0.1 - - [21/Mar/2026 21:40:23] "GET /api/messages/16 HTTP/1.1" 200 -
INFO:werkzeug:127.0.0.1 - - [21/Mar/2026 21:40:28] "GET /api/messages/16 HTTP/1.1" 200 -
INFO:werkzeug:127.0.0.1 - - [21/Mar/2026 21:40:33] "GET /api/messages/16 HTTP/1.1" 200 -
INFO:werkzeug:127.0.0.1 - - [21/Mar/2026 21:40:38] "GET /api/messages/16 HTTP/1.1" 200 -
INFO:werkzeug:127.0.0.1 - - [21/Mar/2026 21:40:43] "GET /api/messages/16 HTTP/1.1" 200 -
INFO:werkzeug:127.0.0.1 - - [21/Mar/2026 21:40:48] "GET /api/messages/16 HTTP/1.1" 200 -
INFO:werkzeug:127.0.0.1 - - [21/Mar/2026 21:40:53] "GET /api/messages/16 HTTP/1.1" 200 -
INFO:werkzeug:127.0.0.1 - - [21/Mar/2026 21:40:58] "GET /api/messages/16 HTTP/1.1" 200 -
INFO:werkzeug:127.0.0.1 - - [21/Mar/2026 21:41:03] "GET /api/messages/16 HTTP/1.1" 200 -
INFO:werkzeug:127.0.0.1 - - [21/Mar/2026 21:41:08] "GET /api/messages/16 HTTP/1.1" 200 -
INFO:werkzeug:127.0.0.1 - - [21/Mar/2026 21:41:13] "GET /api/messages/16 HTTP/1.1" 200 -
INFO:werkzeug:127.0.0.1 - - [21/Mar/2026 21:41:18] "GET /api/messages/16 HTTP/1.1" 200 -
INFO:werkzeug:[31m[1mWARNING: This is a development server. Do not use it in a production deployment. Use a production WSGI server instead.[0m
 * Running on http://127.0.0.1:5000
INFO:werkzeug:[33mPress CTRL+C to quit[0m
INFO:werkzeug: * Restarting with watchdog (windowsapi)
INFO:werkzeug:127.0.0.1 - - [21/Mar/2026 21:41:23] "GET /api/messages/16 HTTP/1.1" 200 -
WARNING:werkzeug: * Debugger is active!
INFO:werkzeug: * Debugger PIN: 330-919-327
INFO:werkzeug:127.0.0.1 - - [21/Mar/2026 21:41:28] "GET /api/messages/16 HTTP/1.1" 200 -
INFO:werkzeug:127.0.0.1 - - [21/Mar/2026 21:41:33] "GET /api/messages/16 HTTP/1.1" 200 -
INFO:werkzeug:127.0.0.1 - - [21/Mar/2026 21:41:38] "GET /api/messages/16 HTTP/1.1" 200 -
INFO:werkzeug:127.0.0.1 - - [21/Mar/2026 21:41:43] "GET /api/messages/16 HTTP/1.1" 200 -
INFO:werkzeug:127.0.0.1 - - [21/Mar/2026 21:41:48] "GET /api/messages/16 HTTP/1.1" 200 -
INFO:werkzeug:127.0.0.1 - - [21/Mar/2026 21:41:53] "GET /api/messages/16 HTTP/1.1" 200 -
INFO:werkzeug:127.0.0.1 - - [21/Mar/2026 21:41:58] "GET /api/messages/16 HTTP/1.1" 200 -
INFO:werkzeug:127.0.0.1 - - [21/Mar/2026 21:42:03] "GET /api/messages/16 HTTP/1.1" 200 -
INFO:werkzeug:127.0.0.1 - - [21/Mar/2026 21:42:08] "GET /api/messages/16 HTTP/1.1" 200 -
INFO:werkzeug:127.0.0.1 - - [21/Mar/2026 21:42:12] "[32mGET /view_case/16 HTTP/1.1[0m" 302 -
INFO:werkzeug:127.0.0.1 - - [21/Mar/2026 21:42:12] "GET /login HTTP/1.1" 200 -
INFO:werkzeug:127.0.0.1 - - [21/Mar/2026 21:42:12] "GET /static/main.css HTTP/1.1" 200 -
INFO:werkzeug:127.0.0.1 - - [21/Mar/2026 21:42:13] "[32mPOST /login HTTP/1.1[0m" 302 -
INFO:werkzeug:127.0.0.1 - - [21/Mar/2026 21:42:13] "GET /patient_dashboard HTTP/1.1" 200 -
INFO:werkzeug:127.0.0.1 - - [21/Mar/2026 21:42:13] "[36mGET /static/script.js HTTP/1.1[0m" 304 -
INFO:werkzeug:127.0.0.1 - - [21/Mar/2026 21:42:13] "[36mGET /static/main.css HTTP/1.1[0m" 304 -
INFO:werkzeug:127.0.0.1 - - [21/Mar/2026 21:42:16] "GET /view_case/16 HTTP/1.1" 200 -
INFO:werkzeug:127.0.0.1 - - [21/Mar/2026 21:42:16] "[36mGET /static/main.css HTTP/1.1[0m" 304 -
INFO:werkzeug:127.0.0.1 - - [21/Mar/2026 21:42:21] "GET /api/messages/16 HTTP/1.1" 200 -
INFO:werkzeug:127.0.0.1 - - [21/Mar/2026 21:42:26] "GET /api/messages/16 HTTP/1.1" 200 -
INFO:werkzeug:127.0.0.1 - - [21/Mar/2026 21:42:31] "GET /api/messages/16 HTTP/1.1" 200 -
INFO:werkzeug:127.0.0.1 - - [21/Mar/2026 21:42:36] "GET /api/messages/16 HTTP/1.1" 200 -
INFO:werkzeug:127.0.0.1 - - [21/Mar/2026 21:42:41] "GET /api/messages/16 HTTP/1.1" 200 -
INFO:werkzeug:127.0.0.1 - - [21/Mar/2026 21:42:46] "GET /api/messages/16 HTTP/1.1" 200 -
INFO:werkzeug:127.0.0.1 - - [21/Mar/2026 21:42:51] "GET /api/messages/16 HTTP/1.1" 200 -
INFO:werkzeug:127.0.0.1 - - [21/Mar/2026 21:42:56] "GET /api/messages/16 HTTP/1.1" 200 -
INFO:werkzeug:127.0.0.1 - - [21/Mar/2026 21:43:01] "GET /api/messages/16 HTTP/1.1" 200 -
INFO:werkzeug:127.0.0.1 - - [21/Mar/2026 21:43:06] "GET /api/messages/16 HTTP/1.1" 200 -
INFO:werkzeug:127.0.0.1 - - [21/Mar/2026 21:43:11] "GET /api/messages/16 HTTP/1.1" 200 -
INFO:werkzeug:127.0.0.1 - - [21/Mar/2026 21:43:16] "GET /api/messages/16 HTTP/1.1" 200 -
INFO:werkzeug:127.0.0.1 - - [21/Mar/2026 21:43:21] "GET /api/messages/16 HTTP/1.1" 200 -
INFO:werkzeug:127.0.0.1 - - [21/Mar/2026 21:43:26] "GET /api/messages/16 HTTP/1.1" 200 -
INFO:werkzeug:127.0.0.1 - - [21/Mar/2026 21:43:31] "GET /api/messages/16 HTTP/1.1" 200 -
INFO:werkzeug:127.0.0.1 - - [21/Mar/2026 21:43:36] "GET /api/messages/16 HTTP/1.1" 200 -
INFO:werkzeug:127.0.0.1 - - [21/Mar/2026 21:43:41] "GET /api/messages/16 HTTP/1.1" 200 -
INFO:werkzeug:127.0.0.1 - - [21/Mar/2026 21:43:46] "GET /api/messages/16 HTTP/1.1" 200 -
INFO:werkzeug:127.0.0.1 - - [21/Mar/2026 21:43:51] "GET /api/messages/16 HTTP/1.1" 200 -
INFO:werkzeug:127.0.0.1 - - [21/Mar/2026 21:43:56] "GET /api/messages/16 HTTP/1.1" 200 -
INFO:werkzeug:127.0.0.1 - - [21/Mar/2026 21:44:01] "GET /api/messages/16 HTTP/1.1" 200 -
INFO:werkzeug:127.0.0.1 - - [21/Mar/2026 21:44:06] "GET /api/messages/16 HTTP/1.1" 200 -
INFO:werkzeug:127.0.0.1 - - [21/Mar/2026 21:44:11] "GET /api/messages/16 HTTP/1.1" 200 -
INFO:werkzeug:127.0.0.1 - - [21/Mar/2026 21:44:16] "GET /api/messages/16 HTTP/1.1" 200 -
INFO:werkzeug:127.0.0.1 - - [21/Mar/2026 21:44:21] "GET /api/messages/16 HTTP/1.1" 200 -
INFO:werkzeug:127.0.0.1 - - [21/Mar/2026 21:44:26] "GET /api/messages/16 HTTP/1.1" 200 -
INFO:werkzeug:127.0.0.1 - - [21/Mar/2026 21:44:31] "GET /api/messages/16 HTTP/1.1" 200 -
INFO:werkzeug:127.0.0.1 - - [21/Mar/2026 21:44:36] "GET /api/messages/16 HTTP/1.1" 200 -
INFO:werkzeug:127.0.0.1 - - [21/Mar/2026 21:44:41] "GET /api/messages/16 HTTP/1.1" 200 -
INFO:werkzeug:127.0.0.1 - - [21/Mar/2026 21:44:46] "GET /api/messages/16 HTTP/1.1" 200 -
INFO:werkzeug:127.0.0.1 - - [21/Mar/2026 21:44:51] "GET /api/messages/16 HTTP/1.1" 200 -
INFO:werkzeug:127.0.0.1 - - [21/Mar/2026 21:44:56] "GET /api/messages/16 HTTP/1.1" 200 -
INFO:werkzeug:127.0.0.1 - - [21/Mar/2026 21:45:01] "GET /api/messages/16 HTTP/1.1" 200 -
INFO:werkzeug:127.0.0.1 - - [21/Mar/2026 21:45:06] "GET /api/messages/16 HTTP/1.1" 200 -
INFO:werkzeug:127.0.0.1 - - [21/Mar/2026 21:45:11] "GET /api/messages/16 HTTP/1.1" 200 -
INFO:werkzeug:127.0.0.1 - - [21/Mar/2026 21:45:16] "GET /api/messages/16 HTTP/1.1" 200 -
INFO:werkzeug:127.0.0.1 - - [21/Mar/2026 21:45:21] "GET /api/messages/16 HTTP/1.1" 200 -
INFO:werkzeug:127.0.0.1 - - [21/Mar/2026 21:45:26] "GET /api/messages/16 HTTP/1.1" 200 -
INFO:werkzeug:127.0.0.1 - - [21/Mar/2026 21:45:31] "GET /api/messages/16 HTTP/1.1" 200 -
INFO:werkzeug:127.0.0.1 - - [21/Mar/2026 21:45:36] "GET /api/messages/16 HTTP/1.1" 200 -
INFO:werkzeug:127.0.0.1 - - [21/Mar/2026 21:45:41] "GET /api/messages/16 HTTP/1.1" 200 -
INFO:werkzeug:127.0.0.1 - - [21/Mar/2026 21:45:46] "GET /api/messages/16 HTTP/1.1" 200 -
INFO:werkzeug:127.0.0.1 - - [21/Mar/2026 21:45:51] "GET /api/messages/16 HTTP/1.1" 200 -
INFO:werkzeug:[31m[1mWARNING: This is a development server. Do not use it in a production deployment. Use a production WSGI server instead.[0m
 * Running on http://127.0.0.1:5000
INFO:werkzeug:[33mPress CTRL+C to quit[0m
INFO:werkzeug: * Restarting with watchdog (windowsapi)
WARNING:werkzeug: * Debugger is active!
INFO:werkzeug: * Debugger PIN: 330-919-327
INFO:werkzeug:127.0.0.1 - - [21/Mar/2026 21:45:56] "GET /api/messages/16 HTTP/1.1" 200 -
INFO:werkzeug:127.0.0.1 - - [21/Mar/2026 21:46:01] "GET /api/messages/16 HTTP/1.1" 200 -
INFO:werkzeug:127.0.0.1 - - [21/Mar/2026 21:46:06] "GET /api/messages/16 HTTP/1.1" 200 -
INFO:werkzeug:127.0.0.1 - - [21/Mar/2026 21:46:11] "GET /api/messages/16 HTTP/1.1" 200 -
INFO:werkzeug:127.0.0.1 - - [21/Mar/2026 21:46:16] "GET /api/messages/16 HTTP/1.1" 200 -
INFO:werkzeug:127.0.0.1 - - [21/Mar/2026 21:46:21] "GET /api/messages/16 HTTP/1.1" 200 -
INFO:werkzeug:127.0.0.1 - - [21/Mar/2026 21:46:26] "GET /api/messages/16 HTTP/1.1" 200 -
INFO:werkzeug:127.0.0.1 - - [21/Mar/2026 21:46:31] "GET /api/messages/16 HTTP/1.1" 200 -
INFO:werkzeug:127.0.0.1 - - [21/Mar/2026 21:46:34] "GET /view_case/16 HTTP/1.1" 200 -
INFO:werkzeug:127.0.0.1 - - [21/Mar/2026 21:46:34] "GET /static/main.css HTTP/1.1" 200 -
INFO:werkzeug:127.0.0.1 - - [21/Mar/2026 21:46:39] "GET /api/messages/16 HTTP/1.1" 200 -
INFO:werkzeug:127.0.0.1 - - [21/Mar/2026 21:46:44] "GET /api/messages/16 HTTP/1.1" 200 -
INFO:werkzeug:127.0.0.1 - - [21/Mar/2026 21:46:49] "GET /api/messages/16 HTTP/1.1" 200 -
INFO:werkzeug:127.0.0.1 - - [21/Mar/2026 21:46:54] "GET /api/messages/16 HTTP/1.1" 200 -
INFO:werkzeug:127.0.0.1 - - [21/Mar/2026 21:46:59] "GET /api/messages/16 HTTP/1.1" 200 -
INFO:werkzeug:127.0.0.1 - - [21/Mar/2026 21:47:04] "GET /api/messages/16 HTTP/1.1" 200 -
INFO:werkzeug:127.0.0.1 - - [21/Mar/2026 21:47:09] "GET /api/messages/16 HTTP/1.1" 200 -
INFO:werkzeug:127.0.0.1 - - [21/Mar/2026 21:47:14] "GET /api/messages/16 HTTP/1.1" 200 -
INFO:werkzeug:127.0.0.1 - - [21/Mar/2026 21:47:19] "GET /api/messages/16 HTTP/1.1" 200 -
INFO:werkzeug:127.0.0.1 - - [21/Mar/2026 21:47:24] "GET /api/messages/16 HTTP/1.1" 200 -
INFO:werkzeug:127.0.0.1 - - [21/Mar/2026 21:47:29] "GET /api/messages/16 HTTP/1.1" 200 -
INFO:werkzeug:127.0.0.1 - - [21/Mar/2026 21:47:34] "GET /api/messages/16 HTTP/1.1" 200 -
INFO:werkzeug:[31m[1mWARNING: This is a development server. Do not use it in a production deployment. Use a production WSGI server instead.[0m
 * Running on http://127.0.0.1:5000
INFO:werkzeug:[33mPress CTRL+C to quit[0m
INFO:werkzeug: * Restarting with watchdog (windowsapi)
WARNING:werkzeug: * Debugger is active!
INFO:werkzeug: * Debugger PIN: 330-919-327
INFO:werkzeug:127.0.0.1 - - [21/Mar/2026 21:47:39] "GET /api/messages/16 HTTP/1.1" 200 -
INFO:werkzeug:127.0.0.1 - - [21/Mar/2026 21:47:44] "GET /api/messages/16 HTTP/1.1" 200 -
INFO:werkzeug:127.0.0.1 - - [21/Mar/2026 21:47:49] "GET /api/messages/16 HTTP/1.1" 200 -
INFO:werkzeug:127.0.0.1 - - [21/Mar/2026 21:47:54] "GET /api/messages/16 HTTP/1.1" 200 -
INFO:werkzeug:127.0.0.1 - - [21/Mar/2026 21:47:59] "GET /api/messages/16 HTTP/1.1" 200 -
INFO:werkzeug:127.0.0.1 - - [21/Mar/2026 21:48:04] "GET /api/messages/16 HTTP/1.1" 200 -
INFO:werkzeug:127.0.0.1 - - [21/Mar/2026 21:48:09] "GET /api/messages/16 HTTP/1.1" 200 -
INFO:werkzeug:127.0.0.1 - - [21/Mar/2026 21:48:14] "GET /api/messages/16 HTTP/1.1" 200 -
INFO:werkzeug:127.0.0.1 - - [21/Mar/2026 21:48:19] "GET /view_case/16 HTTP/1.1" 200 -
INFO:werkzeug:127.0.0.1 - - [21/Mar/2026 21:48:19] "[36mGET /static/main.css HTTP/1.1[0m" 304 -
INFO:werkzeug:127.0.0.1 - - [21/Mar/2026 21:48:24] "GET /api/messages/16 HTTP/1.1" 200 -
INFO:werkzeug:127.0.0.1 - - [21/Mar/2026 21:48:29] "GET /api/messages/16 HTTP/1.1" 200 -
INFO:werkzeug:127.0.0.1 - - [21/Mar/2026 21:48:34] "GET /api/messages/16 HTTP/1.1" 200 -
INFO:werkzeug:127.0.0.1 - - [21/Mar/2026 21:48:39] "GET /api/messages/16 HTTP/1.1" 200 -
INFO:werkzeug:127.0.0.1 - - [21/Mar/2026 21:48:44] "GET /api/messages/16 HTTP/1.1" 200 -
INFO:werkzeug:127.0.0.1 - - [21/Mar/2026 21:48:49] "GET /api/messages/16 HTTP/1.1" 200 -
INFO:werkzeug:127.0.0.1 - - [21/Mar/2026 21:48:50] "GET /patient_dashboard HTTP/1.1" 200 -
INFO:werkzeug:127.0.0.1 - - [21/Mar/2026 21:48:50] "[36mGET /static/main.css HTTP/1.1[0m" 304 -
INFO:werkzeug:127.0.0.1 - - [21/Mar/2026 21:48:50] "[36mGET /static/script.js HTTP/1.1[0m" 304 -
INFO:werkzeug:127.0.0.1 - - [21/Mar/2026 21:48:56] "GET /view_case/16 HTTP/1.1" 200 -
INFO:werkzeug:127.0.0.1 - - [21/Mar/2026 21:48:56] "[36mGET /static/main.css HTTP/1.1[0m" 304 -
INFO:werkzeug:127.0.0.1 - - [21/Mar/2026 21:49:01] "GET /api/messages/16 HTTP/1.1" 200 -
INFO:werkzeug:127.0.0.1 - - [21/Mar/2026 21:49:06] "GET /api/messages/16 HTTP/1.1" 200 -
INFO:werkzeug:127.0.0.1 - - [21/Mar/2026 21:49:11] "GET /api/messages/16 HTTP/1.1" 200 -
INFO:werkzeug:127.0.0.1 - - [21/Mar/2026 21:49:16] "GET /api/messages/16 HTTP/1.1" 200 -
INFO:werkzeug:127.0.0.1 - - [21/Mar/2026 21:49:21] "GET /api/messages/16 HTTP/1.1" 200 -
INFO:werkzeug:127.0.0.1 - - [21/Mar/2026 21:49:26] "GET /api/messages/16 HTTP/1.1" 200 -
INFO:werkzeug:127.0.0.1 - - [21/Mar/2026 21:49:31] "GET /api/messages/16 HTTP/1.1" 200 -
INFO:werkzeug:127.0.0.1 - - [21/Mar/2026 21:49:36] "GET /api/messages/16 HTTP/1.1" 200 -
INFO:werkzeug:127.0.0.1 - - [21/Mar/2026 21:49:41] "GET /api/messages/16 HTTP/1.1" 200 -
INFO:werkzeug:127.0.0.1 - - [21/Mar/2026 21:49:46] "GET /api/messages/16 HTTP/1.1" 200 -
INFO:werkzeug:127.0.0.1 - - [21/Mar/2026 21:49:51] "GET /api/messages/16 HTTP/1.1" 200 -
INFO:werkzeug:127.0.0.1 - - [21/Mar/2026 21:49:56] "GET /api/messages/16 HTTP/1.1" 200 -
INFO:werkzeug:127.0.0.1 - - [21/Mar/2026 21:50:01] "GET /api/messages/16 HTTP/1.1" 200 -
INFO:werkzeug:127.0.0.1 - - [21/Mar/2026 21:50:07] "GET /api/messages/16 HTTP/1.1" 200 -
INFO:werkzeug:127.0.0.1 - - [21/Mar/2026 21:51:07] "GET /api/messages/16 HTTP/1.1" 200 -
INFO:werkzeug:127.0.0.1 - - [21/Mar/2026 21:52:07] "GET /api/messages/16 HTTP/1.1" 200 -
INFO:werkzeug:127.0.0.1 - - [21/Mar/2026 21:53:07] "GET /api/messages/16 HTTP/1.1" 200 -
INFO:werkzeug:127.0.0.1 - - [21/Mar/2026 22:00:59] "GET /api/messages/16 HTTP/1.1" 200 -
INFO:werkzeug:127.0.0.1 - - [21/Mar/2026 22:01:07] "GET /api/messages/16 HTTP/1.1" 200 -
INFO:werkzeug:127.0.0.1 - - [21/Mar/2026 22:02:07] "GET /api/messages/16 HTTP/1.1" 200 -
INFO:werkzeug:127.0.0.1 - - [21/Mar/2026 22:03:07] "GET /api/messages/16 HTTP/1.1" 200 -
INFO:werkzeug:127.0.0.1 - - [21/Mar/2026 22:04:07] "GET /api/messages/16 HTTP/1.1" 200 -
INFO:werkzeug:127.0.0.1 - - [21/Mar/2026 22:05:07] "GET /api/messages/16 HTTP/1.1" 200 -
INFO:werkzeug:127.0.0.1 - - [21/Mar/2026 22:06:07] "GET /api/messages/16 HTTP/1.1" 200 -
INFO:werkzeug:127.0.0.1 - - [21/Mar/2026 22:07:07] "GET /api/messages/16 HTTP/1.1" 200 -
INFO:werkzeug:127.0.0.1 - - [21/Mar/2026 22:08:07] "GET /api/messages/16 HTTP/1.1" 200 -
INFO:werkzeug: * Detected change in 'C:\\Users\\niran\\Desktop\\recoveryassist new\\app_test_start.py', reloading
INFO:werkzeug: * Detected change in 'C:\\Users\\niran\\Desktop\\recoveryassist new\\app_test_start.py', reloading
INFO:werkzeug: * Detected change in 'C:\\Users\\niran\\Desktop\\recoveryassist new\\app_test_start.py', reloading
INFO:werkzeug: * Restarting with watchdog (windowsapi)
INFO:werkzeug: * Restarting with watchdog (windowsapi)
WARNING:werkzeug: * Debugger is active!
INFO:werkzeug: * Debugger PIN: 330-919-327
WARNING:werkzeug: * Debugger is active!
WARNING:werkzeug: * Debugger is active!
INFO:werkzeug: * Debugger PIN: 330-919-327
INFO:werkzeug: * Debugger PIN: 330-919-327
INFO:werkzeug: * Detected change in 'C:\\Users\\niran\\AppData\\Local\\Programs\\Python\\Python313\\Lib\\site-packages\\flask\\__init__.py', reloading
INFO:werkzeug: * Detected change in 'C:\\Users\\niran\\AppData\\Local\\Programs\\Python\\Python313\\Lib\\site-packages\\flask\\__init__.py', reloading
INFO:werkzeug: * Detected change in 'C:\\Users\\niran\\AppData\\Local\\Programs\\Python\\Python313\\Lib\\site-packages\\flask\\__init__.py', reloading
INFO:werkzeug: * Restarting with watchdog (windowsapi)
INFO:werkzeug: * Restarting with watchdog (windowsapi)
INFO:werkzeug: * Restarting with watchdog (windowsapi)
WARNING:werkzeug: * Debugger is active!
INFO:werkzeug: * Debugger PIN: 330-919-327
WARNING:werkzeug: * Debugger is active!
INFO:werkzeug: * Debugger PIN: 330-919-327
WARNING:werkzeug: * Debugger is active!
INFO:werkzeug: * Debugger PIN: 330-919-327
INFO:werkzeug: * Detected change in 'C:\\Users\\niran\\AppData\\Local\\Programs\\Python\\Python313\\Lib\\site-packages\\PyPDF2\\__init__.py', reloading
INFO:werkzeug: * Detected change in 'C:\\Users\\niran\\AppData\\Local\\Programs\\Python\\Python313\\Lib\\site-packages\\PyPDF2\\__init__.py', reloading
INFO:werkzeug: * Detected change in 'C:\\Users\\niran\\AppData\\Local\\Programs\\Python\\Python313\\Lib\\site-packages\\PyPDF2\\__init__.py', reloading
INFO:werkzeug: * Restarting with watchdog (windowsapi)
INFO:werkzeug: * Restarting with watchdog (windowsapi)
INFO:werkzeug: * Restarting with watchdog (windowsapi)
WARNING:werkzeug: * Debugger is active!
WARNING:werkzeug: * Debugger is active!
INFO:werkzeug: * Debugger PIN: 330-919-327
INFO:werkzeug: * Debugger PIN: 330-919-327
WARNING:werkzeug: * Debugger is active!
INFO:werkzeug: * Debugger PIN: 330-919-327
INFO:werkzeug: * Detected change in 'C:\\Users\\niran\\AppData\\Local\\Programs\\Python\\Python313\\Lib\\site-packages\\numpy\\_typing\\__init__.py', reloading
INFO:werkzeug: * Detected change in 'C:\\Users\\niran\\AppData\\Local\\Programs\\Python\\Python313\\Lib\\site-packages\\numpy\\_typing\\__init__.py', reloading
INFO:werkzeug: * Detected change in 'C:\\Users\\niran\\AppData\\Local\\Programs\\Python\\Python313\\Lib\\site-packages\\numpy\\_typing\\__init__.py', reloading
INFO:werkzeug: * Restarting with watchdog (windowsapi)
INFO:werkzeug: * Restarting with watchdog (windowsapi)
WARNING:werkzeug: * Debugger is active!
INFO:werkzeug: * Debugger PIN: 330-919-327
WARNING:werkzeug: * Debugger is active!
WARNING:werkzeug: * Debugger is active!
INFO:werkzeug: * Debugger PIN: 330-919-327
INFO:werkzeug: * Debugger PIN: 330-919-327
INFO:werkzeug: * Detected change in 'C:\\Users\\niran\\AppData\\Local\\Programs\\Python\\Python313\\Lib\\site-packages\\flask\\typing.py', reloading
INFO:werkzeug: * Detected change in 'C:\\Users\\niran\\AppData\\Local\\Programs\\Python\\Python313\\Lib\\site-packages\\flask\\typing.py', reloading
INFO:werkzeug: * Detected change in 'C:\\Users\\niran\\AppData\\Local\\Programs\\Python\\Python313\\Lib\\site-packages\\flask\\typing.py', reloading
INFO:werkzeug: * Restarting with watchdog (windowsapi)
INFO:werkzeug: * Restarting with watchdog (windowsapi)
INFO:werkzeug: * Restarting with watchdog (windowsapi)
WARNING:werkzeug: * Debugger is active!
INFO:werkzeug: * Debugger PIN: 330-919-327
WARNING:werkzeug: * Debugger is active!
INFO:werkzeug: * Debugger PIN: 330-919-327
WARNING:werkzeug: * Debugger is active!
INFO:werkzeug: * Debugger PIN: 330-919-327
INFO:werkzeug: * Detected change in 'C:\\Users\\niran\\AppData\\Local\\Programs\\Python\\Python313\\Lib\\site-packages\\PIL\\__init__.py', reloading
INFO:werkzeug: * Detected change in 'C:\\Users\\niran\\AppData\\Local\\Programs\\Python\\Python313\\Lib\\site-packages\\PIL\\__init__.py', reloading
INFO:werkzeug: * Detected change in 'C:\\Users\\niran\\AppData\\Local\\Programs\\Python\\Python313\\Lib\\site-packages\\PIL\\__init__.py', reloading
INFO:werkzeug: * Restarting with watchdog (windowsapi)
INFO:werkzeug: * Restarting with watchdog (windowsapi)
WARNING:werkzeug: * Debugger is active!
INFO:werkzeug: * Debugger PIN: 330-919-327
WARNING:werkzeug: * Debugger is active!
WARNING:werkzeug: * Debugger is active!
INFO:werkzeug: * Debugger PIN: 330-919-327
INFO:werkzeug: * Debugger PIN: 330-919-327
INFO:werkzeug:127.0.0.1 - - [21/Mar/2026 22:09:07] "GET /api/messages/16 HTTP/1.1" 200 -
INFO:werkzeug:127.0.0.1 - - [21/Mar/2026 22:10:07] "GET /api/messages/16 HTTP/1.1" 200 -
INFO:werkzeug:127.0.0.1 - - [21/Mar/2026 22:11:07] "GET /api/messages/16 HTTP/1.1" 200 -
INFO:werkzeug:127.0.0.1 - - [21/Mar/2026 22:12:07] "GET /api/messages/16 HTTP/1.1" 200 -
INFO:werkzeug:127.0.0.1 - - [21/Mar/2026 22:13:07] "GET /api/messages/16 HTTP/1.1" 200 -
INFO:werkzeug:127.0.0.1 - - [21/Mar/2026 22:14:07] "GET /api/messages/16 HTTP/1.1" 200 -
INFO:werkzeug:127.0.0.1 - - [21/Mar/2026 22:15:07] "GET /api/messages/16 HTTP/1.1" 200 -
INFO:werkzeug:127.0.0.1 - - [21/Mar/2026 22:16:07] "GET /api/messages/16 HTTP/1.1" 200 -
INFO:werkzeug:127.0.0.1 - - [21/Mar/2026 22:17:07] "GET /api/messages/16 HTTP/1.1" 200 -
INFO:werkzeug:127.0.0.1 - - [21/Mar/2026 22:18:07] "GET /api/messages/16 HTTP/1.1" 200 -
INFO:werkzeug: * Detected change in 'C:\\Users\\niran\\Desktop\\recoveryassist new\\check_ashish.py', reloading
INFO:werkzeug: * Detected change in 'C:\\Users\\niran\\Desktop\\recoveryassist new\\check_ashish.py', reloading
INFO:werkzeug: * Detected change in 'C:\\Users\\niran\\Desktop\\recoveryassist new\\check_ashish.py', reloading
INFO:werkzeug: * Restarting with watchdog (windowsapi)
INFO:werkzeug: * Restarting with watchdog (windowsapi)
INFO:werkzeug: * Restarting with watchdog (windowsapi)
WARNING:werkzeug: * Debugger is active!
INFO:werkzeug: * Debugger PIN: 330-919-327
WARNING:werkzeug: * Debugger is active!
INFO:werkzeug: * Debugger PIN: 330-919-327
WARNING:werkzeug: * Debugger is active!
INFO:werkzeug: * Debugger PIN: 330-919-327
INFO:werkzeug: * Detected change in 'C:\\Users\\niran\\Desktop\\recoveryassist new\\app.py', reloading
INFO:werkzeug: * Detected change in 'C:\\Users\\niran\\Desktop\\recoveryassist new\\app.py', reloading
INFO:werkzeug: * Detected change in 'C:\\Users\\niran\\Desktop\\recoveryassist new\\app.py', reloading
INFO:werkzeug: * Restarting with watchdog (windowsapi)
INFO:werkzeug: * Restarting with watchdog (windowsapi)
INFO:werkzeug: * Restarting with watchdog (windowsapi)
WARNING:werkzeug: * Debugger is active!
INFO:werkzeug: * Debugger PIN: 330-919-327
WARNING:werkzeug: * Debugger is active!
WARNING:werkzeug: * Debugger is active!
INFO:werkzeug: * Debugger PIN: 330-919-327
INFO:werkzeug: * Debugger PIN: 330-919-327
INFO:werkzeug:127.0.0.1 - - [21/Mar/2026 23:25:51] "GET /api/messages/16 HTTP/1.1" 200 -
INFO:werkzeug:127.0.0.1 - - [21/Mar/2026 23:25:56] "GET /api/messages/16 HTTP/1.1" 200 -
INFO:werkzeug:127.0.0.1 - - [21/Mar/2026 23:26:01] "GET /api/messages/16 HTTP/1.1" 200 -
INFO:werkzeug:127.0.0.1 - - [21/Mar/2026 23:26:06] "GET /api/messages/16 HTTP/1.1" 200 -
INFO:werkzeug:127.0.0.1 - - [21/Mar/2026 23:26:11] "GET /api/messages/16 HTTP/1.1" 200 -
INFO:werkzeug:127.0.0.1 - - [21/Mar/2026 23:26:16] "GET /api/messages/16 HTTP/1.1" 200 -
INFO:werkzeug:127.0.0.1 - - [21/Mar/2026 23:26:21] "GET /api/messages/16 HTTP/1.1" 200 -
INFO:werkzeug:127.0.0.1 - - [21/Mar/2026 23:26:26] "GET /api/messages/16 HTTP/1.1" 200 -
INFO:werkzeug:127.0.0.1 - - [21/Mar/2026 23:26:31] "GET /api/messages/16 HTTP/1.1" 200 -
INFO:werkzeug:127.0.0.1 - - [21/Mar/2026 23:26:36] "GET /api/messages/16 HTTP/1.1" 200 -
INFO:werkzeug:127.0.0.1 - - [21/Mar/2026 23:26:41] "GET /api/messages/16 HTTP/1.1" 200 -
INFO:werkzeug:127.0.0.1 - - [21/Mar/2026 23:26:46] "GET /api/messages/16 HTTP/1.1" 200 -
INFO:werkzeug:127.0.0.1 - - [21/Mar/2026 23:26:51] "GET /api/messages/16 HTTP/1.1" 200 -
INFO:werkzeug:127.0.0.1 - - [21/Mar/2026 23:26:56] "GET /api/messages/16 HTTP/1.1" 200 -
INFO:werkzeug:127.0.0.1 - - [21/Mar/2026 23:27:01] "GET /api/messages/16 HTTP/1.1" 200 -
INFO:werkzeug:127.0.0.1 - - [21/Mar/2026 23:27:06] "GET /api/messages/16 HTTP/1.1" 200 -
INFO:werkzeug:127.0.0.1 - - [21/Mar/2026 23:27:11] "GET /api/messages/16 HTTP/1.1" 200 -
INFO:werkzeug:127.0.0.1 - - [21/Mar/2026 23:27:16] "GET /api/messages/16 HTTP/1.1" 200 -
INFO:werkzeug:127.0.0.1 - - [21/Mar/2026 23:27:21] "GET /api/messages/16 HTTP/1.1" 200 -
INFO:werkzeug:127.0.0.1 - - [21/Mar/2026 23:27:26] "GET /api/messages/16 HTTP/1.1" 200 -
INFO:werkzeug:127.0.0.1 - - [21/Mar/2026 23:27:31] "GET /api/messages/16 HTTP/1.1" 200 -
INFO:werkzeug:127.0.0.1 - - [21/Mar/2026 23:27:36] "GET /api/messages/16 HTTP/1.1" 200 -
INFO:werkzeug:127.0.0.1 - - [21/Mar/2026 23:27:41] "GET /api/messages/16 HTTP/1.1" 200 -
INFO:werkzeug:127.0.0.1 - - [21/Mar/2026 23:27:46] "GET /api/messages/16 HTTP/1.1" 200 -
INFO:werkzeug:127.0.0.1 - - [21/Mar/2026 23:27:51] "GET /api/messages/16 HTTP/1.1" 200 -
INFO:werkzeug:127.0.0.1 - - [21/Mar/2026 23:27:56] "GET /api/messages/16 HTTP/1.1" 200 -
INFO:werkzeug:127.0.0.1 - - [21/Mar/2026 23:28:01] "GET /api/messages/16 HTTP/1.1" 200 -
INFO:werkzeug:127.0.0.1 - - [21/Mar/2026 23:28:06] "GET /api/messages/16 HTTP/1.1" 200 -
INFO:werkzeug:127.0.0.1 - - [21/Mar/2026 23:28:11] "GET /api/messages/16 HTTP/1.1" 200 -
INFO:werkzeug:127.0.0.1 - - [21/Mar/2026 23:28:16] "GET /api/messages/16 HTTP/1.1" 200 -
INFO:werkzeug:127.0.0.1 - - [21/Mar/2026 23:28:21] "GET /api/messages/16 HTTP/1.1" 200 -
INFO:werkzeug:127.0.0.1 - - [21/Mar/2026 23:28:26] "GET /api/messages/16 HTTP/1.1" 200 -
INFO:werkzeug:127.0.0.1 - - [21/Mar/2026 23:28:31] "GET /api/messages/16 HTTP/1.1" 200 -
INFO:werkzeug:127.0.0.1 - - [21/Mar/2026 23:28:36] "GET /api/messages/16 HTTP/1.1" 200 -
INFO:werkzeug:127.0.0.1 - - [21/Mar/2026 23:28:41] "GET /api/messages/16 HTTP/1.1" 200 -
INFO:werkzeug:127.0.0.1 - - [21/Mar/2026 23:28:46] "GET /api/messages/16 HTTP/1.1" 200 -
INFO:werkzeug:127.0.0.1 - - [21/Mar/2026 23:28:51] "GET /api/messages/16 HTTP/1.1" 200 -
INFO:werkzeug:127.0.0.1 - - [21/Mar/2026 23:28:56] "GET /api/messages/16 HTTP/1.1" 200 -
INFO:werkzeug:127.0.0.1 - - [21/Mar/2026 23:29:01] "GET /api/messages/16 HTTP/1.1" 200 -
INFO:werkzeug:127.0.0.1 - - [21/Mar/2026 23:29:06] "GET /api/messages/16 HTTP/1.1" 200 -
INFO:werkzeug:127.0.0.1 - - [21/Mar/2026 23:29:11] "GET /api/messages/16 HTTP/1.1" 200 -
INFO:werkzeug:127.0.0.1 - - [21/Mar/2026 23:29:16] "GET /api/messages/16 HTTP/1.1" 200 -
INFO:werkzeug:127.0.0.1 - - [21/Mar/2026 23:29:21] "GET /api/messages/16 HTTP/1.1" 200 -
INFO:werkzeug:127.0.0.1 - - [21/Mar/2026 23:29:26] "GET /api/messages/16 HTTP/1.1" 200 -
INFO:werkzeug:127.0.0.1 - - [21/Mar/2026 23:29:31] "GET /api/messages/16 HTTP/1.1" 200 -
INFO:werkzeug:127.0.0.1 - - [21/Mar/2026 23:29:36] "GET /api/messages/16 HTTP/1.1" 200 -
INFO:werkzeug:127.0.0.1 - - [21/Mar/2026 23:29:41] "GET /api/messages/16 HTTP/1.1" 200 -
INFO:werkzeug:127.0.0.1 - - [21/Mar/2026 23:29:46] "GET /api/messages/16 HTTP/1.1" 200 -
INFO:werkzeug:127.0.0.1 - - [21/Mar/2026 23:29:51] "GET /api/messages/16 HTTP/1.1" 200 -
INFO:werkzeug:127.0.0.1 - - [21/Mar/2026 23:29:56] "GET /api/messages/16 HTTP/1.1" 200 -
INFO:werkzeug:127.0.0.1 - - [21/Mar/2026 23:30:01] "GET /api/messages/16 HTTP/1.1" 200 -
INFO:werkzeug:127.0.0.1 - - [21/Mar/2026 23:30:06] "GET /api/messages/16 HTTP/1.1" 200 -
INFO:werkzeug:127.0.0.1 - - [21/Mar/2026 23:30:11] "GET /api/messages/16 HTTP/1.1" 200 -
INFO:werkzeug:127.0.0.1 - - [21/Mar/2026 23:30:16] "GET /api/messages/16 HTTP/1.1" 200 -
INFO:werkzeug:127.0.0.1 - - [21/Mar/2026 23:30:21] "GET /api/messages/16 HTTP/1.1" 200 -
INFO:werkzeug:127.0.0.1 - - [21/Mar/2026 23:30:26] "GET /api/messages/16 HTTP/1.1" 200 -
INFO:werkzeug:127.0.0.1 - - [21/Mar/2026 23:30:31] "GET /api/messages/16 HTTP/1.1" 200 -
INFO:werkzeug:127.0.0.1 - - [21/Mar/2026 23:30:36] "GET /api/messages/16 HTTP/1.1" 200 -
INFO:werkzeug:127.0.0.1 - - [21/Mar/2026 23:30:41] "GET /api/messages/16 HTTP/1.1" 200 -
INFO:werkzeug:127.0.0.1 - - [21/Mar/2026 23:30:46] "GET /api/messages/16 HTTP/1.1" 200 -
INFO:werkzeug:127.0.0.1 - - [21/Mar/2026 23:30:51] "GET /api/messages/16 HTTP/1.1" 200 -
INFO:werkzeug:127.0.0.1 - - [21/Mar/2026 23:30:56] "GET /api/messages/16 HTTP/1.1" 200 -
INFO:werkzeug:127.0.0.1 - - [21/Mar/2026 23:31:01] "GET /api/messages/16 HTTP/1.1" 200 -
INFO:werkzeug:127.0.0.1 - - [21/Mar/2026 23:31:06] "GET /api/messages/16 HTTP/1.1" 200 -
INFO:werkzeug:127.0.0.1 - - [21/Mar/2026 23:31:11] "GET /api/messages/16 HTTP/1.1" 200 -
INFO:werkzeug:127.0.0.1 - - [21/Mar/2026 23:31:16] "GET /api/messages/16 HTTP/1.1" 200 -
INFO:werkzeug:127.0.0.1 - - [21/Mar/2026 23:31:21] "GET /api/messages/16 HTTP/1.1" 200 -
INFO:werkzeug:127.0.0.1 - - [21/Mar/2026 23:31:26] "GET /api/messages/16 HTTP/1.1" 200 -
INFO:werkzeug: * Detected change in 'C:\\Users\\niran\\Desktop\\recoveryassist new\\app.py', reloading
INFO:werkzeug: * Detected change in 'C:\\Users\\niran\\Desktop\\recoveryassist new\\app.py', reloading
INFO:werkzeug: * Detected change in 'C:\\Users\\niran\\Desktop\\recoveryassist new\\app.py', reloading
INFO:werkzeug: * Restarting with watchdog (windowsapi)
WARNING:werkzeug: * Debugger is active!
INFO:werkzeug: * Debugger PIN: 330-919-327
INFO:werkzeug: * Detected change in 'C:\\Users\\niran\\AppData\\Local\\Programs\\Python\\Python313\\Lib\\site-packages\\flask\\__init__.py', reloading
INFO:werkzeug: * Restarting with watchdog (windowsapi)
WARNING:werkzeug: * Debugger is active!
INFO:werkzeug: * Debugger PIN: 330-919-327
INFO:werkzeug: * Detected change in 'C:\\Users\\niran\\AppData\\Local\\Programs\\Python\\Python313\\Lib\\site-packages\\PIL\\__init__.py', reloading
INFO:werkzeug: * Restarting with watchdog (windowsapi)
WARNING:werkzeug: * Debugger is active!
INFO:werkzeug: * Debugger PIN: 330-919-327
INFO:werkzeug:127.0.0.1 - - [22/Mar/2026 00:34:16] "GET /api/messages/16 HTTP/1.1" 200 -
INFO:werkzeug:127.0.0.1 - - [22/Mar/2026 00:34:16] "GET /api/messages/16 HTTP/1.1" 200 -
INFO:werkzeug:127.0.0.1 - - [22/Mar/2026 00:34:21] "GET /api/messages/16 HTTP/1.1" 200 -
INFO:werkzeug:127.0.0.1 - - [22/Mar/2026 00:34:26] "GET /api/messages/16 HTTP/1.1" 200 -
INFO:werkzeug:127.0.0.1 - - [22/Mar/2026 00:34:31] "GET /api/messages/16 HTTP/1.1" 200 -
INFO:werkzeug:127.0.0.1 - - [22/Mar/2026 00:34:36] "GET /api/messages/16 HTTP/1.1" 200 -
INFO:werkzeug:127.0.0.1 - - [22/Mar/2026 00:34:41] "GET /api/messages/16 HTTP/1.1" 200 -
INFO:werkzeug:127.0.0.1 - - [22/Mar/2026 00:34:46] "GET /api/messages/16 HTTP/1.1" 200 -
INFO:werkzeug:127.0.0.1 - - [22/Mar/2026 00:34:51] "GET /api/messages/16 HTTP/1.1" 200 -
INFO:werkzeug:127.0.0.1 - - [22/Mar/2026 00:34:56] "GET /api/messages/16 HTTP/1.1" 200 -
INFO:werkzeug:127.0.0.1 - - [22/Mar/2026 00:35:01] "GET /api/messages/16 HTTP/1.1" 200 -
INFO:werkzeug:127.0.0.1 - - [22/Mar/2026 00:35:06] "GET /api/messages/16 HTTP/1.1" 200 -
INFO:werkzeug:127.0.0.1 - - [22/Mar/2026 00:35:11] "GET /api/messages/16 HTTP/1.1" 200 -
INFO:werkzeug:127.0.0.1 - - [22/Mar/2026 00:35:16] "GET /api/messages/16 HTTP/1.1" 200 -
INFO:werkzeug:127.0.0.1 - - [22/Mar/2026 00:35:21] "GET /api/messages/16 HTTP/1.1" 200 -
INFO:werkzeug:127.0.0.1 - - [22/Mar/2026 00:35:26] "GET /api/messages/16 HTTP/1.1" 200 -
INFO:werkzeug:127.0.0.1 - - [22/Mar/2026 00:35:31] "GET /api/messages/16 HTTP/1.1" 200 -
INFO:werkzeug:127.0.0.1 - - [22/Mar/2026 00:35:36] "GET /api/messages/16 HTTP/1.1" 200 -
INFO:werkzeug:127.0.0.1 - - [22/Mar/2026 00:35:41] "GET /api/messages/16 HTTP/1.1" 200 -
INFO:werkzeug:127.0.0.1 - - [22/Mar/2026 00:35:46] "GET /api/messages/16 HTTP/1.1" 200 -
INFO:werkzeug:127.0.0.1 - - [22/Mar/2026 00:35:51] "GET /api/messages/16 HTTP/1.1" 200 -
INFO:werkzeug:127.0.0.1 - - [22/Mar/2026 00:35:56] "GET /api/messages/16 HTTP/1.1" 200 -
INFO:werkzeug:127.0.0.1 - - [22/Mar/2026 00:36:01] "GET /api/messages/16 HTTP/1.1" 200 -
INFO:werkzeug:127.0.0.1 - - [22/Mar/2026 00:36:06] "GET /api/messages/16 HTTP/1.1" 200 -
INFO:werkzeug:127.0.0.1 - - [22/Mar/2026 00:36:11] "GET /api/messages/16 HTTP/1.1" 200 -
INFO:werkzeug:127.0.0.1 - - [22/Mar/2026 00:36:16] "GET /api/messages/16 HTTP/1.1" 200 -
INFO:werkzeug:127.0.0.1 - - [22/Mar/2026 00:36:21] "GET /api/messages/16 HTTP/1.1" 200 -
INFO:werkzeug:127.0.0.1 - - [22/Mar/2026 00:36:26] "GET /api/messages/16 HTTP/1.1" 200 -
INFO:werkzeug:[31m[1mWARNING: This is a development server. Do not use it in a production deployment. Use a production WSGI server instead.[0m
 * Running on http://127.0.0.1:5000
INFO:werkzeug:[33mPress CTRL+C to quit[0m
INFO:werkzeug: * Restarting with watchdog (windowsapi)
WARNING:werkzeug: * Debugger is active!
INFO:werkzeug: * Debugger PIN: 330-919-327
INFO:werkzeug:127.0.0.1 - - [22/Mar/2026 00:36:31] "GET /api/messages/16 HTTP/1.1" 200 -
INFO:werkzeug:127.0.0.1 - - [22/Mar/2026 00:36:36] "GET /api/messages/16 HTTP/1.1" 200 -
INFO:werkzeug:127.0.0.1 - - [22/Mar/2026 00:36:41] "GET /api/messages/16 HTTP/1.1" 200 -
INFO:werkzeug:127.0.0.1 - - [22/Mar/2026 00:36:46] "GET /api/messages/16 HTTP/1.1" 200 -
INFO:werkzeug:127.0.0.1 - - [22/Mar/2026 00:36:51] "GET /api/messages/16 HTTP/1.1" 200 -
INFO:werkzeug:127.0.0.1 - - [22/Mar/2026 00:36:56] "GET /api/messages/16 HTTP/1.1" 200 -
INFO:werkzeug:127.0.0.1 - - [22/Mar/2026 00:36:58] "[32mGET /view_case/16 HTTP/1.1[0m" 302 -
INFO:werkzeug:127.0.0.1 - - [22/Mar/2026 00:36:58] "GET /login HTTP/1.1" 200 -
INFO:werkzeug:127.0.0.1 - - [22/Mar/2026 00:36:58] "GET /static/main.css HTTP/1.1" 200 -
INFO:werkzeug:127.0.0.1 - - [22/Mar/2026 00:37:00] "[32mPOST /login HTTP/1.1[0m" 302 -
INFO:werkzeug:127.0.0.1 - - [22/Mar/2026 00:37:00] "GET /patient_dashboard HTTP/1.1" 200 -
INFO:werkzeug:127.0.0.1 - - [22/Mar/2026 00:37:00] "[36mGET /static/main.css HTTP/1.1[0m" 304 -
INFO:werkzeug:127.0.0.1 - - [22/Mar/2026 00:37:00] "[36mGET /static/script.js HTTP/1.1[0m" 304 -
INFO:werkzeug:127.0.0.1 - - [22/Mar/2026 00:37:03] "GET /view_case/16 HTTP/1.1" 200 -
INFO:werkzeug:127.0.0.1 - - [22/Mar/2026 00:37:03] "[36mGET /static/main.css HTTP/1.1[0m" 304 -
INFO:werkzeug:127.0.0.1 - - [22/Mar/2026 00:37:08] "GET /api/messages/16 HTTP/1.1" 200 -
INFO:werkzeug:127.0.0.1 - - [22/Mar/2026 00:37:13] "GET /api/messages/16 HTTP/1.1" 200 -
INFO:werkzeug:127.0.0.1 - - [22/Mar/2026 00:37:18] "GET /api/messages/16 HTTP/1.1" 200 -
INFO:werkzeug:127.0.0.1 - - [22/Mar/2026 00:37:23] "GET /api/messages/16 HTTP/1.1" 200 -
INFO:werkzeug:127.0.0.1 - - [22/Mar/2026 00:37:28] "GET /api/messages/16 HTTP/1.1" 200 -
INFO:werkzeug:127.0.0.1 - - [22/Mar/2026 00:37:33] "GET /api/messages/16 HTTP/1.1" 200 -
INFO:werkzeug:127.0.0.1 - - [22/Mar/2026 00:37:38] "GET /api/messages/16 HTTP/1.1" 200 -
INFO:werkzeug:127.0.0.1 - - [22/Mar/2026 00:37:43] "GET /api/messages/16 HTTP/1.1" 200 -
INFO:werkzeug:127.0.0.1 - - [22/Mar/2026 00:37:48] "GET /api/messages/16 HTTP/1.1" 200 -
INFO:werkzeug:127.0.0.1 - - [22/Mar/2026 00:37:53] "GET /api/messages/16 HTTP/1.1" 200 -
INFO:werkzeug:127.0.0.1 - - [22/Mar/2026 00:37:58] "GET /api/messages/16 HTTP/1.1" 200 -
INFO:werkzeug:127.0.0.1 - - [22/Mar/2026 00:38:03] "GET /api/messages/16 HTTP/1.1" 200 -
INFO:werkzeug:127.0.0.1 - - [22/Mar/2026 00:38:08] "GET /api/messages/16 HTTP/1.1" 200 -
INFO:werkzeug:127.0.0.1 - - [22/Mar/2026 00:38:08] "GET /chat/16/1 HTTP/1.1" 200 -
INFO:werkzeug:127.0.0.1 - - [22/Mar/2026 00:38:13] "GET /api/messages/16 HTTP/1.1" 200 -
INFO:werkzeug:127.0.0.1 - - [22/Mar/2026 00:38:16] "POST /send_message/16/1 HTTP/1.1" 200 -
INFO:werkzeug:127.0.0.1 - - [22/Mar/2026 00:38:18] "GET /api/messages/16 HTTP/1.1" 200 -
INFO:werkzeug:127.0.0.1 - - [22/Mar/2026 00:38:24] "GET /login HTTP/1.1" 200 -
INFO:werkzeug:127.0.0.1 - - [22/Mar/2026 00:38:31] "GET /doctor_login HTTP/1.1" 200 -
INFO:werkzeug:127.0.0.1 - - [22/Mar/2026 00:38:31] "[36mGET /static/main.css HTTP/1.1[0m" 304 -
INFO:werkzeug:127.0.0.1 - - [22/Mar/2026 00:40:29] "[32mPOST /doctor_login HTTP/1.1[0m" 302 -
INFO:werkzeug:127.0.0.1 - - [22/Mar/2026 00:40:29] "GET /doctor_dashboard HTTP/1.1" 200 -
INFO:werkzeug:127.0.0.1 - - [22/Mar/2026 00:40:30] "[36mGET /static/main.css HTTP/1.1[0m" 304 -
INFO:werkzeug:127.0.0.1 - - [22/Mar/2026 00:40:36] "GET /patient_detail/16 HTTP/1.1" 200 -
INFO:werkzeug:127.0.0.1 - - [22/Mar/2026 00:40:36] "GET /patient_detail/16 HTTP/1.1" 200 -
INFO:werkzeug:127.0.0.1 - - [22/Mar/2026 00:40:36] "[36mGET /static/main.css HTTP/1.1[0m" 304 -
INFO:werkzeug:127.0.0.1 - - [22/Mar/2026 00:40:41] "GET /api/messages/16 HTTP/1.1" 200 -
INFO:werkzeug:127.0.0.1 - - [22/Mar/2026 00:40:46] "GET /api/messages/16 HTTP/1.1" 200 -
INFO:werkzeug:127.0.0.1 - - [22/Mar/2026 00:40:51] "GET /api/messages/16 HTTP/1.1" 200 -
INFO:werkzeug:127.0.0.1 - - [22/Mar/2026 00:40:56] "GET /api/messages/16 HTTP/1.1" 200 -
INFO:werkzeug:127.0.0.1 - - [22/Mar/2026 00:41:01] "GET /api/messages/16 HTTP/1.1" 200 -
INFO:werkzeug:127.0.0.1 - - [22/Mar/2026 00:41:06] "GET /api/messages/16 HTTP/1.1" 200 -
INFO:werkzeug:127.0.0.1 - - [22/Mar/2026 00:41:11] "GET /api/messages/16 HTTP/1.1" 200 -
INFO:werkzeug:127.0.0.1 - - [22/Mar/2026 00:41:16] "GET /api/messages/16 HTTP/1.1" 200 -
INFO:werkzeug:127.0.0.1 - - [22/Mar/2026 00:41:21] "GET /api/messages/16 HTTP/1.1" 200 -
INFO:werkzeug:127.0.0.1 - - [22/Mar/2026 00:41:25] "GET /doctor_dashboard HTTP/1.1" 200 -
INFO:werkzeug:127.0.0.1 - - [22/Mar/2026 00:41:25] "[36mGET /static/main.css HTTP/1.1[0m" 304 -
INFO:werkzeug:127.0.0.1 - - [22/Mar/2026 00:41:33] "GET /api/messages/16 HTTP/1.1" 200 -
INFO:werkzeug:[31m[1mWARNING: This is a development server. Do not use it in a production deployment. Use a production WSGI server instead.[0m
 * Running on http://127.0.0.1:5000
INFO:werkzeug:[33mPress CTRL+C to quit[0m
INFO:werkzeug: * Restarting with watchdog (windowsapi)
WARNING:werkzeug: * Debugger is active!
INFO:werkzeug: * Debugger PIN: 330-919-327
INFO:werkzeug:127.0.0.1 - - [22/Mar/2026 00:43:57] "GET / HTTP/1.1" 200 -
INFO:werkzeug:127.0.0.1 - - [22/Mar/2026 00:43:57] "[36mGET /static/main.css HTTP/1.1[0m" 304 -
INFO:werkzeug:127.0.0.1 - - [22/Mar/2026 00:43:57] "[36mGET /static/script.js HTTP/1.1[0m" 304 -
INFO:werkzeug:[31m[1mWARNING: This is a development server. Do not use it in a production deployment. Use a production WSGI server instead.[0m
 * Running on http://127.0.0.1:5000
INFO:werkzeug:[33mPress CTRL+C to quit[0m
INFO:werkzeug: * Restarting with watchdog (windowsapi)
WARNING:werkzeug: * Debugger is active!
INFO:werkzeug: * Debugger PIN: 330-919-327
INFO:werkzeug:127.0.0.1 - - [22/Mar/2026 00:47:07] "GET / HTTP/1.1" 200 -
INFO:werkzeug:127.0.0.1 - - [22/Mar/2026 00:47:07] "[36mGET /static/script.js HTTP/1.1[0m" 304 -
INFO:werkzeug:127.0.0.1 - - [22/Mar/2026 00:47:07] "GET /static/logo.svg HTTP/1.1" 200 -
INFO:werkzeug:127.0.0.1 - - [22/Mar/2026 00:47:07] "GET /static/main.css HTTP/1.1" 200 -
INFO:werkzeug:127.0.0.1 - - [22/Mar/2026 00:47:14] "GET /doctor_login HTTP/1.1" 200 -
INFO:werkzeug:127.0.0.1 - - [22/Mar/2026 00:47:14] "[36mGET /static/main.css HTTP/1.1[0m" 304 -
INFO:werkzeug:127.0.0.1 - - [22/Mar/2026 00:47:14] "[36mGET /static/logo.svg HTTP/1.1[0m" 304 -
INFO:werkzeug:[31m[1mWARNING: This is a development server. Do not use it in a production deployment. Use a production WSGI server instead.[0m
 * Running on http://127.0.0.1:5000
INFO:werkzeug:[33mPress CTRL+C to quit[0m
INFO:werkzeug: * Restarting with stat
WARNING:werkzeug: * Debugger is active!
INFO:werkzeug: * Debugger PIN: 101-074-703
INFO:werkzeug:127.0.0.1 - - [22/Mar/2026 14:04:20] "GET / HTTP/1.1" 200 -
INFO:werkzeug:127.0.0.1 - - [22/Mar/2026 14:04:21] "GET /static/script.js HTTP/1.1" 200 -
INFO:werkzeug:127.0.0.1 - - [22/Mar/2026 14:04:21] "GET /static/main.css HTTP/1.1" 200 -
INFO:werkzeug:127.0.0.1 - - [22/Mar/2026 14:04:21] "GET /static/logo.svg HTTP/1.1" 200 -
INFO:werkzeug:127.0.0.1 - - [22/Mar/2026 14:04:22] "[33mGET /favicon.ico HTTP/1.1[0m" 404 -
INFO:werkzeug:127.0.0.1 - - [22/Mar/2026 14:04:46] "[33mGET /about HTTP/1.1[0m" 404 -
INFO:werkzeug:127.0.0.1 - - [22/Mar/2026 14:04:56] "GET /login HTTP/1.1" 200 -
INFO:werkzeug:127.0.0.1 - - [22/Mar/2026 14:04:56] "[36mGET /static/logo.svg HTTP/1.1[0m" 304 -
INFO:werkzeug:127.0.0.1 - - [22/Mar/2026 14:04:56] "[36mGET /static/main.css HTTP/1.1[0m" 304 -
INFO:werkzeug:127.0.0.1 - - [22/Mar/2026 14:05:07] "[32mPOST /login HTTP/1.1[0m" 302 -
INFO:werkzeug:127.0.0.1 - - [22/Mar/2026 14:05:07] "GET /upload HTTP/1.1" 200 -
INFO:werkzeug:127.0.0.1 - - [22/Mar/2026 14:05:07] "[36mGET /static/main.css HTTP/1.1[0m" 304 -
INFO:werkzeug:127.0.0.1 - - [22/Mar/2026 14:05:53] "[32mPOST /upload HTTP/1.1[0m" 302 -
INFO:werkzeug:127.0.0.1 - - [22/Mar/2026 14:05:53] "GET /patient_dashboard HTTP/1.1" 200 -
INFO:werkzeug:127.0.0.1 - - [22/Mar/2026 14:05:53] "[36mGET /static/logo.svg HTTP/1.1[0m" 304 -
INFO:werkzeug:127.0.0.1 - - [22/Mar/2026 14:05:53] "[36mGET /static/script.js HTTP/1.1[0m" 304 -
INFO:werkzeug:127.0.0.1 - - [22/Mar/2026 14:05:53] "[36mGET /static/main.css HTTP/1.1[0m" 304 -
INFO:werkzeug:127.0.0.1 - - [22/Mar/2026 14:05:58] "GET /upload HTTP/1.1" 200 -
INFO:werkzeug:127.0.0.1 - - [22/Mar/2026 14:05:58] "[36mGET /static/main.css HTTP/1.1[0m" 304 -
INFO:werkzeug:127.0.0.1 - - [22/Mar/2026 14:06:17] "GET /view_case/17 HTTP/1.1" 200 -
INFO:werkzeug:127.0.0.1 - - [22/Mar/2026 14:06:17] "[36mGET /static/main.css HTTP/1.1[0m" 304 -
INFO:werkzeug:127.0.0.1 - - [22/Mar/2026 14:06:17] "[36mGET /static/logo.svg HTTP/1.1[0m" 304 -
INFO:werkzeug:127.0.0.1 - - [22/Mar/2026 14:06:23] "GET /api/messages/17 HTTP/1.1" 200 -
INFO:werkzeug:127.0.0.1 - - [22/Mar/2026 14:06:27] "GET /api/messages/17 HTTP/1.1" 200 -
INFO:werkzeug:127.0.0.1 - - [22/Mar/2026 14:06:33] "GET /api/messages/17 HTTP/1.1" 200 -
INFO:werkzeug:127.0.0.1 - - [22/Mar/2026 14:06:37] "GET /api/messages/17 HTTP/1.1" 200 -
INFO:werkzeug:127.0.0.1 - - [22/Mar/2026 14:06:42] "GET /api/messages/17 HTTP/1.1" 200 -
INFO:werkzeug:127.0.0.1 - - [22/Mar/2026 14:06:48] "GET /api/messages/17 HTTP/1.1" 200 -
INFO:werkzeug:127.0.0.1 - - [22/Mar/2026 14:06:52] "GET /api/messages/17 HTTP/1.1" 200 -
INFO:werkzeug:127.0.0.1 - - [22/Mar/2026 14:06:57] "GET /api/messages/17 HTTP/1.1" 200 -
INFO:werkzeug:127.0.0.1 - - [22/Mar/2026 14:07:02] "GET /api/messages/17 HTTP/1.1" 200 -
INFO:werkzeug:127.0.0.1 - - [22/Mar/2026 14:07:08] "GET /api/messages/17 HTTP/1.1" 200 -
INFO:werkzeug:127.0.0.1 - - [22/Mar/2026 14:07:10] "GET /patient_dashboard HTTP/1.1" 200 -
INFO:werkzeug:127.0.0.1 - - [22/Mar/2026 14:07:10] "[36mGET /static/main.css HTTP/1.1[0m" 304 -
INFO:werkzeug:127.0.0.1 - - [22/Mar/2026 14:07:10] "[36mGET /static/logo.svg HTTP/1.1[0m" 304 -
INFO:werkzeug:127.0.0.1 - - [22/Mar/2026 14:07:10] "[36mGET /static/script.js HTTP/1.1[0m" 304 -
INFO:werkzeug:127.0.0.1 - - [22/Mar/2026 14:07:43] "GET /view_case/17 HTTP/1.1" 200 -
INFO:werkzeug:127.0.0.1 - - [22/Mar/2026 14:07:43] "[36mGET /static/main.css HTTP/1.1[0m" 304 -
INFO:werkzeug:127.0.0.1 - - [22/Mar/2026 14:07:43] "[36mGET /static/logo.svg HTTP/1.1[0m" 304 -
INFO:werkzeug:127.0.0.1 - - [22/Mar/2026 14:07:48] "GET /api/messages/17 HTTP/1.1" 200 -
INFO:werkzeug:127.0.0.1 - - [22/Mar/2026 14:07:51] "GET /api/messages/17 HTTP/1.1" 200 -
INFO:werkzeug:127.0.0.1 - - [22/Mar/2026 14:07:56] "[32mGET /logout HTTP/1.1[0m" 302 -
INFO:werkzeug:127.0.0.1 - - [22/Mar/2026 14:07:56] "GET / HTTP/1.1" 200 -
INFO:werkzeug:127.0.0.1 - - [22/Mar/2026 14:07:57] "[36mGET /static/main.css HTTP/1.1[0m" 304 -
INFO:werkzeug:127.0.0.1 - - [22/Mar/2026 14:07:57] "[36mGET /static/script.js HTTP/1.1[0m" 304 -
INFO:werkzeug:127.0.0.1 - - [22/Mar/2026 14:07:57] "[36mGET /static/logo.svg HTTP/1.1[0m" 304 -
INFO:werkzeug:127.0.0.1 - - [22/Mar/2026 14:07:58] "GET /doctor_login HTTP/1.1" 200 -
INFO:werkzeug:127.0.0.1 - - [22/Mar/2026 14:07:58] "[36mGET /static/main.css HTTP/1.1[0m" 304 -
INFO:werkzeug:127.0.0.1 - - [22/Mar/2026 14:07:58] "[36mGET /static/logo.svg HTTP/1.1[0m" 304 -
INFO:werkzeug:127.0.0.1 - - [22/Mar/2026 14:08:04] "[32mPOST /doctor_login HTTP/1.1[0m" 302 -
INFO:werkzeug:127.0.0.1 - - [22/Mar/2026 14:08:05] "GET /doctor_dashboard HTTP/1.1" 200 -
INFO:werkzeug:127.0.0.1 - - [22/Mar/2026 14:08:05] "[36mGET /static/main.css HTTP/1.1[0m" 304 -
INFO:werkzeug:127.0.0.1 - - [22/Mar/2026 14:08:05] "[36mGET /static/logo.svg HTTP/1.1[0m" 304 -
INFO:werkzeug:127.0.0.1 - - [22/Mar/2026 14:08:10] "GET /patient_detail/16 HTTP/1.1" 200 -
INFO:werkzeug:127.0.0.1 - - [22/Mar/2026 14:08:10] "GET /patient_detail/16 HTTP/1.1" 200 -
INFO:werkzeug:127.0.0.1 - - [22/Mar/2026 14:08:10] "[36mGET /static/logo.svg HTTP/1.1[0m" 304 -
INFO:werkzeug:127.0.0.1 - - [22/Mar/2026 14:08:10] "[36mGET /static/main.css HTTP/1.1[0m" 304 -
INFO:werkzeug:127.0.0.1 - - [22/Mar/2026 14:08:15] "GET /api/messages/16 HTTP/1.1" 200 -
INFO:werkzeug:127.0.0.1 - - [22/Mar/2026 14:08:18] "GET /doctor_dashboard HTTP/1.1" 200 -
INFO:werkzeug:127.0.0.1 - - [22/Mar/2026 14:08:18] "[36mGET /static/main.css HTTP/1.1[0m" 304 -
INFO:werkzeug:127.0.0.1 - - [22/Mar/2026 14:08:18] "[36mGET /static/logo.svg HTTP/1.1[0m" 304 -
INFO:werkzeug:127.0.0.1 - - [22/Mar/2026 14:08:19] "[32mGET /logout HTTP/1.1[0m" 302 -
INFO:werkzeug:127.0.0.1 - - [22/Mar/2026 14:08:19] "GET / HTTP/1.1" 200 -
INFO:werkzeug:127.0.0.1 - - [22/Mar/2026 14:08:19] "[36mGET /static/main.css HTTP/1.1[0m" 304 -
INFO:werkzeug:127.0.0.1 - - [22/Mar/2026 14:08:19] "[36mGET /static/logo.svg HTTP/1.1[0m" 304 -
INFO:werkzeug:127.0.0.1 - - [22/Mar/2026 14:08:19] "[36mGET /static/script.js HTTP/1.1[0m" 304 -
INFO:werkzeug:127.0.0.1 - - [22/Mar/2026 14:08:20] "GET /login HTTP/1.1" 200 -
INFO:werkzeug:127.0.0.1 - - [22/Mar/2026 14:08:20] "[36mGET /static/main.css HTTP/1.1[0m" 304 -
INFO:werkzeug:127.0.0.1 - - [22/Mar/2026 14:08:20] "[36mGET /static/logo.svg HTTP/1.1[0m" 304 -
INFO:werkzeug:127.0.0.1 - - [22/Mar/2026 14:08:27] "[32mPOST /login HTTP/1.1[0m" 302 -
INFO:werkzeug:127.0.0.1 - - [22/Mar/2026 14:08:27] "GET /patient_dashboard HTTP/1.1" 200 -
INFO:werkzeug:127.0.0.1 - - [22/Mar/2026 14:08:27] "[36mGET /static/main.css HTTP/1.1[0m" 304 -
INFO:werkzeug:127.0.0.1 - - [22/Mar/2026 14:08:27] "[36mGET /static/logo.svg HTTP/1.1[0m" 304 -
INFO:werkzeug:127.0.0.1 - - [22/Mar/2026 14:08:27] "[36mGET /static/script.js HTTP/1.1[0m" 304 -
INFO:werkzeug:127.0.0.1 - - [22/Mar/2026 14:09:04] "GET /upload HTTP/1.1" 200 -
INFO:werkzeug:127.0.0.1 - - [22/Mar/2026 14:09:04] "[36mGET /static/main.css HTTP/1.1[0m" 304 -
INFO:werkzeug:127.0.0.1 - - [22/Mar/2026 14:09:11] "[32mGET /doctor_dashboard HTTP/1.1[0m" 302 -
INFO:werkzeug:127.0.0.1 - - [22/Mar/2026 14:09:11] "GET /doctor_login HTTP/1.1" 200 -
INFO:werkzeug:127.0.0.1 - - [22/Mar/2026 14:09:12] "GET /patient_detail/16 HTTP/1.1" 200 -
INFO:werkzeug:127.0.0.1 - - [22/Mar/2026 14:09:15] "GET /patient_dashboard HTTP/1.1" 200 -
INFO:werkzeug:127.0.0.1 - - [22/Mar/2026 14:09:15] "[36mGET /static/main.css HTTP/1.1[0m" 304 -
INFO:werkzeug:127.0.0.1 - - [22/Mar/2026 14:09:15] "[36mGET /static/logo.svg HTTP/1.1[0m" 304 -
INFO:werkzeug:127.0.0.1 - - [22/Mar/2026 14:09:15] "[36mGET /static/script.js HTTP/1.1[0m" 304 -
INFO:werkzeug:127.0.0.1 - - [22/Mar/2026 14:09:15] "GET /upload HTTP/1.1" 200 -
INFO:werkzeug:127.0.0.1 - - [22/Mar/2026 14:09:15] "[36mGET /static/main.css HTTP/1.1[0m" 304 -
INFO:werkzeug:127.0.0.1 - - [22/Mar/2026 14:09:17] "[32mGET /logout HTTP/1.1[0m" 302 -
INFO:werkzeug:127.0.0.1 - - [22/Mar/2026 14:09:17] "GET / HTTP/1.1" 200 -
INFO:werkzeug:127.0.0.1 - - [22/Mar/2026 14:09:17] "[36mGET /static/main.css HTTP/1.1[0m" 304 -
INFO:werkzeug:127.0.0.1 - - [22/Mar/2026 14:09:17] "[36mGET /static/logo.svg HTTP/1.1[0m" 304 -
INFO:werkzeug:127.0.0.1 - - [22/Mar/2026 14:09:17] "[36mGET /static/script.js HTTP/1.1[0m" 304 -
INFO:werkzeug:[31m[1mWARNING: This is a development server. Do not use it in a production deployment. Use a production WSGI server instead.[0m
 * Running on http://127.0.0.1:5000
INFO:werkzeug:[33mPress CTRL+C to quit[0m
INFO:werkzeug: * Restarting with stat
WARNING:werkzeug: * Debugger is active!
INFO:werkzeug: * Debugger PIN: 101-074-703
INFO:werkzeug:127.0.0.1 - - [22/Mar/2026 14:11:41] "GET / HTTP/1.1" 200 -
INFO:werkzeug:127.0.0.1 - - [22/Mar/2026 14:11:41] "[36mGET /static/script.js HTTP/1.1[0m" 304 -
INFO:werkzeug:127.0.0.1 - - [22/Mar/2026 14:11:41] "[36mGET /static/logo.svg HTTP/1.1[0m" 304 -
INFO:werkzeug:127.0.0.1 - - [22/Mar/2026 14:11:41] "[36mGET /static/main.css HTTP/1.1[0m" 304 -
INFO:werkzeug:127.0.0.1 - - [22/Mar/2026 14:11:41] "GET / HTTP/1.1" 200 -
INFO:werkzeug:127.0.0.1 - - [22/Mar/2026 14:11:41] "[36mGET /static/main.css HTTP/1.1[0m" 304 -
INFO:werkzeug:127.0.0.1 - - [22/Mar/2026 14:11:41] "[36mGET /static/logo.svg HTTP/1.1[0m" 304 -
INFO:werkzeug:127.0.0.1 - - [22/Mar/2026 14:11:41] "[36mGET /static/script.js HTTP/1.1[0m" 304 -
INFO:werkzeug:127.0.0.1 - - [22/Mar/2026 14:11:49] "GET /login HTTP/1.1" 200 -
INFO:werkzeug:127.0.0.1 - - [22/Mar/2026 14:11:49] "[36mGET /static/main.css HTTP/1.1[0m" 304 -
INFO:werkzeug:127.0.0.1 - - [22/Mar/2026 14:11:49] "[36mGET /static/logo.svg HTTP/1.1[0m" 304 -
INFO:werkzeug:127.0.0.1 - - [22/Mar/2026 14:11:56] "[32mPOST /login HTTP/1.1[0m" 302 -
INFO:werkzeug:127.0.0.1 - - [22/Mar/2026 14:11:57] "GET /patient_dashboard HTTP/1.1" 200 -
INFO:werkzeug:127.0.0.1 - - [22/Mar/2026 14:11:57] "[36mGET /static/logo.svg HTTP/1.1[0m" 304 -
INFO:werkzeug:127.0.0.1 - - [22/Mar/2026 14:11:57] "[36mGET /static/main.css HTTP/1.1[0m" 304 -
INFO:werkzeug:127.0.0.1 - - [22/Mar/2026 14:11:57] "[36mGET /static/script.js HTTP/1.1[0m" 304 -
INFO:werkzeug:127.0.0.1 - - [22/Mar/2026 14:12:03] "GET /view_case/17 HTTP/1.1" 200 -
INFO:werkzeug:127.0.0.1 - - [22/Mar/2026 14:12:03] "[36mGET /static/main.css HTTP/1.1[0m" 304 -
INFO:werkzeug:127.0.0.1 - - [22/Mar/2026 14:12:03] "[36mGET /static/logo.svg HTTP/1.1[0m" 304 -
INFO:werkzeug:127.0.0.1 - - [22/Mar/2026 14:12:09] "GET /api/messages/17 HTTP/1.1" 200 -
INFO:werkzeug:127.0.0.1 - - [22/Mar/2026 14:12:14] "GET /api/messages/17 HTTP/1.1" 200 -
INFO:werkzeug:127.0.0.1 - - [22/Mar/2026 14:12:19] "GET /api/messages/17 HTTP/1.1" 200 -
INFO:werkzeug:127.0.0.1 - - [22/Mar/2026 14:12:24] "GET /api/messages/17 HTTP/1.1" 200 -
INFO:werkzeug:127.0.0.1 - - [22/Mar/2026 14:12:29] "GET /api/messages/17 HTTP/1.1" 200 -
INFO:werkzeug:127.0.0.1 - - [22/Mar/2026 14:12:34] "GET /api/messages/17 HTTP/1.1" 200 -
INFO:werkzeug:127.0.0.1 - - [22/Mar/2026 14:12:39] "GET /api/messages/17 HTTP/1.1" 200 -
INFO:werkzeug:127.0.0.1 - - [22/Mar/2026 14:12:44] "GET /api/messages/17 HTTP/1.1" 200 -
INFO:werkzeug:127.0.0.1 - - [22/Mar/2026 14:12:49] "GET /api/messages/17 HTTP/1.1" 200 -
INFO:werkzeug:127.0.0.1 - - [22/Mar/2026 14:12:54] "GET /api/messages/17 HTTP/1.1" 200 -
INFO:werkzeug:127.0.0.1 - - [22/Mar/2026 14:12:59] "GET /api/messages/17 HTTP/1.1" 200 -
INFO:werkzeug:127.0.0.1 - - [22/Mar/2026 14:13:04] "GET /api/messages/17 HTTP/1.1" 200 -
INFO:werkzeug:127.0.0.1 - - [22/Mar/2026 14:13:09] "GET /api/messages/17 HTTP/1.1" 200 -
INFO:werkzeug:127.0.0.1 - - [22/Mar/2026 14:13:14] "GET /api/messages/17 HTTP/1.1" 200 -
INFO:werkzeug:127.0.0.1 - - [22/Mar/2026 14:13:19] "GET /api/messages/17 HTTP/1.1" 200 -
INFO:werkzeug:127.0.0.1 - - [22/Mar/2026 14:13:24] "GET /api/messages/17 HTTP/1.1" 200 -
INFO:werkzeug:127.0.0.1 - - [22/Mar/2026 14:13:52] "GET /api/messages/17 HTTP/1.1" 200 -
INFO:werkzeug:[31m[1mWARNING: This is a development server. Do not use it in a production deployment. Use a production WSGI server instead.[0m
 * Running on http://127.0.0.1:5000
INFO:werkzeug:[33mPress CTRL+C to quit[0m
INFO:werkzeug: * Restarting with stat
WARNING:werkzeug: * Debugger is active!
INFO:werkzeug: * Debugger PIN: 101-074-703
INFO:werkzeug:127.0.0.1 - - [22/Mar/2026 14:19:47] "GET / HTTP/1.1" 200 -
INFO:werkzeug:127.0.0.1 - - [22/Mar/2026 14:19:47] "[36mGET /static/logo.svg HTTP/1.1[0m" 304 -
INFO:werkzeug:127.0.0.1 - - [22/Mar/2026 14:19:47] "[36mGET /static/main.css HTTP/1.1[0m" 304 -
INFO:werkzeug:127.0.0.1 - - [22/Mar/2026 14:19:47] "[36mGET /static/script.js HTTP/1.1[0m" 304 -
INFO:werkzeug:127.0.0.1 - - [22/Mar/2026 14:19:54] "GET /login HTTP/1.1" 200 -
INFO:werkzeug:127.0.0.1 - - [22/Mar/2026 14:19:54] "[36mGET /static/main.css HTTP/1.1[0m" 304 -
INFO:werkzeug:127.0.0.1 - - [22/Mar/2026 14:19:54] "[36mGET /static/logo.svg HTTP/1.1[0m" 304 -
INFO:werkzeug:127.0.0.1 - - [22/Mar/2026 14:20:00] "[32mPOST /login HTTP/1.1[0m" 302 -
INFO:werkzeug:127.0.0.1 - - [22/Mar/2026 14:20:00] "GET /patient_dashboard HTTP/1.1" 200 -
INFO:werkzeug:127.0.0.1 - - [22/Mar/2026 14:20:00] "[36mGET /static/main.css HTTP/1.1[0m" 304 -
INFO:werkzeug:127.0.0.1 - - [22/Mar/2026 14:20:00] "[36mGET /static/logo.svg HTTP/1.1[0m" 304 -
INFO:werkzeug:127.0.0.1 - - [22/Mar/2026 14:20:00] "[36mGET /static/script.js HTTP/1.1[0m" 304 -
INFO:werkzeug:127.0.0.1 - - [22/Mar/2026 14:20:02] "GET /view_case/17 HTTP/1.1" 200 -
INFO:werkzeug:127.0.0.1 - - [22/Mar/2026 14:20:02] "[36mGET /static/main.css HTTP/1.1[0m" 304 -
INFO:werkzeug:127.0.0.1 - - [22/Mar/2026 14:20:02] "[36mGET /static/logo.svg HTTP/1.1[0m" 304 -
INFO:werkzeug:127.0.0.1 - - [22/Mar/2026 14:20:08] "GET /api/messages/17 HTTP/1.1" 200 -
INFO:werkzeug:127.0.0.1 - - [22/Mar/2026 14:20:13] "GET /api/messages/17 HTTP/1.1" 200 -
INFO:werkzeug:127.0.0.1 - - [22/Mar/2026 14:20:28] "GET /view_case/17 HTTP/1.1" 200 -
INFO:werkzeug:127.0.0.1 - - [22/Mar/2026 14:20:28] "[36mGET /static/logo.svg HTTP/1.1[0m" 304 -
INFO:werkzeug:127.0.0.1 - - [22/Mar/2026 14:20:28] "[36mGET /static/main.css HTTP/1.1[0m" 304 -
INFO:werkzeug:127.0.0.1 - - [22/Mar/2026 14:20:33] "GET /api/messages/17 HTTP/1.1" 200 -
INFO:werkzeug:127.0.0.1 - - [22/Mar/2026 14:20:38] "GET /api/messages/17 HTTP/1.1" 200 -
INFO:werkzeug:127.0.0.1 - - [22/Mar/2026 14:21:01] "[32mPOST /login HTTP/1.1[0m" 302 -
INFO:werkzeug:127.0.0.1 - - [22/Mar/2026 14:21:01] "GET /patient_dashboard HTTP/1.1" 200 -
INFO:werkzeug:127.0.0.1 - - [22/Mar/2026 14:21:02] "[36mGET /static/main.css HTTP/1.1[0m" 304 -
INFO:werkzeug:127.0.0.1 - - [22/Mar/2026 14:21:02] "[36mGET /static/logo.svg HTTP/1.1[0m" 304 -
INFO:werkzeug:127.0.0.1 - - [22/Mar/2026 14:21:02] "[36mGET /static/script.js HTTP/1.1[0m" 304 -
INFO:werkzeug:127.0.0.1 - - [22/Mar/2026 14:21:57] "GET / HTTP/1.1" 200 -
INFO:werkzeug:127.0.0.1 - - [22/Mar/2026 14:21:57] "[36mGET /static/script.js HTTP/1.1[0m" 304 -
INFO:werkzeug:127.0.0.1 - - [22/Mar/2026 14:21:57] "[36mGET /static/main.css HTTP/1.1[0m" 304 -
INFO:werkzeug:127.0.0.1 - - [22/Mar/2026 14:21:57] "[36mGET /static/logo.svg HTTP/1.1[0m" 304 -
INFO:werkzeug:127.0.0.1 - - [22/Mar/2026 14:21:57] "[33mGET /favicon.ico HTTP/1.1[0m" 404 -
INFO:werkzeug:127.0.0.1 - - [22/Mar/2026 14:22:00] "GET /login HTTP/1.1" 200 -
INFO:werkzeug:127.0.0.1 - - [22/Mar/2026 14:22:00] "[36mGET /static/main.css HTTP/1.1[0m" 304 -
INFO:werkzeug:127.0.0.1 - - [22/Mar/2026 14:22:00] "[36mGET /static/logo.svg HTTP/1.1[0m" 304 -
INFO:werkzeug:127.0.0.1 - - [22/Mar/2026 14:22:09] "POST /login HTTP/1.1" 200 -
INFO:werkzeug:127.0.0.1 - - [22/Mar/2026 14:22:11] "GET /login HTTP/1.1" 200 -
INFO:werkzeug:127.0.0.1 - - [22/Mar/2026 14:22:16] "[32mPOST /login HTTP/1.1[0m" 302 -
INFO:werkzeug:127.0.0.1 - - [22/Mar/2026 14:22:16] "GET /patient_dashboard HTTP/1.1" 200 -
INFO:werkzeug:127.0.0.1 - - [22/Mar/2026 14:22:16] "[36mGET /static/main.css HTTP/1.1[0m" 304 -
INFO:werkzeug:127.0.0.1 - - [22/Mar/2026 14:22:16] "[36mGET /static/logo.svg HTTP/1.1[0m" 304 -
INFO:werkzeug:127.0.0.1 - - [22/Mar/2026 14:22:16] "[36mGET /static/script.js HTTP/1.1[0m" 304 -
INFO:werkzeug:127.0.0.1 - - [22/Mar/2026 14:22:19] "GET /view_case/17 HTTP/1.1" 200 -
INFO:werkzeug:127.0.0.1 - - [22/Mar/2026 14:22:19] "[36mGET /static/main.css HTTP/1.1[0m" 304 -
INFO:werkzeug:127.0.0.1 - - [22/Mar/2026 14:22:19] "[36mGET /static/logo.svg HTTP/1.1[0m" 304 -
INFO:werkzeug:[31m[1mWARNING: This is a development server. Do not use it in a production deployment. Use a production WSGI server instead.[0m
 * Running on http://127.0.0.1:5000
INFO:werkzeug:[33mPress CTRL+C to quit[0m
INFO:werkzeug: * Restarting with stat
WARNING:werkzeug: * Debugger is active!
INFO:werkzeug: * Debugger PIN: 101-074-703
INFO:werkzeug:[31m[1mWARNING: This is a development server. Do not use it in a production deployment. Use a production WSGI server instead.[0m
 * Running on http://127.0.0.1:5000
INFO:werkzeug:[33mPress CTRL+C to quit[0m
INFO:werkzeug: * Restarting with stat
WARNING:werkzeug: * Debugger is active!
INFO:werkzeug: * Debugger PIN: 101-074-703
INFO:werkzeug:[31m[1mWARNING: This is a development server. Do not use it in a production deployment. Use a production WSGI server instead.[0m
 * Running on http://127.0.0.1:5000
INFO:werkzeug:[33mPress CTRL+C to quit[0m
INFO:werkzeug: * Restarting with stat
WARNING:werkzeug: * Debugger is active!
INFO:werkzeug: * Debugger PIN: 101-074-703
INFO:werkzeug:127.0.0.1 - - [22/Mar/2026 14:25:46] "GET / HTTP/1.1" 200 -
INFO:werkzeug:127.0.0.1 - - [22/Mar/2026 14:25:46] "[36mGET /static/main.css HTTP/1.1[0m" 304 -
INFO:werkzeug:127.0.0.1 - - [22/Mar/2026 14:25:46] "[36mGET /static/logo.svg HTTP/1.1[0m" 304 -
INFO:werkzeug:127.0.0.1 - - [22/Mar/2026 14:25:46] "[36mGET /static/script.js HTTP/1.1[0m" 304 -
INFO:werkzeug:127.0.0.1 - - [22/Mar/2026 14:25:53] "GET /login HTTP/1.1" 200 -
INFO:werkzeug:127.0.0.1 - - [22/Mar/2026 14:25:53] "[36mGET /static/main.css HTTP/1.1[0m" 304 -
INFO:werkzeug:127.0.0.1 - - [22/Mar/2026 14:25:53] "[36mGET /static/logo.svg HTTP/1.1[0m" 304 -
INFO:werkzeug:127.0.0.1 - - [22/Mar/2026 14:25:58] "[32mPOST /login HTTP/1.1[0m" 302 -
INFO:werkzeug:127.0.0.1 - - [22/Mar/2026 14:25:58] "GET /patient_dashboard HTTP/1.1" 200 -
INFO:werkzeug:127.0.0.1 - - [22/Mar/2026 14:25:58] "[36mGET /static/main.css HTTP/1.1[0m" 304 -
INFO:werkzeug:127.0.0.1 - - [22/Mar/2026 14:25:58] "[36mGET /static/logo.svg HTTP/1.1[0m" 304 -
INFO:werkzeug:127.0.0.1 - - [22/Mar/2026 14:25:58] "[36mGET /static/script.js HTTP/1.1[0m" 304 -
INFO:werkzeug:127.0.0.1 - - [22/Mar/2026 14:26:09] "GET /view_case/17 HTTP/1.1" 200 -
INFO:werkzeug:127.0.0.1 - - [22/Mar/2026 14:26:09] "[36mGET /static/main.css HTTP/1.1[0m" 304 -
INFO:werkzeug:127.0.0.1 - - [22/Mar/2026 14:26:09] "[36mGET /static/logo.svg HTTP/1.1[0m" 304 -
INFO:werkzeug:127.0.0.1 - - [22/Mar/2026 14:27:15] "GET /upload HTTP/1.1" 200 -
INFO:werkzeug:127.0.0.1 - - [22/Mar/2026 14:27:15] "[36mGET /static/main.css HTTP/1.1[0m" 304 -
INFO:werkzeug:127.0.0.1 - - [22/Mar/2026 14:27:23] "GET /upload HTTP/1.1" 200 -
INFO:werkzeug:127.0.0.1 - - [22/Mar/2026 14:27:23] "[36mGET /static/main.css HTTP/1.1[0m" 304 -
INFO:werkzeug:[31m[1mWARNING: This is a development server. Do not use it in a production deployment. Use a production WSGI server instead.[0m
 * Running on http://127.0.0.1:5000
INFO:werkzeug:[33mPress CTRL+C to quit[0m
INFO:werkzeug: * Restarting with stat
WARNING:werkzeug: * Debugger is active!
INFO:werkzeug: * Debugger PIN: 101-074-703
INFO:werkzeug:127.0.0.1 - - [22/Mar/2026 14:33:34] "GET / HTTP/1.1" 200 -
INFO:werkzeug:127.0.0.1 - - [22/Mar/2026 14:33:34] "GET /static/main.css HTTP/1.1" 200 -
INFO:werkzeug:127.0.0.1 - - [22/Mar/2026 14:33:34] "[36mGET /static/logo.svg HTTP/1.1[0m" 304 -
INFO:werkzeug:127.0.0.1 - - [22/Mar/2026 14:33:34] "GET /static/script.js HTTP/1.1" 200 -
INFO:werkzeug:127.0.0.1 - - [22/Mar/2026 14:33:34] "[33mGET /favicon.ico HTTP/1.1[0m" 404 -
INFO:werkzeug:127.0.0.1 - - [22/Mar/2026 14:33:41] "GET /login HTTP/1.1" 200 -
INFO:werkzeug:127.0.0.1 - - [22/Mar/2026 14:33:41] "[36mGET /static/main.css HTTP/1.1[0m" 304 -
INFO:werkzeug:127.0.0.1 - - [22/Mar/2026 14:33:41] "[36mGET /static/logo.svg HTTP/1.1[0m" 304 -
INFO:werkzeug:127.0.0.1 - - [22/Mar/2026 14:33:48] "[32mPOST /login HTTP/1.1[0m" 302 -
INFO:werkzeug:127.0.0.1 - - [22/Mar/2026 14:33:48] "GET /patient_dashboard HTTP/1.1" 200 -
INFO:werkzeug:127.0.0.1 - - [22/Mar/2026 14:33:48] "[36mGET /static/main.css HTTP/1.1[0m" 304 -
INFO:werkzeug:127.0.0.1 - - [22/Mar/2026 14:33:48] "[36mGET /static/logo.svg HTTP/1.1[0m" 304 -
INFO:werkzeug:127.0.0.1 - - [22/Mar/2026 14:33:48] "[36mGET /static/script.js HTTP/1.1[0m" 304 -
INFO:werkzeug:[31m[1mWARNING: This is a development server. Do not use it in a production deployment. Use a production WSGI server instead.[0m
 * Running on http://127.0.0.1:5000
INFO:werkzeug:[33mPress CTRL+C to quit[0m
INFO:werkzeug: * Restarting with stat
WARNING:werkzeug: * Debugger is active!
INFO:werkzeug: * Debugger PIN: 101-074-703
INFO:werkzeug:127.0.0.1 - - [22/Mar/2026 14:36:25] "GET / HTTP/1.1" 200 -
INFO:werkzeug:127.0.0.1 - - [22/Mar/2026 14:36:25] "[36mGET /static/logo.svg HTTP/1.1[0m" 304 -
INFO:werkzeug:127.0.0.1 - - [22/Mar/2026 14:36:25] "[36mGET /static/main.css HTTP/1.1[0m" 304 -
INFO:werkzeug:127.0.0.1 - - [22/Mar/2026 14:36:25] "[36mGET /static/script.js HTTP/1.1[0m" 304 -
INFO:werkzeug:127.0.0.1 - - [22/Mar/2026 14:36:30] "GET /login HTTP/1.1" 200 -
INFO:werkzeug:127.0.0.1 - - [22/Mar/2026 14:36:30] "[36mGET /static/main.css HTTP/1.1[0m" 304 -
INFO:werkzeug:127.0.0.1 - - [22/Mar/2026 14:36:30] "[36mGET /static/logo.svg HTTP/1.1[0m" 304 -
INFO:werkzeug:127.0.0.1 - - [22/Mar/2026 14:37:23] "GET /doctor_login HTTP/1.1" 200 -
INFO:werkzeug:127.0.0.1 - - [22/Mar/2026 14:37:23] "[36mGET /static/main.css HTTP/1.1[0m" 304 -
INFO:werkzeug:127.0.0.1 - - [22/Mar/2026 14:37:23] "[36mGET /static/logo.svg HTTP/1.1[0m" 304 -
INFO:werkzeug:127.0.0.1 - - [22/Mar/2026 14:37:27] "GET /doctor_register HTTP/1.1" 200 -
INFO:werkzeug:127.0.0.1 - - [22/Mar/2026 14:37:27] "[36mGET /static/main.css HTTP/1.1[0m" 304 -
INFO:werkzeug:127.0.0.1 - - [22/Mar/2026 14:37:27] "[36mGET /static/logo.svg HTTP/1.1[0m" 304 -
INFO:werkzeug:127.0.0.1 - - [22/Mar/2026 14:38:38] "[32mPOST /doctor_register HTTP/1.1[0m" 302 -
INFO:werkzeug:127.0.0.1 - - [22/Mar/2026 14:38:38] "GET /doctor_login HTTP/1.1" 200 -
INFO:werkzeug:127.0.0.1 - - [22/Mar/2026 14:38:38] "[36mGET /static/main.css HTTP/1.1[0m" 304 -
INFO:werkzeug:127.0.0.1 - - [22/Mar/2026 14:38:38] "[36mGET /static/logo.svg HTTP/1.1[0m" 304 -
INFO:werkzeug:127.0.0.1 - - [22/Mar/2026 14:38:51] "[32mPOST /doctor_login HTTP/1.1[0m" 302 -
INFO:werkzeug:127.0.0.1 - - [22/Mar/2026 14:38:51] "GET /doctor_dashboard HTTP/1.1" 200 -
INFO:werkzeug:127.0.0.1 - - [22/Mar/2026 14:38:51] "[36mGET /static/main.css HTTP/1.1[0m" 304 -
INFO:werkzeug:127.0.0.1 - - [22/Mar/2026 14:38:51] "[36mGET /static/logo.svg HTTP/1.1[0m" 304 -
INFO:werkzeug:127.0.0.1 - - [22/Mar/2026 14:39:13] "GET /doctor_register HTTP/1.1" 200 -
INFO:werkzeug:127.0.0.1 - - [22/Mar/2026 14:39:13] "[36mGET /static/logo.svg HTTP/1.1[0m" 304 -
INFO:werkzeug:127.0.0.1 - - [22/Mar/2026 14:39:13] "[36mGET /static/main.css HTTP/1.1[0m" 304 -
INFO:werkzeug:127.0.0.1 - - [22/Mar/2026 14:40:28] "[32mPOST /doctor_register HTTP/1.1[0m" 302 -
INFO:werkzeug:127.0.0.1 - - [22/Mar/2026 14:40:28] "GET /doctor_login HTTP/1.1" 200 -
INFO:werkzeug:127.0.0.1 - - [22/Mar/2026 14:40:28] "[36mGET /static/main.css HTTP/1.1[0m" 304 -
INFO:werkzeug:127.0.0.1 - - [22/Mar/2026 14:40:28] "[36mGET /static/logo.svg HTTP/1.1[0m" 304 -
INFO:werkzeug:127.0.0.1 - - [22/Mar/2026 14:40:37] "[32mPOST /doctor_login HTTP/1.1[0m" 302 -
INFO:werkzeug:127.0.0.1 - - [22/Mar/2026 14:40:37] "GET /doctor_dashboard HTTP/1.1" 200 -
INFO:werkzeug:127.0.0.1 - - [22/Mar/2026 14:40:37] "[36mGET /static/main.css HTTP/1.1[0m" 304 -
INFO:werkzeug:127.0.0.1 - - [22/Mar/2026 14:40:37] "[36mGET /static/logo.svg HTTP/1.1[0m" 304 -
INFO:werkzeug:127.0.0.1 - - [22/Mar/2026 14:40:48] "GET /login HTTP/1.1" 200 -
INFO:werkzeug:127.0.0.1 - - [22/Mar/2026 14:40:48] "[36mGET /static/main.css HTTP/1.1[0m" 304 -
INFO:werkzeug:127.0.0.1 - - [22/Mar/2026 14:40:48] "[36mGET /static/logo.svg HTTP/1.1[0m" 304 -
INFO:werkzeug:127.0.0.1 - - [22/Mar/2026 14:40:50] "GET /register HTTP/1.1" 200 -
INFO:werkzeug:127.0.0.1 - - [22/Mar/2026 14:40:50] "[36mGET /static/main.css HTTP/1.1[0m" 304 -
INFO:werkzeug:127.0.0.1 - - [22/Mar/2026 14:40:50] "[36mGET /static/logo.svg HTTP/1.1[0m" 304 -
INFO:werkzeug:127.0.0.1 - - [22/Mar/2026 14:41:13] "[32mPOST /register HTTP/1.1[0m" 302 -
INFO:werkzeug:127.0.0.1 - - [22/Mar/2026 14:41:13] "GET /login HTTP/1.1" 200 -
INFO:werkzeug:127.0.0.1 - - [22/Mar/2026 14:41:13] "[36mGET /static/main.css HTTP/1.1[0m" 304 -
INFO:werkzeug:127.0.0.1 - - [22/Mar/2026 14:41:13] "[36mGET /static/logo.svg HTTP/1.1[0m" 304 -
INFO:werkzeug:127.0.0.1 - - [22/Mar/2026 14:41:21] "[32mPOST /login HTTP/1.1[0m" 302 -
INFO:werkzeug:127.0.0.1 - - [22/Mar/2026 14:41:21] "GET /upload HTTP/1.1" 200 -
INFO:werkzeug:127.0.0.1 - - [22/Mar/2026 14:41:21] "[36mGET /static/main.css HTTP/1.1[0m" 304 -
INFO:werkzeug:127.0.0.1 - - [22/Mar/2026 14:41:30] "[32mPOST /upload HTTP/1.1[0m" 302 -
INFO:werkzeug:127.0.0.1 - - [22/Mar/2026 14:41:30] "GET /patient_dashboard HTTP/1.1" 200 -
INFO:werkzeug:127.0.0.1 - - [22/Mar/2026 14:41:30] "[36mGET /static/logo.svg HTTP/1.1[0m" 304 -
INFO:werkzeug:127.0.0.1 - - [22/Mar/2026 14:41:30] "[36mGET /static/script.js HTTP/1.1[0m" 304 -
INFO:werkzeug:127.0.0.1 - - [22/Mar/2026 14:41:30] "[36mGET /static/main.css HTTP/1.1[0m" 304 -
INFO:werkzeug:127.0.0.1 - - [22/Mar/2026 14:41:45] "GET /view_case/1 HTTP/1.1" 200 -
INFO:werkzeug:127.0.0.1 - - [22/Mar/2026 14:41:45] "[36mGET /static/main.css HTTP/1.1[0m" 304 -
INFO:werkzeug:127.0.0.1 - - [22/Mar/2026 14:41:45] "[36mGET /static/logo.svg HTTP/1.1[0m" 304 -
INFO:werkzeug:127.0.0.1 - - [22/Mar/2026 14:41:50] "GET /api/messages/1 HTTP/1.1" 200 -
INFO:werkzeug:127.0.0.1 - - [22/Mar/2026 14:41:55] "GET /api/messages/1 HTTP/1.1" 200 -
INFO:werkzeug:127.0.0.1 - - [22/Mar/2026 14:42:00] "GET /api/messages/1 HTTP/1.1" 200 -
INFO:werkzeug:127.0.0.1 - - [22/Mar/2026 14:42:05] "GET /api/messages/1 HTTP/1.1" 200 -
INFO:werkzeug:127.0.0.1 - - [22/Mar/2026 14:42:10] "GET /api/messages/1 HTTP/1.1" 200 -
INFO:werkzeug:127.0.0.1 - - [22/Mar/2026 14:42:15] "GET /api/messages/1 HTTP/1.1" 200 -
INFO:werkzeug:127.0.0.1 - - [22/Mar/2026 14:42:20] "GET /api/messages/1 HTTP/1.1" 200 -
INFO:werkzeug:127.0.0.1 - - [22/Mar/2026 14:42:25] "GET /api/messages/1 HTTP/1.1" 200 -
INFO:werkzeug:127.0.0.1 - - [22/Mar/2026 14:42:30] "GET /api/messages/1 HTTP/1.1" 200 -
INFO:werkzeug:127.0.0.1 - - [22/Mar/2026 14:42:35] "GET /api/messages/1 HTTP/1.1" 200 -
INFO:werkzeug:127.0.0.1 - - [22/Mar/2026 14:42:40] "GET /api/messages/1 HTTP/1.1" 200 -
INFO:werkzeug:127.0.0.1 - - [22/Mar/2026 14:42:45] "GET /api/messages/1 HTTP/1.1" 200 -
INFO:werkzeug:127.0.0.1 - - [22/Mar/2026 14:42:50] "GET /api/messages/1 HTTP/1.1" 200 -
INFO:werkzeug:[31m[1mWARNING: This is a development server. Do not use it in a production deployment. Use a production WSGI server instead.[0m
 * Running on http://127.0.0.1:5000
INFO:werkzeug:[33mPress CTRL+C to quit[0m
INFO:werkzeug: * Restarting with stat
WARNING:werkzeug: * Debugger is active!
INFO:werkzeug: * Debugger PIN: 101-074-703
INFO:werkzeug:[31m[1mWARNING: This is a development server. Do not use it in a production deployment. Use a production WSGI server instead.[0m
 * Running on http://127.0.0.1:5000
INFO:werkzeug:[33mPress CTRL+C to quit[0m
INFO:werkzeug: * Restarting with stat
INFO:werkzeug:127.0.0.1 - - [22/Mar/2026 14:46:55] "GET / HTTP/1.1" 200 -
WARNING:werkzeug: * Debugger is active!
INFO:werkzeug: * Debugger PIN: 101-074-703
INFO:werkzeug:127.0.0.1 - - [22/Mar/2026 14:46:55] "[36mGET /static/main.css HTTP/1.1[0m" 304 -
INFO:werkzeug:127.0.0.1 - - [22/Mar/2026 14:46:55] "[36mGET /static/logo.svg HTTP/1.1[0m" 304 -
INFO:werkzeug:127.0.0.1 - - [22/Mar/2026 14:46:55] "[36mGET /static/script.js HTTP/1.1[0m" 304 -
INFO:werkzeug:127.0.0.1 - - [22/Mar/2026 14:47:07] "GET /login HTTP/1.1" 200 -
INFO:werkzeug:127.0.0.1 - - [22/Mar/2026 14:47:07] "[36mGET /static/main.css HTTP/1.1[0m" 304 -
INFO:werkzeug:127.0.0.1 - - [22/Mar/2026 14:47:07] "[36mGET /static/logo.svg HTTP/1.1[0m" 304 -
INFO:werkzeug:127.0.0.1 - - [22/Mar/2026 14:47:14] "POST /login HTTP/1.1" 200 -
INFO:werkzeug:127.0.0.1 - - [22/Mar/2026 14:47:16] "GET /login HTTP/1.1" 200 -
INFO:werkzeug:127.0.0.1 - - [22/Mar/2026 14:47:22] "POST /login HTTP/1.1" 200 -
INFO:werkzeug:127.0.0.1 - - [22/Mar/2026 14:47:24] "GET /login HTTP/1.1" 200 -
INFO:werkzeug:127.0.0.1 - - [22/Mar/2026 14:47:30] "[32mPOST /login HTTP/1.1[0m" 302 -
INFO:werkzeug:127.0.0.1 - - [22/Mar/2026 14:47:30] "GET /patient_dashboard HTTP/1.1" 200 -
INFO:werkzeug:127.0.0.1 - - [22/Mar/2026 14:47:30] "[36mGET /static/main.css HTTP/1.1[0m" 304 -
INFO:werkzeug:127.0.0.1 - - [22/Mar/2026 14:47:30] "[36mGET /static/logo.svg HTTP/1.1[0m" 304 -
INFO:werkzeug:127.0.0.1 - - [22/Mar/2026 14:47:30] "[36mGET /static/script.js HTTP/1.1[0m" 304 -
INFO:werkzeug:127.0.0.1 - - [22/Mar/2026 14:47:32] "GET /doctors_list HTTP/1.1" 200 -
INFO:werkzeug:127.0.0.1 - - [22/Mar/2026 14:47:32] "[36mGET /static/logo.svg HTTP/1.1[0m" 304 -
INFO:werkzeug: * Detected change in 'D:\\recoveryassist new\\app.py', reloading
INFO:werkzeug: * Restarting with stat
WARNING:werkzeug: * Debugger is active!
INFO:werkzeug: * Debugger PIN: 101-074-703
INFO:werkzeug: * Detected change in 'D:\\recoveryassist new\\app.py', reloading
INFO:werkzeug: * Restarting with stat
WARNING:werkzeug: * Debugger is active!
INFO:werkzeug: * Debugger PIN: 101-074-703
INFO:werkzeug: * Detected change in 'D:\\recoveryassist new\\app.py', reloading
INFO:werkzeug: * Restarting with stat
WARNING:werkzeug: * Debugger is active!
INFO:werkzeug: * Debugger PIN: 101-074-703
INFO:werkzeug:[31m[1mWARNING: This is a development server. Do not use it in a production deployment. Use a production WSGI server instead.[0m
 * Running on http://127.0.0.1:5000
INFO:werkzeug:[33mPress CTRL+C to quit[0m
INFO:werkzeug: * Restarting with stat
WARNING:werkzeug: * Debugger is active!
INFO:werkzeug: * Debugger PIN: 101-074-703
INFO:werkzeug:127.0.0.1 - - [22/Mar/2026 14:51:42] "GET / HTTP/1.1" 200 -
INFO:werkzeug:127.0.0.1 - - [22/Mar/2026 14:51:42] "[36mGET /static/logo.svg HTTP/1.1[0m" 304 -
INFO:werkzeug:127.0.0.1 - - [22/Mar/2026 14:51:42] "[36mGET /static/script.js HTTP/1.1[0m" 304 -
INFO:werkzeug:127.0.0.1 - - [22/Mar/2026 14:51:42] "[36mGET /static/main.css HTTP/1.1[0m" 304 -
INFO:werkzeug:127.0.0.1 - - [22/Mar/2026 14:51:46] "GET /login HTTP/1.1" 200 -
INFO:werkzeug:127.0.0.1 - - [22/Mar/2026 14:51:46] "[36mGET /static/main.css HTTP/1.1[0m" 304 -
INFO:werkzeug:127.0.0.1 - - [22/Mar/2026 14:51:46] "[36mGET /static/logo.svg HTTP/1.1[0m" 304 -
INFO:werkzeug:127.0.0.1 - - [22/Mar/2026 14:51:55] "[32mPOST /login HTTP/1.1[0m" 302 -
INFO:werkzeug:127.0.0.1 - - [22/Mar/2026 14:51:55] "GET /patient_dashboard HTTP/1.1" 200 -
INFO:werkzeug:127.0.0.1 - - [22/Mar/2026 14:51:55] "[36mGET /static/main.css HTTP/1.1[0m" 304 -
INFO:werkzeug:127.0.0.1 - - [22/Mar/2026 14:51:55] "[36mGET /static/logo.svg HTTP/1.1[0m" 304 -
INFO:werkzeug:127.0.0.1 - - [22/Mar/2026 14:51:55] "[36mGET /static/script.js HTTP/1.1[0m" 304 -
INFO:werkzeug:127.0.0.1 - - [22/Mar/2026 14:51:57] "GET /doctors_list HTTP/1.1" 200 -
INFO:werkzeug:127.0.0.1 - - [22/Mar/2026 14:51:57] "[36mGET /static/logo.svg HTTP/1.1[0m" 304 -
INFO:werkzeug:127.0.0.1 - - [22/Mar/2026 14:51:59] "[32mGET /request_consultation/1 HTTP/1.1[0m" 302 -
INFO:werkzeug:127.0.0.1 - - [22/Mar/2026 14:51:59] "GET /patient_dashboard HTTP/1.1" 200 -
INFO:werkzeug:127.0.0.1 - - [22/Mar/2026 14:51:59] "[36mGET /static/script.js HTTP/1.1[0m" 304 -
INFO:werkzeug:127.0.0.1 - - [22/Mar/2026 14:51:59] "[36mGET /static/logo.svg HTTP/1.1[0m" 304 -
INFO:werkzeug:127.0.0.1 - - [22/Mar/2026 14:51:59] "[36mGET /static/main.css HTTP/1.1[0m" 304 -
INFO:werkzeug:127.0.0.1 - - [22/Mar/2026 14:52:06] "GET /view_case/1 HTTP/1.1" 200 -
INFO:werkzeug:127.0.0.1 - - [22/Mar/2026 14:52:06] "[36mGET /static/main.css HTTP/1.1[0m" 304 -
INFO:werkzeug:127.0.0.1 - - [22/Mar/2026 14:52:06] "[36mGET /static/logo.svg HTTP/1.1[0m" 304 -
INFO:werkzeug:127.0.0.1 - - [22/Mar/2026 14:52:09] "GET /chat/1/1 HTTP/1.1" 200 -
INFO:werkzeug:127.0.0.1 - - [22/Mar/2026 14:52:09] "[36mGET /static/logo.svg HTTP/1.1[0m" 304 -
INFO:werkzeug:127.0.0.1 - - [22/Mar/2026 14:52:13] "GET /api/messages/1 HTTP/1.1" 200 -
INFO:werkzeug:127.0.0.1 - - [22/Mar/2026 14:52:17] "GET /api/messages/1 HTTP/1.1" 200 -
INFO:werkzeug:127.0.0.1 - - [22/Mar/2026 14:52:21] "GET /api/messages/1 HTTP/1.1" 200 -
INFO:werkzeug:127.0.0.1 - - [22/Mar/2026 14:52:25] "GET /api/messages/1 HTTP/1.1" 200 -
INFO:werkzeug:127.0.0.1 - - [22/Mar/2026 14:52:26] "POST /send_message/1/1 HTTP/1.1" 200 -
INFO:werkzeug:127.0.0.1 - - [22/Mar/2026 14:52:29] "GET /api/messages/1 HTTP/1.1" 200 -
INFO:werkzeug:127.0.0.1 - - [22/Mar/2026 14:52:32] "GET /patient_dashboard HTTP/1.1" 200 -
INFO:werkzeug:127.0.0.1 - - [22/Mar/2026 14:52:32] "[36mGET /static/main.css HTTP/1.1[0m" 304 -
INFO:werkzeug:127.0.0.1 - - [22/Mar/2026 14:52:32] "[36mGET /static/logo.svg HTTP/1.1[0m" 304 -
INFO:werkzeug:127.0.0.1 - - [22/Mar/2026 14:52:32] "[36mGET /static/script.js HTTP/1.1[0m" 304 -
INFO:werkzeug:127.0.0.1 - - [22/Mar/2026 14:52:35] "[32mGET /logout HTTP/1.1[0m" 302 -
INFO:werkzeug:127.0.0.1 - - [22/Mar/2026 14:52:35] "GET / HTTP/1.1" 200 -
INFO:werkzeug:127.0.0.1 - - [22/Mar/2026 14:52:35] "[36mGET /static/main.css HTTP/1.1[0m" 304 -
INFO:werkzeug:127.0.0.1 - - [22/Mar/2026 14:52:35] "[36mGET /static/logo.svg HTTP/1.1[0m" 304 -
INFO:werkzeug:127.0.0.1 - - [22/Mar/2026 14:52:35] "[36mGET /static/script.js HTTP/1.1[0m" 304 -
INFO:werkzeug:127.0.0.1 - - [22/Mar/2026 14:52:37] "GET /doctor_login HTTP/1.1" 200 -
INFO:werkzeug:127.0.0.1 - - [22/Mar/2026 14:52:37] "[36mGET /static/main.css HTTP/1.1[0m" 304 -
INFO:werkzeug:127.0.0.1 - - [22/Mar/2026 14:52:37] "[36mGET /static/logo.svg HTTP/1.1[0m" 304 -
INFO:werkzeug:127.0.0.1 - - [22/Mar/2026 14:52:55] "[32mPOST /doctor_login HTTP/1.1[0m" 302 -
INFO:werkzeug:127.0.0.1 - - [22/Mar/2026 14:52:55] "GET /doctor_dashboard HTTP/1.1" 200 -
INFO:werkzeug:127.0.0.1 - - [22/Mar/2026 14:52:55] "[36mGET /static/main.css HTTP/1.1[0m" 304 -
INFO:werkzeug:127.0.0.1 - - [22/Mar/2026 14:52:55] "[36mGET /static/logo.svg HTTP/1.1[0m" 304 -
INFO:werkzeug:127.0.0.1 - - [22/Mar/2026 14:52:58] "GET /patient_detail/1 HTTP/1.1" 200 -
INFO:werkzeug:127.0.0.1 - - [22/Mar/2026 14:52:58] "GET /patient_detail/1 HTTP/1.1" 200 -
INFO:werkzeug:127.0.0.1 - - [22/Mar/2026 14:52:58] "[36mGET /static/main.css HTTP/1.1[0m" 304 -
INFO:werkzeug:127.0.0.1 - - [22/Mar/2026 14:52:58] "[36mGET /static/logo.svg HTTP/1.1[0m" 304 -
INFO:werkzeug:127.0.0.1 - - [22/Mar/2026 14:53:03] "GET /api/messages/1 HTTP/1.1" 200 -
INFO:werkzeug:127.0.0.1 - - [22/Mar/2026 14:53:08] "GET /api/messages/1 HTTP/1.1" 200 -
INFO:werkzeug:127.0.0.1 - - [22/Mar/2026 14:53:13] "GET /api/messages/1 HTTP/1.1" 200 -
INFO:werkzeug:127.0.0.1 - - [22/Mar/2026 14:53:18] "GET /api/messages/1 HTTP/1.1" 200 -
INFO:werkzeug:127.0.0.1 - - [22/Mar/2026 14:53:23] "GET /api/messages/1 HTTP/1.1" 200 -
INFO:werkzeug:127.0.0.1 - - [22/Mar/2026 14:53:28] "GET /api/messages/1 HTTP/1.1" 200 -
INFO:werkzeug:127.0.0.1 - - [22/Mar/2026 14:53:31] "GET /doctor_dashboard HTTP/1.1" 200 -
INFO:werkzeug:127.0.0.1 - - [22/Mar/2026 14:53:31] "[36mGET /static/main.css HTTP/1.1[0m" 304 -
INFO:werkzeug:127.0.0.1 - - [22/Mar/2026 14:53:31] "[36mGET /static/logo.svg HTTP/1.1[0m" 304 -
INFO:werkzeug:127.0.0.1 - - [22/Mar/2026 14:53:49] "GET /api/messages/1 HTTP/1.1" 200 -
INFO:werkzeug:127.0.0.1 - - [22/Mar/2026 14:54:04] "GET /login HTTP/1.1" 200 -
INFO:werkzeug:127.0.0.1 - - [22/Mar/2026 14:54:04] "[36mGET /static/main.css HTTP/1.1[0m" 304 -
INFO:werkzeug:127.0.0.1 - - [22/Mar/2026 14:54:04] "[36mGET /static/logo.svg HTTP/1.1[0m" 304 -
INFO:werkzeug:127.0.0.1 - - [22/Mar/2026 14:54:12] "[32mPOST /login HTTP/1.1[0m" 302 -
INFO:werkzeug:127.0.0.1 - - [22/Mar/2026 14:54:12] "GET /patient_dashboard HTTP/1.1" 200 -
INFO:werkzeug:127.0.0.1 - - [22/Mar/2026 14:54:13] "[36mGET /static/logo.svg HTTP/1.1[0m" 304 -
INFO:werkzeug:127.0.0.1 - - [22/Mar/2026 14:54:13] "[36mGET /static/main.css HTTP/1.1[0m" 304 -
INFO:werkzeug:127.0.0.1 - - [22/Mar/2026 14:54:13] "[36mGET /static/script.js HTTP/1.1[0m" 304 -
INFO:werkzeug:127.0.0.1 - - [22/Mar/2026 14:54:17] "GET /doctors_list HTTP/1.1" 200 -
INFO:werkzeug:127.0.0.1 - - [22/Mar/2026 14:54:17] "[36mGET /static/logo.svg HTTP/1.1[0m" 304 -
INFO:werkzeug:127.0.0.1 - - [22/Mar/2026 14:54:21] "[32mGET /request_consultation/1 HTTP/1.1[0m" 302 -
INFO:werkzeug:127.0.0.1 - - [22/Mar/2026 14:54:21] "GET /patient_dashboard HTTP/1.1" 200 -
INFO:werkzeug:127.0.0.1 - - [22/Mar/2026 14:54:21] "[36mGET /static/main.css HTTP/1.1[0m" 304 -
INFO:werkzeug:127.0.0.1 - - [22/Mar/2026 14:54:21] "[36mGET /static/logo.svg HTTP/1.1[0m" 304 -
INFO:werkzeug:127.0.0.1 - - [22/Mar/2026 14:54:21] "[36mGET /static/script.js HTTP/1.1[0m" 304 -
INFO:werkzeug:127.0.0.1 - - [22/Mar/2026 14:54:27] "[32mGET /logout HTTP/1.1[0m" 302 -
INFO:werkzeug:127.0.0.1 - - [22/Mar/2026 14:54:27] "GET / HTTP/1.1" 200 -
INFO:werkzeug:127.0.0.1 - - [22/Mar/2026 14:54:27] "[36mGET /static/main.css HTTP/1.1[0m" 304 -
INFO:werkzeug:127.0.0.1 - - [22/Mar/2026 14:54:27] "[36mGET /static/logo.svg HTTP/1.1[0m" 304 -
INFO:werkzeug:127.0.0.1 - - [22/Mar/2026 14:54:27] "[36mGET /static/script.js HTTP/1.1[0m" 304 -
INFO:werkzeug:127.0.0.1 - - [22/Mar/2026 14:54:28] "GET /login HTTP/1.1" 200 -
INFO:werkzeug:127.0.0.1 - - [22/Mar/2026 14:54:28] "[36mGET /static/main.css HTTP/1.1[0m" 304 -
INFO:werkzeug:127.0.0.1 - - [22/Mar/2026 14:54:28] "[36mGET /static/logo.svg HTTP/1.1[0m" 304 -
INFO:werkzeug:127.0.0.1 - - [22/Mar/2026 14:54:33] "GET /doctor_login HTTP/1.1" 200 -
INFO:werkzeug:127.0.0.1 - - [22/Mar/2026 14:54:34] "[36mGET /static/main.css HTTP/1.1[0m" 304 -
INFO:werkzeug:127.0.0.1 - - [22/Mar/2026 14:54:34] "[36mGET /static/logo.svg HTTP/1.1[0m" 304 -
INFO:werkzeug:127.0.0.1 - - [22/Mar/2026 14:54:41] "[32mPOST /doctor_login HTTP/1.1[0m" 302 -
INFO:werkzeug:127.0.0.1 - - [22/Mar/2026 14:54:41] "GET /doctor_dashboard HTTP/1.1" 200 -
INFO:werkzeug:127.0.0.1 - - [22/Mar/2026 14:54:42] "[36mGET /static/main.css HTTP/1.1[0m" 304 -
INFO:werkzeug:127.0.0.1 - - [22/Mar/2026 14:54:42] "[36mGET /static/logo.svg HTTP/1.1[0m" 304 -
INFO:werkzeug:127.0.0.1 - - [22/Mar/2026 14:55:23] "GET /login HTTP/1.1" 200 -
INFO:werkzeug:127.0.0.1 - - [22/Mar/2026 14:55:24] "[36mGET /static/main.css HTTP/1.1[0m" 304 -
INFO:werkzeug:127.0.0.1 - - [22/Mar/2026 14:55:24] "[36mGET /static/logo.svg HTTP/1.1[0m" 304 -
INFO:werkzeug:127.0.0.1 - - [22/Mar/2026 14:55:45] "GET /login HTTP/1.1" 200 -
INFO:werkzeug:127.0.0.1 - - [22/Mar/2026 14:55:45] "[36mGET /static/main.css HTTP/1.1[0m" 304 -
INFO:werkzeug:127.0.0.1 - - [22/Mar/2026 14:55:45] "[36mGET /static/logo.svg HTTP/1.1[0m" 304 -
INFO:werkzeug:127.0.0.1 - - [22/Mar/2026 14:55:55] "GET /doctor_login HTTP/1.1" 200 -
INFO:werkzeug:127.0.0.1 - - [22/Mar/2026 14:55:55] "[36mGET /static/main.css HTTP/1.1[0m" 304 -
INFO:werkzeug:127.0.0.1 - - [22/Mar/2026 14:55:55] "[36mGET /static/logo.svg HTTP/1.1[0m" 304 -
INFO:werkzeug:127.0.0.1 - - [22/Mar/2026 14:55:58] "GET /login HTTP/1.1" 200 -
INFO:werkzeug:127.0.0.1 - - [22/Mar/2026 14:55:58] "[36mGET /static/main.css HTTP/1.1[0m" 304 -
INFO:werkzeug:127.0.0.1 - - [22/Mar/2026 14:55:58] "[36mGET /static/logo.svg HTTP/1.1[0m" 304 -
INFO:werkzeug:127.0.0.1 - - [22/Mar/2026 14:56:32] "GET /login HTTP/1.1" 200 -
INFO:werkzeug:127.0.0.1 - - [22/Mar/2026 14:56:32] "[36mGET /static/main.css HTTP/1.1[0m" 304 -
INFO:werkzeug:127.0.0.1 - - [22/Mar/2026 14:56:32] "[36mGET /static/logo.svg HTTP/1.1[0m" 304 -
INFO:werkzeug:127.0.0.1 - - [22/Mar/2026 14:56:50] "GET /login HTTP/1.1" 200 -
INFO:werkzeug:127.0.0.1 - - [22/Mar/2026 14:56:50] "[36mGET /static/main.css HTTP/1.1[0m" 304 -
INFO:werkzeug:127.0.0.1 - - [22/Mar/2026 14:56:50] "[36mGET /static/logo.svg HTTP/1.1[0m" 304 -
INFO:werkzeug:127.0.0.1 - - [22/Mar/2026 14:57:00] "[32mPOST /login HTTP/1.1[0m" 302 -
INFO:werkzeug:127.0.0.1 - - [22/Mar/2026 14:57:00] "GET /patient_dashboard HTTP/1.1" 200 -
INFO:werkzeug:127.0.0.1 - - [22/Mar/2026 14:57:00] "[36mGET /static/main.css HTTP/1.1[0m" 304 -
INFO:werkzeug:127.0.0.1 - - [22/Mar/2026 14:57:00] "[36mGET /static/logo.svg HTTP/1.1[0m" 304 -
INFO:werkzeug:127.0.0.1 - - [22/Mar/2026 14:57:00] "[36mGET /static/script.js HTTP/1.1[0m" 304 -
INFO:werkzeug:127.0.0.1 - - [22/Mar/2026 14:57:11] "GET /upload HTTP/1.1" 200 -
INFO:werkzeug:127.0.0.1 - - [22/Mar/2026 14:57:11] "[36mGET /static/main.css HTTP/1.1[0m" 304 -
INFO:werkzeug:127.0.0.1 - - [22/Mar/2026 14:57:16] "GET /doctors_list HTTP/1.1" 200 -
INFO:werkzeug:127.0.0.1 - - [22/Mar/2026 14:57:16] "[36mGET /static/logo.svg HTTP/1.1[0m" 304 -
INFO:werkzeug:127.0.0.1 - - [22/Mar/2026 14:57:19] "[32mGET /request_consultation/1 HTTP/1.1[0m" 302 -
INFO:werkzeug:127.0.0.1 - - [22/Mar/2026 14:57:19] "GET /patient_dashboard HTTP/1.1" 200 -
INFO:werkzeug:127.0.0.1 - - [22/Mar/2026 14:57:19] "[36mGET /static/main.css HTTP/1.1[0m" 304 -
INFO:werkzeug:127.0.0.1 - - [22/Mar/2026 14:57:19] "[36mGET /static/logo.svg HTTP/1.1[0m" 304 -
INFO:werkzeug:127.0.0.1 - - [22/Mar/2026 14:57:19] "[36mGET /static/script.js HTTP/1.1[0m" 304 -
INFO:werkzeug:127.0.0.1 - - [22/Mar/2026 14:57:22] "GET /view_case/1 HTTP/1.1" 200 -
INFO:werkzeug:127.0.0.1 - - [22/Mar/2026 14:57:23] "[36mGET /static/main.css HTTP/1.1[0m" 304 -
INFO:werkzeug:127.0.0.1 - - [22/Mar/2026 14:57:23] "[36mGET /static/logo.svg HTTP/1.1[0m" 304 -
INFO:werkzeug:127.0.0.1 - - [22/Mar/2026 14:57:28] "GET /api/messages/1 HTTP/1.1" 200 -
INFO:werkzeug:127.0.0.1 - - [22/Mar/2026 14:57:33] "GET /api/messages/1 HTTP/1.1" 200 -
INFO:werkzeug:127.0.0.1 - - [22/Mar/2026 14:57:38] "GET /api/messages/1 HTTP/1.1" 200 -
INFO:werkzeug:127.0.0.1 - - [22/Mar/2026 14:57:43] "GET /api/messages/1 HTTP/1.1" 200 -
INFO:werkzeug:127.0.0.1 - - [22/Mar/2026 14:57:48] "GET /api/messages/1 HTTP/1.1" 200 -
INFO:werkzeug:127.0.0.1 - - [22/Mar/2026 14:57:53] "GET /api/messages/1 HTTP/1.1" 200 -
INFO:werkzeug:127.0.0.1 - - [22/Mar/2026 14:57:58] "GET /api/messages/1 HTTP/1.1" 200 -
INFO:werkzeug:127.0.0.1 - - [22/Mar/2026 14:58:03] "GET /api/messages/1 HTTP/1.1" 200 -
INFO:werkzeug:127.0.0.1 - - [22/Mar/2026 14:58:03] "GET /chat/1/1 HTTP/1.1" 200 -
INFO:werkzeug:127.0.0.1 - - [22/Mar/2026 14:58:03] "[36mGET /static/logo.svg HTTP/1.1[0m" 304 -
INFO:werkzeug:127.0.0.1 - - [22/Mar/2026 14:58:07] "GET /api/messages/1 HTTP/1.1" 200 -
INFO:werkzeug:127.0.0.1 - - [22/Mar/2026 14:58:11] "GET /api/messages/1 HTTP/1.1" 200 -
INFO:werkzeug:127.0.0.1 - - [22/Mar/2026 14:58:13] "POST /send_message/1/1 HTTP/1.1" 200 -
INFO:werkzeug:127.0.0.1 - - [22/Mar/2026 14:58:15] "GET /api/messages/1 HTTP/1.1" 200 -
INFO:werkzeug:127.0.0.1 - - [22/Mar/2026 14:58:17] "GET /api/messages/1 HTTP/1.1" 200 -
INFO:werkzeug:127.0.0.1 - - [22/Mar/2026 14:58:18] "GET /api/messages/1 HTTP/1.1" 200 -
INFO:werkzeug:127.0.0.1 - - [22/Mar/2026 14:58:23] "GET /api/messages/1 HTTP/1.1" 200 -
INFO:werkzeug:127.0.0.1 - - [22/Mar/2026 14:58:28] "GET /api/messages/1 HTTP/1.1" 200 -
INFO:werkzeug:127.0.0.1 - - [22/Mar/2026 14:58:33] "GET /api/messages/1 HTTP/1.1" 200 -
INFO:werkzeug:127.0.0.1 - - [22/Mar/2026 14:58:38] "GET /api/messages/1 HTTP/1.1" 200 -
INFO:werkzeug:127.0.0.1 - - [22/Mar/2026 14:58:43] "GET /api/messages/1 HTTP/1.1" 200 -
INFO:werkzeug:127.0.0.1 - - [22/Mar/2026 14:58:46] "GET /chat/1/1 HTTP/1.1" 200 -
INFO:werkzeug:127.0.0.1 - - [22/Mar/2026 14:58:46] "[36mGET /static/logo.svg HTTP/1.1[0m" 304 -
INFO:werkzeug:127.0.0.1 - - [22/Mar/2026 14:58:50] "GET /api/messages/1 HTTP/1.1" 200 -
INFO:werkzeug:127.0.0.1 - - [22/Mar/2026 14:58:54] "GET /api/messages/1 HTTP/1.1" 200 -
INFO:werkzeug:127.0.0.1 - - [22/Mar/2026 14:58:58] "GET /api/messages/1 HTTP/1.1" 200 -
INFO:werkzeug:127.0.0.1 - - [22/Mar/2026 14:59:03] "GET /api/messages/1 HTTP/1.1" 200 -
INFO:werkzeug:127.0.0.1 - - [22/Mar/2026 14:59:07] "GET /api/messages/1 HTTP/1.1" 200 -
INFO:werkzeug:127.0.0.1 - - [22/Mar/2026 14:59:11] "GET /api/messages/1 HTTP/1.1" 200 -
INFO:werkzeug:127.0.0.1 - - [22/Mar/2026 14:59:15] "GET /api/messages/1 HTTP/1.1" 200 -
INFO:werkzeug:127.0.0.1 - - [22/Mar/2026 14:59:19] "GET /api/messages/1 HTTP/1.1" 200 -
INFO:werkzeug:127.0.0.1 - - [22/Mar/2026 14:59:23] "GET /api/messages/1 HTTP/1.1" 200 -
INFO:werkzeug:127.0.0.1 - - [22/Mar/2026 14:59:27] "GET /api/messages/1 HTTP/1.1" 200 -
INFO:werkzeug:127.0.0.1 - - [22/Mar/2026 14:59:31] "GET /api/messages/1 HTTP/1.1" 200 -
INFO:werkzeug:127.0.0.1 - - [22/Mar/2026 14:59:35] "GET /api/messages/1 HTTP/1.1" 200 -
INFO:werkzeug:127.0.0.1 - - [22/Mar/2026 14:59:39] "GET /api/messages/1 HTTP/1.1" 200 -
INFO:werkzeug:127.0.0.1 - - [22/Mar/2026 14:59:43] "GET /api/messages/1 HTTP/1.1" 200 -
INFO:werkzeug:127.0.0.1 - - [22/Mar/2026 14:59:47] "GET /api/messages/1 HTTP/1.1" 200 -
INFO:werkzeug:127.0.0.1 - - [22/Mar/2026 14:59:51] "GET /api/messages/1 HTTP/1.1" 200 -
INFO:werkzeug:127.0.0.1 - - [22/Mar/2026 14:59:55] "GET /api/messages/1 HTTP/1.1" 200 -
INFO:werkzeug:127.0.0.1 - - [22/Mar/2026 14:59:59] "GET /api/messages/1 HTTP/1.1" 200 -
INFO:werkzeug:127.0.0.1 - - [22/Mar/2026 15:00:28] "GET /api/messages/1 HTTP/1.1" 200 -
INFO:werkzeug:127.0.0.1 - - [22/Mar/2026 15:00:30] "GET /api/messages/1 HTTP/1.1" 200 -
INFO:werkzeug:127.0.0.1 - - [22/Mar/2026 15:00:34] "GET /api/messages/1 HTTP/1.1" 200 -
INFO:werkzeug:127.0.0.1 - - [22/Mar/2026 15:00:35] "GET /api/messages/1 HTTP/1.1" 200 -
INFO:werkzeug:127.0.0.1 - - [22/Mar/2026 15:00:38] "GET /api/messages/1 HTTP/1.1" 200 -
INFO:werkzeug:127.0.0.1 - - [22/Mar/2026 15:00:43] "GET /api/messages/1 HTTP/1.1" 200 -
INFO:werkzeug:127.0.0.1 - - [22/Mar/2026 15:00:48] "GET /api/messages/1 HTTP/1.1" 200 -
INFO:werkzeug:127.0.0.1 - - [22/Mar/2026 15:00:53] "GET /api/messages/1 HTTP/1.1" 200 -
INFO:werkzeug:127.0.0.1 - - [22/Mar/2026 15:00:58] "GET /api/messages/1 HTTP/1.1" 200 -
INFO:werkzeug:127.0.0.1 - - [22/Mar/2026 15:01:03] "GET /api/messages/1 HTTP/1.1" 200 -
INFO:werkzeug:127.0.0.1 - - [22/Mar/2026 15:01:08] "GET /api/messages/1 HTTP/1.1" 200 -
INFO:werkzeug:127.0.0.1 - - [22/Mar/2026 15:01:13] "GET /api/messages/1 HTTP/1.1" 200 -
INFO:werkzeug:127.0.0.1 - - [22/Mar/2026 15:01:18] "GET /api/messages/1 HTTP/1.1" 200 -
INFO:werkzeug:127.0.0.1 - - [22/Mar/2026 15:01:23] "GET /api/messages/1 HTTP/1.1" 200 -
INFO:werkzeug:127.0.0.1 - - [22/Mar/2026 15:01:28] "GET /api/messages/1 HTTP/1.1" 200 -
INFO:werkzeug:127.0.0.1 - - [22/Mar/2026 15:01:33] "GET /api/messages/1 HTTP/1.1" 200 -
INFO:werkzeug:127.0.0.1 - - [22/Mar/2026 15:01:38] "GET /api/messages/1 HTTP/1.1" 200 -
INFO:werkzeug:127.0.0.1 - - [22/Mar/2026 15:01:43] "GET /api/messages/1 HTTP/1.1" 200 -
INFO:werkzeug:127.0.0.1 - - [22/Mar/2026 15:01:52] "GET /api/messages/1 HTTP/1.1" 200 -
INFO:werkzeug:127.0.0.1 - - [22/Mar/2026 15:02:52] "GET /api/messages/1 HTTP/1.1" 200 -
INFO:werkzeug:[31m[1mWARNING: This is a development server. Do not use it in a production deployment. Use a production WSGI server instead.[0m
 * Running on http://127.0.0.1:5000
INFO:werkzeug:[33mPress CTRL+C to quit[0m
INFO:werkzeug: * Restarting with stat
WARNING:werkzeug: * Debugger is active!
INFO:werkzeug: * Debugger PIN: 101-074-703
INFO:werkzeug:[31m[1mWARNING: This is a development server. Do not use it in a production deployment. Use a production WSGI server instead.[0m
 * Running on http://127.0.0.1:5000
INFO:werkzeug:[33mPress CTRL+C to quit[0m
INFO:werkzeug: * Restarting with stat
INFO:werkzeug:127.0.0.1 - - [22/Mar/2026 15:05:41] "GET /api/messages/1 HTTP/1.1" 200 -
INFO:werkzeug:127.0.0.1 - - [22/Mar/2026 15:05:43] "GET /api/messages/1 HTTP/1.1" 200 -
WARNING:werkzeug: * Debugger is active!
INFO:werkzeug: * Debugger PIN: 101-074-703
INFO:werkzeug:127.0.0.1 - - [22/Mar/2026 15:05:44] "GET /view_case/1 HTTP/1.1" 200 -
INFO:werkzeug:127.0.0.1 - - [22/Mar/2026 15:05:44] "[36mGET /static/main.css HTTP/1.1[0m" 304 -
INFO:werkzeug:127.0.0.1 - - [22/Mar/2026 15:05:44] "[36mGET /static/logo.svg HTTP/1.1[0m" 304 -
INFO:werkzeug:127.0.0.1 - - [22/Mar/2026 15:05:50] "GET /doctors_list HTTP/1.1" 200 -
INFO:werkzeug:127.0.0.1 - - [22/Mar/2026 15:05:50] "[36mGET /static/logo.svg HTTP/1.1[0m" 304 -
INFO:werkzeug:127.0.0.1 - - [22/Mar/2026 15:05:57] "GET /doctors_list HTTP/1.1" 200 -
INFO:werkzeug:127.0.0.1 - - [22/Mar/2026 15:05:57] "[36mGET /static/logo.svg HTTP/1.1[0m" 304 -
INFO:werkzeug:127.0.0.1 - - [22/Mar/2026 15:06:00] "GET /view_case/1 HTTP/1.1" 200 -
INFO:werkzeug:127.0.0.1 - - [22/Mar/2026 15:06:00] "[36mGET /static/main.css HTTP/1.1[0m" 304 -
INFO:werkzeug:127.0.0.1 - - [22/Mar/2026 15:06:00] "[36mGET /static/logo.svg HTTP/1.1[0m" 304 -
INFO:werkzeug:127.0.0.1 - - [22/Mar/2026 15:06:05] "GET /api/messages/1 HTTP/1.1" 200 -
INFO:werkzeug:127.0.0.1 - - [22/Mar/2026 15:06:10] "GET /api/messages/1 HTTP/1.1" 200 -
INFO:werkzeug:127.0.0.1 - - [22/Mar/2026 15:06:12] "GET /chat/1/1 HTTP/1.1" 200 -
INFO:werkzeug:127.0.0.1 - - [22/Mar/2026 15:06:12] "[36mGET /static/logo.svg HTTP/1.1[0m" 304 -
INFO:werkzeug:127.0.0.1 - - [22/Mar/2026 15:06:16] "GET /api/messages/1 HTTP/1.1" 200 -
INFO:werkzeug:127.0.0.1 - - [22/Mar/2026 15:06:20] "GET /api/messages/1 HTTP/1.1" 200 -
INFO:werkzeug:127.0.0.1 - - [22/Mar/2026 15:06:24] "GET /api/messages/1 HTTP/1.1" 200 -
INFO:werkzeug:127.0.0.1 - - [22/Mar/2026 15:06:25] "POST /send_message/1/1 HTTP/1.1" 200 -
INFO:werkzeug:127.0.0.1 - - [22/Mar/2026 15:06:28] "GET /api/messages/1 HTTP/1.1" 200 -
INFO:werkzeug:127.0.0.1 - - [22/Mar/2026 15:06:32] "GET /api/messages/1 HTTP/1.1" 200 -
INFO:werkzeug:127.0.0.1 - - [22/Mar/2026 15:06:36] "GET /api/messages/1 HTTP/1.1" 200 -
INFO:werkzeug:127.0.0.1 - - [22/Mar/2026 15:06:38] "GET /api/messages/1 HTTP/1.1" 200 -
INFO:werkzeug:127.0.0.1 - - [22/Mar/2026 15:06:40] "GET /api/messages/1 HTTP/1.1" 200 -
INFO:werkzeug:127.0.0.1 - - [22/Mar/2026 15:06:45] "GET /api/messages/1 HTTP/1.1" 200 -
INFO:werkzeug:127.0.0.1 - - [22/Mar/2026 15:06:46] "GET /patient_dashboard HTTP/1.1" 200 -
INFO:werkzeug:127.0.0.1 - - [22/Mar/2026 15:06:46] "[36mGET /static/logo.svg HTTP/1.1[0m" 304 -
INFO:werkzeug:127.0.0.1 - - [22/Mar/2026 15:06:46] "[36mGET /static/main.css HTTP/1.1[0m" 304 -
INFO:werkzeug:127.0.0.1 - - [22/Mar/2026 15:06:46] "[36mGET /static/script.js HTTP/1.1[0m" 304 -
INFO:werkzeug:127.0.0.1 - - [22/Mar/2026 15:06:47] "[32mGET /logout HTTP/1.1[0m" 302 -
INFO:werkzeug:127.0.0.1 - - [22/Mar/2026 15:06:47] "GET / HTTP/1.1" 200 -
INFO:werkzeug:127.0.0.1 - - [22/Mar/2026 15:06:47] "[36mGET /static/main.css HTTP/1.1[0m" 304 -
INFO:werkzeug:127.0.0.1 - - [22/Mar/2026 15:06:47] "[36mGET /static/logo.svg HTTP/1.1[0m" 304 -
INFO:werkzeug:127.0.0.1 - - [22/Mar/2026 15:06:47] "[36mGET /static/script.js HTTP/1.1[0m" 304 -
INFO:werkzeug:127.0.0.1 - - [22/Mar/2026 15:06:50] "GET /doctor_login HTTP/1.1" 200 -
INFO:werkzeug:127.0.0.1 - - [22/Mar/2026 15:06:50] "[36mGET /static/logo.svg HTTP/1.1[0m" 304 -
INFO:werkzeug:127.0.0.1 - - [22/Mar/2026 15:06:50] "[36mGET /static/main.css HTTP/1.1[0m" 304 -
INFO:werkzeug:127.0.0.1 - - [22/Mar/2026 15:06:59] "[32mPOST /doctor_login HTTP/1.1[0m" 302 -
INFO:werkzeug:127.0.0.1 - - [22/Mar/2026 15:06:59] "GET /doctor_dashboard HTTP/1.1" 200 -
INFO:werkzeug:127.0.0.1 - - [22/Mar/2026 15:06:59] "[36mGET /static/main.css HTTP/1.1[0m" 304 -
INFO:werkzeug:127.0.0.1 - - [22/Mar/2026 15:06:59] "[36mGET /static/logo.svg HTTP/1.1[0m" 304 -
INFO:werkzeug:127.0.0.1 - - [22/Mar/2026 15:07:01] "GET /patient_detail/1 HTTP/1.1" 200 -
INFO:werkzeug:127.0.0.1 - - [22/Mar/2026 15:07:01] "GET /patient_detail/1 HTTP/1.1" 200 -
INFO:werkzeug:127.0.0.1 - - [22/Mar/2026 15:07:01] "[36mGET /static/main.css HTTP/1.1[0m" 304 -
INFO:werkzeug:127.0.0.1 - - [22/Mar/2026 15:07:01] "[36mGET /static/logo.svg HTTP/1.1[0m" 304 -
INFO:werkzeug:127.0.0.1 - - [22/Mar/2026 15:07:06] "GET /api/messages/1 HTTP/1.1" 200 -
INFO:werkzeug:127.0.0.1 - - [22/Mar/2026 15:07:11] "GET /api/messages/1 HTTP/1.1" 200 -
INFO:werkzeug:127.0.0.1 - - [22/Mar/2026 15:07:11] "GET /chat/1/1 HTTP/1.1" 200 -
INFO:werkzeug:127.0.0.1 - - [22/Mar/2026 15:07:11] "[36mGET /static/logo.svg HTTP/1.1[0m" 304 -
INFO:werkzeug:127.0.0.1 - - [22/Mar/2026 15:07:15] "GET /api/messages/1 HTTP/1.1" 200 -
INFO:werkzeug:127.0.0.1 - - [22/Mar/2026 15:07:16] "POST /send_message/1/1 HTTP/1.1" 200 -
INFO:werkzeug:127.0.0.1 - - [22/Mar/2026 15:07:19] "GET /api/messages/1 HTTP/1.1" 200 -
INFO:werkzeug:127.0.0.1 - - [22/Mar/2026 15:07:20] "GET /api/messages/1 HTTP/1.1" 200 -
INFO:werkzeug:127.0.0.1 - - [22/Mar/2026 15:07:21] "GET /api/messages/1 HTTP/1.1" 200 -
INFO:werkzeug:127.0.0.1 - - [22/Mar/2026 15:07:24] "POST /send_message/1/1 HTTP/1.1" 200 -
INFO:werkzeug:127.0.0.1 - - [22/Mar/2026 15:07:26] "GET /api/messages/1 HTTP/1.1" 200 -
INFO:werkzeug:127.0.0.1 - - [22/Mar/2026 15:07:31] "GET /api/messages/1 HTTP/1.1" 200 -
INFO:werkzeug:127.0.0.1 - - [22/Mar/2026 15:07:35] "GET /doctor_dashboard HTTP/1.1" 200 -
INFO:werkzeug:127.0.0.1 - - [22/Mar/2026 15:07:35] "[36mGET /static/logo.svg HTTP/1.1[0m" 304 -
INFO:werkzeug:127.0.0.1 - - [22/Mar/2026 15:07:35] "[36mGET /static/main.css HTTP/1.1[0m" 304 -
INFO:werkzeug:127.0.0.1 - - [22/Mar/2026 15:07:38] "[32mGET /logout HTTP/1.1[0m" 302 -
INFO:werkzeug:127.0.0.1 - - [22/Mar/2026 15:07:38] "GET / HTTP/1.1" 200 -
INFO:werkzeug:127.0.0.1 - - [22/Mar/2026 15:07:38] "[36mGET /static/main.css HTTP/1.1[0m" 304 -
INFO:werkzeug:127.0.0.1 - - [22/Mar/2026 15:07:38] "[36mGET /static/logo.svg HTTP/1.1[0m" 304 -
INFO:werkzeug:127.0.0.1 - - [22/Mar/2026 15:07:38] "[36mGET /static/script.js HTTP/1.1[0m" 304 -
INFO:werkzeug:127.0.0.1 - - [22/Mar/2026 15:07:39] "GET /login HTTP/1.1" 200 -
INFO:werkzeug:127.0.0.1 - - [22/Mar/2026 15:07:39] "[36mGET /static/main.css HTTP/1.1[0m" 304 -
INFO:werkzeug:127.0.0.1 - - [22/Mar/2026 15:07:39] "[36mGET /static/logo.svg HTTP/1.1[0m" 304 -
INFO:werkzeug:127.0.0.1 - - [22/Mar/2026 15:07:47] "[32mPOST /login HTTP/1.1[0m" 302 -
INFO:werkzeug:127.0.0.1 - - [22/Mar/2026 15:07:47] "GET /patient_dashboard HTTP/1.1" 200 -
INFO:werkzeug:127.0.0.1 - - [22/Mar/2026 15:07:47] "[36mGET /static/main.css HTTP/1.1[0m" 304 -
INFO:werkzeug:127.0.0.1 - - [22/Mar/2026 15:07:47] "[36mGET /static/logo.svg HTTP/1.1[0m" 304 -
INFO:werkzeug:127.0.0.1 - - [22/Mar/2026 15:07:47] "[36mGET /static/script.js HTTP/1.1[0m" 304 -
INFO:werkzeug:127.0.0.1 - - [22/Mar/2026 15:07:49] "GET /view_case/1 HTTP/1.1" 200 -
INFO:werkzeug:127.0.0.1 - - [22/Mar/2026 15:07:49] "[36mGET /static/main.css HTTP/1.1[0m" 304 -
INFO:werkzeug:127.0.0.1 - - [22/Mar/2026 15:07:49] "[36mGET /static/logo.svg HTTP/1.1[0m" 304 -
INFO:werkzeug:127.0.0.1 - - [22/Mar/2026 15:07:54] "GET /api/messages/1 HTTP/1.1" 200 -
INFO:werkzeug:127.0.0.1 - - [22/Mar/2026 15:07:55] "POST /send_message/1/1 HTTP/1.1" 200 -
INFO:werkzeug:127.0.0.1 - - [22/Mar/2026 15:07:59] "GET /api/messages/1 HTTP/1.1" 200 -
INFO:werkzeug:127.0.0.1 - - [22/Mar/2026 15:08:04] "GET /api/messages/1 HTTP/1.1" 200 -
INFO:werkzeug:127.0.0.1 - - [22/Mar/2026 15:08:09] "GET /api/messages/1 HTTP/1.1" 200 -
INFO:werkzeug:127.0.0.1 - - [22/Mar/2026 15:08:12] "GET /patient_dashboard HTTP/1.1" 200 -
INFO:werkzeug:127.0.0.1 - - [22/Mar/2026 15:08:12] "[36mGET /static/main.css HTTP/1.1[0m" 304 -
INFO:werkzeug:127.0.0.1 - - [22/Mar/2026 15:08:12] "[36mGET /static/logo.svg HTTP/1.1[0m" 304 -
INFO:werkzeug:127.0.0.1 - - [22/Mar/2026 15:08:12] "[36mGET /static/script.js HTTP/1.1[0m" 304 -
INFO:werkzeug:127.0.0.1 - - [22/Mar/2026 15:08:16] "[32mGET /logout HTTP/1.1[0m" 302 -
INFO:werkzeug:127.0.0.1 - - [22/Mar/2026 15:08:16] "GET / HTTP/1.1" 200 -
INFO:werkzeug:127.0.0.1 - - [22/Mar/2026 15:08:16] "[36mGET /static/main.css HTTP/1.1[0m" 304 -
INFO:werkzeug:127.0.0.1 - - [22/Mar/2026 15:08:16] "[36mGET /static/logo.svg HTTP/1.1[0m" 304 -
INFO:werkzeug:127.0.0.1 - - [22/Mar/2026 15:08:16] "[36mGET /static/script.js HTTP/1.1[0m" 304 -
INFO:werkzeug:127.0.0.1 - - [22/Mar/2026 15:08:30] "GET /login HTTP/1.1" 200 -
INFO:werkzeug:127.0.0.1 - - [22/Mar/2026 15:08:30] "[36mGET /static/main.css HTTP/1.1[0m" 304 -
INFO:werkzeug:127.0.0.1 - - [22/Mar/2026 15:08:30] "[36mGET /static/logo.svg HTTP/1.1[0m" 304 -
INFO:werkzeug:127.0.0.1 - - [22/Mar/2026 15:08:39] "[32mPOST /login HTTP/1.1[0m" 302 -
INFO:werkzeug:127.0.0.1 - - [22/Mar/2026 15:08:39] "GET /patient_dashboard HTTP/1.1" 200 -
INFO:werkzeug:127.0.0.1 - - [22/Mar/2026 15:08:39] "[36mGET /static/main.css HTTP/1.1[0m" 304 -
INFO:werkzeug:127.0.0.1 - - [22/Mar/2026 15:08:39] "[36mGET /static/logo.svg HTTP/1.1[0m" 304 -
INFO:werkzeug:127.0.0.1 - - [22/Mar/2026 15:08:39] "[36mGET /static/script.js HTTP/1.1[0m" 304 -
INFO:werkzeug:127.0.0.1 - - [22/Mar/2026 15:08:42] "GET /doctors_list HTTP/1.1" 200 -
INFO:werkzeug:127.0.0.1 - - [22/Mar/2026 15:08:42] "[36mGET /static/logo.svg HTTP/1.1[0m" 304 -
INFO:werkzeug:127.0.0.1 - - [22/Mar/2026 15:08:47] "[32mGET /request_consultation/1 HTTP/1.1[0m" 302 -
INFO:werkzeug:127.0.0.1 - - [22/Mar/2026 15:08:47] "GET /patient_dashboard HTTP/1.1" 200 -
INFO:werkzeug:127.0.0.1 - - [22/Mar/2026 15:08:47] "[36mGET /static/main.css HTTP/1.1[0m" 304 -
INFO:werkzeug:127.0.0.1 - - [22/Mar/2026 15:08:47] "[36mGET /static/logo.svg HTTP/1.1[0m" 304 -
INFO:werkzeug:127.0.0.1 - - [22/Mar/2026 15:08:47] "[36mGET /static/script.js HTTP/1.1[0m" 304 -
INFO:werkzeug:127.0.0.1 - - [22/Mar/2026 15:08:49] "GET /view_case/1 HTTP/1.1" 200 -
INFO:werkzeug:127.0.0.1 - - [22/Mar/2026 15:08:49] "[36mGET /static/main.css HTTP/1.1[0m" 304 -
INFO:werkzeug:127.0.0.1 - - [22/Mar/2026 15:08:49] "[36mGET /static/logo.svg HTTP/1.1[0m" 304 -
INFO:werkzeug:127.0.0.1 - - [22/Mar/2026 15:08:54] "GET /api/messages/1 HTTP/1.1" 200 -
INFO:werkzeug:127.0.0.1 - - [22/Mar/2026 15:08:59] "GET /api/messages/1 HTTP/1.1" 200 -
INFO:werkzeug:127.0.0.1 - - [22/Mar/2026 15:09:04] "GET /api/messages/1 HTTP/1.1" 200 -
INFO:werkzeug:127.0.0.1 - - [22/Mar/2026 15:09:09] "GET /api/messages/1 HTTP/1.1" 200 -
INFO:werkzeug:127.0.0.1 - - [22/Mar/2026 15:09:14] "GET /api/messages/1 HTTP/1.1" 200 -
INFO:werkzeug:127.0.0.1 - - [22/Mar/2026 15:09:19] "GET /api/messages/1 HTTP/1.1" 200 -
INFO:werkzeug:127.0.0.1 - - [22/Mar/2026 15:09:24] "POST /send_message/1/1 HTTP/1.1" 200 -
INFO:werkzeug:127.0.0.1 - - [22/Mar/2026 15:09:24] "GET /api/messages/1 HTTP/1.1" 200 -
INFO:werkzeug:127.0.0.1 - - [22/Mar/2026 15:09:29] "GET /patient_dashboard HTTP/1.1" 200 -
INFO:werkzeug:127.0.0.1 - - [22/Mar/2026 15:09:29] "[36mGET /static/main.css HTTP/1.1[0m" 304 -
INFO:werkzeug:127.0.0.1 - - [22/Mar/2026 15:09:29] "[36mGET /static/logo.svg HTTP/1.1[0m" 304 -
INFO:werkzeug:127.0.0.1 - - [22/Mar/2026 15:09:29] "[36mGET /static/script.js HTTP/1.1[0m" 304 -
INFO:werkzeug:127.0.0.1 - - [22/Mar/2026 15:09:32] "[32mGET /logout HTTP/1.1[0m" 302 -
INFO:werkzeug:127.0.0.1 - - [22/Mar/2026 15:09:32] "GET / HTTP/1.1" 200 -
INFO:werkzeug:127.0.0.1 - - [22/Mar/2026 15:09:32] "[36mGET /static/main.css HTTP/1.1[0m" 304 -
INFO:werkzeug:127.0.0.1 - - [22/Mar/2026 15:09:32] "[36mGET /static/logo.svg HTTP/1.1[0m" 304 -
INFO:werkzeug:127.0.0.1 - - [22/Mar/2026 15:09:32] "[36mGET /static/script.js HTTP/1.1[0m" 304 -
INFO:werkzeug:127.0.0.1 - - [22/Mar/2026 15:09:33] "GET /doctor_login HTTP/1.1" 200 -
INFO:werkzeug:127.0.0.1 - - [22/Mar/2026 15:09:33] "[36mGET /static/main.css HTTP/1.1[0m" 304 -
INFO:werkzeug:127.0.0.1 - - [22/Mar/2026 15:09:33] "[36mGET /static/logo.svg HTTP/1.1[0m" 304 -
INFO:werkzeug:127.0.0.1 - - [22/Mar/2026 15:09:42] "[32mPOST /doctor_login HTTP/1.1[0m" 302 -
INFO:werkzeug:127.0.0.1 - - [22/Mar/2026 15:09:42] "GET /doctor_dashboard HTTP/1.1" 200 -
INFO:werkzeug:127.0.0.1 - - [22/Mar/2026 15:09:42] "[36mGET /static/main.css HTTP/1.1[0m" 304 -
INFO:werkzeug:127.0.0.1 - - [22/Mar/2026 15:09:42] "[36mGET /static/logo.svg HTTP/1.1[0m" 304 -
INFO:werkzeug:127.0.0.1 - - [22/Mar/2026 15:09:47] "GET /patient_detail/1 HTTP/1.1" 200 -
INFO:werkzeug:127.0.0.1 - - [22/Mar/2026 15:09:47] "GET /patient_detail/1 HTTP/1.1" 200 -
INFO:werkzeug:127.0.0.1 - - [22/Mar/2026 15:09:47] "[36mGET /static/main.css HTTP/1.1[0m" 304 -
INFO:werkzeug:127.0.0.1 - - [22/Mar/2026 15:09:47] "[36mGET /static/logo.svg HTTP/1.1[0m" 304 -
INFO:werkzeug:127.0.0.1 - - [22/Mar/2026 15:09:52] "GET /api/messages/1 HTTP/1.1" 200 -
INFO:werkzeug:127.0.0.1 - - [22/Mar/2026 15:09:56] "POST /send_message/1/1 HTTP/1.1" 200 -
INFO:werkzeug:127.0.0.1 - - [22/Mar/2026 15:09:57] "GET /api/messages/1 HTTP/1.1" 200 -
INFO:werkzeug:127.0.0.1 - - [22/Mar/2026 15:10:01] "GET /download_pdf/1 HTTP/1.1" 200 -
INFO:werkzeug:127.0.0.1 - - [22/Mar/2026 15:10:02] "GET /api/messages/1 HTTP/1.1" 200 -
INFO:werkzeug:127.0.0.1 - - [22/Mar/2026 15:10:07] "GET /api/messages/1 HTTP/1.1" 200 -
INFO:werkzeug:127.0.0.1 - - [22/Mar/2026 15:10:12] "GET /api/messages/1 HTTP/1.1" 200 -
INFO:werkzeug:127.0.0.1 - - [22/Mar/2026 15:10:17] "GET /api/messages/1 HTTP/1.1" 200 -
INFO:werkzeug:127.0.0.1 - - [22/Mar/2026 15:10:22] "GET /api/messages/1 HTTP/1.1" 200 -
INFO:werkzeug:127.0.0.1 - - [22/Mar/2026 15:10:27] "GET /api/messages/1 HTTP/1.1" 200 -
INFO:werkzeug:127.0.0.1 - - [22/Mar/2026 15:10:32] "GET /api/messages/1 HTTP/1.1" 200 -
INFO:werkzeug:127.0.0.1 - - [22/Mar/2026 15:10:37] "GET /api/messages/1 HTTP/1.1" 200 -
INFO:werkzeug:127.0.0.1 - - [22/Mar/2026 15:10:42] "GET /api/messages/1 HTTP/1.1" 200 -
INFO:werkzeug:127.0.0.1 - - [22/Mar/2026 15:10:46] "GET /doctor_dashboard HTTP/1.1" 200 -
INFO:werkzeug:127.0.0.1 - - [22/Mar/2026 15:10:46] "[36mGET /static/main.css HTTP/1.1[0m" 304 -
INFO:werkzeug:127.0.0.1 - - [22/Mar/2026 15:10:46] "[36mGET /static/logo.svg HTTP/1.1[0m" 304 -
INFO:werkzeug:127.0.0.1 - - [22/Mar/2026 15:10:46] "[32mGET /logout HTTP/1.1[0m" 302 -
INFO:werkzeug:127.0.0.1 - - [22/Mar/2026 15:10:46] "GET / HTTP/1.1" 200 -
INFO:werkzeug:127.0.0.1 - - [22/Mar/2026 15:10:46] "[36mGET /static/main.css HTTP/1.1[0m" 304 -
INFO:werkzeug:127.0.0.1 - - [22/Mar/2026 15:10:46] "[36mGET /static/logo.svg HTTP/1.1[0m" 304 -
INFO:werkzeug:127.0.0.1 - - [22/Mar/2026 15:10:46] "[36mGET /static/script.js HTTP/1.1[0m" 304 -
INFO:werkzeug:[31m[1mWARNING: This is a development server. Do not use it in a production deployment. Use a production WSGI server instead.[0m
 * Running on http://127.0.0.1:5000
INFO:werkzeug:[33mPress CTRL+C to quit[0m
INFO:werkzeug: * Restarting with stat
WARNING:werkzeug: * Debugger is active!
INFO:werkzeug: * Debugger PIN: 101-074-703
INFO:werkzeug:127.0.0.1 - - [22/Mar/2026 17:02:33] "GET / HTTP/1.1" 200 -
INFO:werkzeug:127.0.0.1 - - [22/Mar/2026 17:02:33] "[36mGET /static/script.js HTTP/1.1[0m" 304 -
INFO:werkzeug:127.0.0.1 - - [22/Mar/2026 17:02:33] "[36mGET /static/logo.svg HTTP/1.1[0m" 304 -
INFO:werkzeug:127.0.0.1 - - [22/Mar/2026 17:02:33] "[36mGET /static/main.css HTTP/1.1[0m" 304 -
INFO:werkzeug:127.0.0.1 - - [22/Mar/2026 17:02:33] "[33mGET /favicon.ico HTTP/1.1[0m" 404 -
INFO:werkzeug:127.0.0.1 - - [22/Mar/2026 17:02:45] "GET /login HTTP/1.1" 200 -
INFO:werkzeug:127.0.0.1 - - [22/Mar/2026 17:02:45] "[36mGET /static/main.css HTTP/1.1[0m" 304 -
INFO:werkzeug:127.0.0.1 - - [22/Mar/2026 17:02:45] "[36mGET /static/logo.svg HTTP/1.1[0m" 304 -
INFO:werkzeug:127.0.0.1 - - [22/Mar/2026 17:03:01] "[32mPOST /login HTTP/1.1[0m" 302 -
INFO:werkzeug:127.0.0.1 - - [22/Mar/2026 17:03:01] "GET /patient_dashboard HTTP/1.1" 200 -
INFO:werkzeug:127.0.0.1 - - [22/Mar/2026 17:03:01] "[36mGET /static/main.css HTTP/1.1[0m" 304 -
INFO:werkzeug:127.0.0.1 - - [22/Mar/2026 17:03:01] "[36mGET /static/script.js HTTP/1.1[0m" 304 -
INFO:werkzeug:127.0.0.1 - - [22/Mar/2026 17:03:01] "[36mGET /static/logo.svg HTTP/1.1[0m" 304 -
INFO:werkzeug:127.0.0.1 - - [22/Mar/2026 17:03:09] "GET /view_case/1 HTTP/1.1" 200 -
INFO:werkzeug:127.0.0.1 - - [22/Mar/2026 17:03:09] "[36mGET /static/main.css HTTP/1.1[0m" 304 -
INFO:werkzeug:127.0.0.1 - - [22/Mar/2026 17:03:09] "[36mGET /static/logo.svg HTTP/1.1[0m" 304 -
INFO:werkzeug:127.0.0.1 - - [22/Mar/2026 17:03:14] "GET /api/messages/1 HTTP/1.1" 200 -
INFO:werkzeug:127.0.0.1 - - [22/Mar/2026 17:03:19] "GET /api/messages/1 HTTP/1.1" 200 -
INFO:werkzeug:127.0.0.1 - - [22/Mar/2026 17:03:24] "GET /api/messages/1 HTTP/1.1" 200 -
INFO:werkzeug:127.0.0.1 - - [22/Mar/2026 17:03:29] "GET /api/messages/1 HTTP/1.1" 200 -
INFO:werkzeug:127.0.0.1 - - [22/Mar/2026 17:03:34] "GET /api/messages/1 HTTP/1.1" 200 -
INFO:werkzeug:127.0.0.1 - - [22/Mar/2026 17:03:39] "GET /api/messages/1 HTTP/1.1" 200 -
INFO:werkzeug:127.0.0.1 - - [22/Mar/2026 17:03:44] "GET /api/messages/1 HTTP/1.1" 200 -
INFO:werkzeug:127.0.0.1 - - [22/Mar/2026 17:03:49] "GET /api/messages/1 HTTP/1.1" 200 -
INFO:werkzeug:127.0.0.1 - - [22/Mar/2026 17:03:54] "GET /api/messages/1 HTTP/1.1" 200 -
INFO:werkzeug:127.0.0.1 - - [22/Mar/2026 17:03:55] "POST /send_message/1/1 HTTP/1.1" 200 -
INFO:werkzeug:127.0.0.1 - - [22/Mar/2026 17:03:59] "GET /api/messages/1 HTTP/1.1" 200 -
INFO:werkzeug:127.0.0.1 - - [22/Mar/2026 17:04:04] "GET /patient_dashboard HTTP/1.1" 200 -
INFO:werkzeug:127.0.0.1 - - [22/Mar/2026 17:04:04] "[36mGET /static/logo.svg HTTP/1.1[0m" 304 -
INFO:werkzeug:127.0.0.1 - - [22/Mar/2026 17:04:04] "[36mGET /static/main.css HTTP/1.1[0m" 304 -
INFO:werkzeug:127.0.0.1 - - [22/Mar/2026 17:04:04] "[36mGET /static/script.js HTTP/1.1[0m" 304 -
INFO:werkzeug:127.0.0.1 - - [22/Mar/2026 17:04:07] "[32mGET /logout HTTP/1.1[0m" 302 -
INFO:werkzeug:127.0.0.1 - - [22/Mar/2026 17:04:07] "GET / HTTP/1.1" 200 -
INFO:werkzeug:127.0.0.1 - - [22/Mar/2026 17:04:07] "[36mGET /static/main.css HTTP/1.1[0m" 304 -
INFO:werkzeug:127.0.0.1 - - [22/Mar/2026 17:04:07] "[36mGET /static/logo.svg HTTP/1.1[0m" 304 -
INFO:werkzeug:127.0.0.1 - - [22/Mar/2026 17:04:07] "[36mGET /static/script.js HTTP/1.1[0m" 304 -
INFO:werkzeug:127.0.0.1 - - [22/Mar/2026 17:04:10] "GET /doctor_login HTTP/1.1" 200 -
INFO:werkzeug:127.0.0.1 - - [22/Mar/2026 17:04:10] "[36mGET /static/main.css HTTP/1.1[0m" 304 -
INFO:werkzeug:127.0.0.1 - - [22/Mar/2026 17:04:10] "[36mGET /static/logo.svg HTTP/1.1[0m" 304 -
INFO:werkzeug:127.0.0.1 - - [22/Mar/2026 17:04:24] "[32mPOST /doctor_login HTTP/1.1[0m" 302 -
INFO:werkzeug:127.0.0.1 - - [22/Mar/2026 17:04:24] "GET /doctor_dashboard HTTP/1.1" 200 -
INFO:werkzeug:127.0.0.1 - - [22/Mar/2026 17:04:24] "[36mGET /static/main.css HTTP/1.1[0m" 304 -
INFO:werkzeug:127.0.0.1 - - [22/Mar/2026 17:04:24] "[36mGET /static/logo.svg HTTP/1.1[0m" 304 -
INFO:werkzeug:127.0.0.1 - - [22/Mar/2026 17:04:28] "GET /patient_detail/1 HTTP/1.1" 200 -
INFO:werkzeug:127.0.0.1 - - [22/Mar/2026 17:04:28] "GET /patient_detail/1 HTTP/1.1" 200 -
INFO:werkzeug:127.0.0.1 - - [22/Mar/2026 17:04:28] "[36mGET /static/main.css HTTP/1.1[0m" 304 -
INFO:werkzeug:127.0.0.1 - - [22/Mar/2026 17:04:29] "[36mGET /static/logo.svg HTTP/1.1[0m" 304 -
INFO:werkzeug:127.0.0.1 - - [22/Mar/2026 17:04:34] "GET /api/messages/1 HTTP/1.1" 200 -
INFO:werkzeug:127.0.0.1 - - [22/Mar/2026 17:04:39] "GET /api/messages/1 HTTP/1.1" 200 -
INFO:werkzeug:127.0.0.1 - - [22/Mar/2026 17:04:44] "GET /api/messages/1 HTTP/1.1" 200 -
INFO:werkzeug:127.0.0.1 - - [22/Mar/2026 17:04:49] "GET /api/messages/1 HTTP/1.1" 200 -
INFO:werkzeug:127.0.0.1 - - [22/Mar/2026 17:04:54] "GET /api/messages/1 HTTP/1.1" 200 -
INFO:werkzeug:127.0.0.1 - - [22/Mar/2026 17:04:59] "GET /api/messages/1 HTTP/1.1" 200 -
INFO:werkzeug:127.0.0.1 - - [22/Mar/2026 17:05:04] "GET /api/messages/1 HTTP/1.1" 200 -
INFO:werkzeug:127.0.0.1 - - [22/Mar/2026 17:05:09] "GET /api/messages/1 HTTP/1.1" 200 -
INFO:werkzeug:127.0.0.1 - - [22/Mar/2026 17:05:14] "GET /api/messages/1 HTTP/1.1" 200 -
INFO:werkzeug:127.0.0.1 - - [22/Mar/2026 17:05:19] "GET /api/messages/1 HTTP/1.1" 200 -
INFO:werkzeug:127.0.0.1 - - [22/Mar/2026 17:05:24] "GET /api/messages/1 HTTP/1.1" 200 -
INFO:werkzeug:127.0.0.1 - - [22/Mar/2026 17:05:29] "GET /api/messages/1 HTTP/1.1" 200 -
INFO:werkzeug:127.0.0.1 - - [22/Mar/2026 17:05:34] "GET /api/messages/1 HTTP/1.1" 200 -
INFO:werkzeug:127.0.0.1 - - [22/Mar/2026 17:05:39] "GET /api/messages/1 HTTP/1.1" 200 -
INFO:werkzeug:127.0.0.1 - - [22/Mar/2026 17:05:44] "GET /api/messages/1 HTTP/1.1" 200 -
INFO:werkzeug:127.0.0.1 - - [22/Mar/2026 17:05:44] "GET /doctor_dashboard HTTP/1.1" 200 -
INFO:werkzeug:127.0.0.1 - - [22/Mar/2026 17:05:44] "[36mGET /static/logo.svg HTTP/1.1[0m" 304 -
INFO:werkzeug:127.0.0.1 - - [22/Mar/2026 17:05:44] "[36mGET /static/main.css HTTP/1.1[0m" 304 -
INFO:werkzeug:127.0.0.1 - - [22/Mar/2026 17:05:46] "[32mGET /logout HTTP/1.1[0m" 302 -
INFO:werkzeug:127.0.0.1 - - [22/Mar/2026 17:05:46] "GET / HTTP/1.1" 200 -
INFO:werkzeug:127.0.0.1 - - [22/Mar/2026 17:05:46] "[36mGET /static/logo.svg HTTP/1.1[0m" 304 -
INFO:werkzeug:127.0.0.1 - - [22/Mar/2026 17:05:46] "[36mGET /static/script.js HTTP/1.1[0m" 304 -
INFO:werkzeug:127.0.0.1 - - [22/Mar/2026 17:05:46] "[36mGET /static/main.css HTTP/1.1[0m" 304 -
INFO:werkzeug:[31m[1mWARNING: This is a development server. Do not use it in a production deployment. Use a production WSGI server instead.[0m
 * Running on http://127.0.0.1:5000
INFO:werkzeug:[33mPress CTRL+C to quit[0m
INFO:werkzeug: * Restarting with stat
WARNING:werkzeug: * Debugger is active!
INFO:werkzeug: * Debugger PIN: 101-074-703
INFO:werkzeug:127.0.0.1 - - [23/Mar/2026 07:59:29] "GET / HTTP/1.1" 200 -
INFO:werkzeug:127.0.0.1 - - [23/Mar/2026 07:59:29] "[36mGET /static/logo.svg HTTP/1.1[0m" 304 -
INFO:werkzeug:127.0.0.1 - - [23/Mar/2026 07:59:29] "GET /static/main.css HTTP/1.1" 200 -
INFO:werkzeug:127.0.0.1 - - [23/Mar/2026 07:59:29] "[36mGET /static/script.js HTTP/1.1[0m" 304 -
INFO:werkzeug:127.0.0.1 - - [23/Mar/2026 07:59:30] "[33mGET /favicon.ico HTTP/1.1[0m" 404 -
INFO:werkzeug:127.0.0.1 - - [23/Mar/2026 08:02:50] "GET / HTTP/1.1" 200 -
INFO:werkzeug:127.0.0.1 - - [23/Mar/2026 08:02:50] "[36mGET /static/logo.svg HTTP/1.1[0m" 304 -
INFO:werkzeug:127.0.0.1 - - [23/Mar/2026 08:02:50] "[36mGET /static/script.js HTTP/1.1[0m" 304 -
INFO:werkzeug:127.0.0.1 - - [23/Mar/2026 08:02:50] "GET /static/main.css HTTP/1.1" 200 -
INFO:werkzeug:127.0.0.1 - - [23/Mar/2026 08:03:44] "GET /doctor_login HTTP/1.1" 200 -
INFO:werkzeug:127.0.0.1 - - [23/Mar/2026 08:03:44] "[36mGET /static/main.css HTTP/1.1[0m" 304 -
INFO:werkzeug:127.0.0.1 - - [23/Mar/2026 08:03:44] "[36mGET /static/logo.svg HTTP/1.1[0m" 304 -
INFO:werkzeug:127.0.0.1 - - [23/Mar/2026 08:04:58] "GET / HTTP/1.1" 200 -
INFO:werkzeug:127.0.0.1 - - [23/Mar/2026 08:04:58] "[36mGET /static/logo.svg HTTP/1.1[0m" 304 -
INFO:werkzeug:127.0.0.1 - - [23/Mar/2026 08:04:58] "[36mGET /static/script.js HTTP/1.1[0m" 304 -
INFO:werkzeug:127.0.0.1 - - [23/Mar/2026 08:04:58] "GET /static/main.css HTTP/1.1" 200 -
INFO:werkzeug:127.0.0.1 - - [23/Mar/2026 08:05:03] "GET / HTTP/1.1" 200 -
INFO:werkzeug:127.0.0.1 - - [23/Mar/2026 08:05:03] "[36mGET /static/main.css HTTP/1.1[0m" 304 -
INFO:werkzeug:127.0.0.1 - - [23/Mar/2026 08:05:03] "[36mGET /static/logo.svg HTTP/1.1[0m" 304 -
INFO:werkzeug:127.0.0.1 - - [23/Mar/2026 08:05:03] "[36mGET /static/script.js HTTP/1.1[0m" 304 -
INFO:werkzeug:127.0.0.1 - - [23/Mar/2026 08:05:03] "GET / HTTP/1.1" 200 -
INFO:werkzeug:127.0.0.1 - - [23/Mar/2026 08:05:03] "[36mGET /static/main.css HTTP/1.1[0m" 304 -
INFO:werkzeug:127.0.0.1 - - [23/Mar/2026 08:05:03] "[36mGET /static/logo.svg HTTP/1.1[0m" 304 -
INFO:werkzeug:127.0.0.1 - - [23/Mar/2026 08:05:03] "[36mGET /static/script.js HTTP/1.1[0m" 304 -
INFO:werkzeug:127.0.0.1 - - [23/Mar/2026 08:06:07] "GET / HTTP/1.1" 200 -
INFO:werkzeug:127.0.0.1 - - [23/Mar/2026 08:06:07] "[36mGET /static/logo.svg HTTP/1.1[0m" 304 -
INFO:werkzeug:127.0.0.1 - - [23/Mar/2026 08:06:07] "[36mGET /static/script.js HTTP/1.1[0m" 304 -
INFO:werkzeug:127.0.0.1 - - [23/Mar/2026 08:06:07] "GET /static/main.css HTTP/1.1" 200 -
INFO:werkzeug:127.0.0.1 - - [23/Mar/2026 08:06:15] "GET / HTTP/1.1" 200 -
INFO:werkzeug:127.0.0.1 - - [23/Mar/2026 08:06:15] "[36mGET /static/logo.svg HTTP/1.1[0m" 304 -
INFO:werkzeug:127.0.0.1 - - [23/Mar/2026 08:06:15] "[36mGET /static/main.css HTTP/1.1[0m" 304 -
INFO:werkzeug:127.0.0.1 - - [23/Mar/2026 08:06:15] "[36mGET /static/script.js HTTP/1.1[0m" 304 -
INFO:werkzeug:127.0.0.1 - - [23/Mar/2026 08:08:09] "GET / HTTP/1.1" 200 -
INFO:werkzeug:127.0.0.1 - - [23/Mar/2026 08:08:09] "[36mGET /static/logo.svg HTTP/1.1[0m" 304 -
INFO:werkzeug:127.0.0.1 - - [23/Mar/2026 08:08:09] "[36mGET /static/script.js HTTP/1.1[0m" 304 -
INFO:werkzeug:127.0.0.1 - - [23/Mar/2026 08:08:09] "GET /static/main.css HTTP/1.1" 200 -
INFO:werkzeug:127.0.0.1 - - [23/Mar/2026 08:11:55] "GET / HTTP/1.1" 200 -
INFO:werkzeug:127.0.0.1 - - [23/Mar/2026 08:11:55] "[36mGET /static/logo.svg HTTP/1.1[0m" 304 -
INFO:werkzeug:127.0.0.1 - - [23/Mar/2026 08:11:55] "[36mGET /static/script.js HTTP/1.1[0m" 304 -
INFO:werkzeug:127.0.0.1 - - [23/Mar/2026 08:11:55] "GET /static/main.css HTTP/1.1" 200 -
INFO:werkzeug:127.0.0.1 - - [23/Mar/2026 08:14:21] "GET / HTTP/1.1" 200 -
INFO:werkzeug:127.0.0.1 - - [23/Mar/2026 08:14:21] "[36mGET /static/main.css HTTP/1.1[0m" 304 -
INFO:werkzeug:127.0.0.1 - - [23/Mar/2026 08:14:21] "[36mGET /static/logo.svg HTTP/1.1[0m" 304 -
INFO:werkzeug:127.0.0.1 - - [23/Mar/2026 08:14:21] "[36mGET /static/script.js HTTP/1.1[0m" 304 -
INFO:werkzeug:127.0.0.1 - - [23/Mar/2026 08:15:36] "GET / HTTP/1.1" 200 -
INFO:werkzeug:127.0.0.1 - - [23/Mar/2026 08:15:36] "[36mGET /static/main.css HTTP/1.1[0m" 304 -
INFO:werkzeug:127.0.0.1 - - [23/Mar/2026 08:15:36] "[36mGET /static/logo.svg HTTP/1.1[0m" 304 -
INFO:werkzeug:127.0.0.1 - - [23/Mar/2026 08:15:36] "[36mGET /static/script.js HTTP/1.1[0m" 304 -
INFO:werkzeug:127.0.0.1 - - [23/Mar/2026 08:15:54] "GET /doctor_login HTTP/1.1" 200 -
INFO:werkzeug:127.0.0.1 - - [23/Mar/2026 08:15:54] "[36mGET /static/logo.svg HTTP/1.1[0m" 304 -
INFO:werkzeug:127.0.0.1 - - [23/Mar/2026 08:15:54] "[36mGET /static/main.css HTTP/1.1[0m" 304 -
INFO:werkzeug:127.0.0.1 - - [23/Mar/2026 08:15:57] "GET /login HTTP/1.1" 200 -
INFO:werkzeug:127.0.0.1 - - [23/Mar/2026 08:15:57] "[36mGET /static/main.css HTTP/1.1[0m" 304 -
INFO:werkzeug:127.0.0.1 - - [23/Mar/2026 08:15:57] "[36mGET /static/logo.svg HTTP/1.1[0m" 304 -
INFO:werkzeug:127.0.0.1 - - [23/Mar/2026 08:17:13] "GET /register HTTP/1.1" 200 -
INFO:werkzeug:127.0.0.1 - - [23/Mar/2026 08:17:13] "[36mGET /static/main.css HTTP/1.1[0m" 304 -
INFO:werkzeug:127.0.0.1 - - [23/Mar/2026 08:17:13] "[36mGET /static/logo.svg HTTP/1.1[0m" 304 -
INFO:werkzeug:127.0.0.1 - - [23/Mar/2026 08:18:19] "[32mPOST /register HTTP/1.1[0m" 302 -
INFO:werkzeug:127.0.0.1 - - [23/Mar/2026 08:18:19] "GET /login HTTP/1.1" 200 -
INFO:werkzeug:127.0.0.1 - - [23/Mar/2026 08:18:19] "[36mGET /static/main.css HTTP/1.1[0m" 304 -
INFO:werkzeug:127.0.0.1 - - [23/Mar/2026 08:18:19] "[36mGET /static/logo.svg HTTP/1.1[0m" 304 -
INFO:werkzeug:127.0.0.1 - - [23/Mar/2026 08:18:32] "[32mPOST /login HTTP/1.1[0m" 302 -
INFO:werkzeug:127.0.0.1 - - [23/Mar/2026 08:18:32] "GET /upload HTTP/1.1" 200 -
INFO:werkzeug:127.0.0.1 - - [23/Mar/2026 08:18:32] "[36mGET /static/main.css HTTP/1.1[0m" 304 -
DEBUG:pypdfium2._lazy:Evaluating lazy import 'PIL.Image' ...
DEBUG:pytesseract:['C:\\Program Files\\Tesseract-OCR\\tesseract.exe', 'C:\\Users\\jishn\\AppData\\Local\\Temp\\tess_lapeqaa2_input.PNG', 'C:\\Users\\jishn\\AppData\\Local\\Temp\\tess_lapeqaa2', 'txt']
INFO:werkzeug:127.0.0.1 - - [23/Mar/2026 08:18:40] "[35m[1mPOST /upload HTTP/1.1[0m" 500 -
INFO:werkzeug:127.0.0.1 - - [23/Mar/2026 08:18:40] "[36mGET /upload?__debugger__=yes&cmd=resource&f=style.css HTTP/1.1[0m" 304 -
INFO:werkzeug:127.0.0.1 - - [23/Mar/2026 08:18:40] "[36mGET /upload?__debugger__=yes&cmd=resource&f=debugger.js HTTP/1.1[0m" 304 -
INFO:werkzeug:127.0.0.1 - - [23/Mar/2026 08:18:40] "GET /upload?__debugger__=yes&cmd=resource&f=console.png&s=BNuv1JuuUVyf95q232PL HTTP/1.1" 200 -
INFO:werkzeug:127.0.0.1 - - [23/Mar/2026 08:18:40] "[36mGET /upload?__debugger__=yes&cmd=resource&f=console.png HTTP/1.1[0m" 304 -
DEBUG:pytesseract:['C:\\Program Files\\Tesseract-OCR\\tesseract.exe', 'C:\\Users\\jishn\\AppData\\Local\\Temp\\tess_h1yl0m0w_input.PNG', 'C:\\Users\\jishn\\AppData\\Local\\Temp\\tess_h1yl0m0w', 'txt']
INFO:werkzeug:127.0.0.1 - - [23/Mar/2026 08:29:42] "[35m[1mPOST /upload HTTP/1.1[0m" 500 -
INFO:werkzeug:127.0.0.1 - - [23/Mar/2026 08:29:42] "[36mGET /upload?__debugger__=yes&cmd=resource&f=style.css HTTP/1.1[0m" 304 -
INFO:werkzeug:127.0.0.1 - - [23/Mar/2026 08:29:42] "[36mGET /upload?__debugger__=yes&cmd=resource&f=debugger.js HTTP/1.1[0m" 304 -
INFO:werkzeug:127.0.0.1 - - [23/Mar/2026 08:29:42] "[36mGET /upload?__debugger__=yes&cmd=resource&f=console.png&s=BNuv1JuuUVyf95q232PL HTTP/1.1[0m" 304 -
DEBUG:pytesseract:['C:\\Program Files\\Tesseract-OCR\\tesseract.exe', 'C:\\Users\\jishn\\AppData\\Local\\Temp\\tess_o7nzjg6d_input.PNG', 'C:\\Users\\jishn\\AppData\\Local\\Temp\\tess_o7nzjg6d', 'txt']
INFO:werkzeug:127.0.0.1 - - [23/Mar/2026 08:31:15] "[35m[1mPOST /upload HTTP/1.1[0m" 500 -
INFO:werkzeug:127.0.0.1 - - [23/Mar/2026 08:31:15] "[36mGET /upload?__debugger__=yes&cmd=resource&f=style.css HTTP/1.1[0m" 304 -
INFO:werkzeug:127.0.0.1 - - [23/Mar/2026 08:31:15] "[36mGET /upload?__debugger__=yes&cmd=resource&f=debugger.js HTTP/1.1[0m" 304 -
INFO:werkzeug:127.0.0.1 - - [23/Mar/2026 08:31:15] "[36mGET /upload?__debugger__=yes&cmd=resource&f=console.png&s=BNuv1JuuUVyf95q232PL HTTP/1.1[0m" 304 -
INFO:werkzeug:127.0.0.1 - - [23/Mar/2026 08:31:25] "GET /login HTTP/1.1" 200 -
INFO:werkzeug:127.0.0.1 - - [23/Mar/2026 08:31:33] "[32mPOST /login HTTP/1.1[0m" 302 -
INFO:werkzeug:127.0.0.1 - - [23/Mar/2026 08:31:33] "GET /upload HTTP/1.1" 200 -
INFO:werkzeug:127.0.0.1 - - [23/Mar/2026 08:31:33] "[36mGET /static/main.css HTTP/1.1[0m" 304 -
DEBUG:pytesseract:['C:\\Program Files\\Tesseract-OCR\\tesseract.exe', 'C:\\Users\\jishn\\AppData\\Local\\Temp\\tess_yrs8xo3c_input.PNG', 'C:\\Users\\jishn\\AppData\\Local\\Temp\\tess_yrs8xo3c', 'txt']
INFO:werkzeug:127.0.0.1 - - [23/Mar/2026 08:31:43] "[35m[1mPOST /upload HTTP/1.1[0m" 500 -
INFO:werkzeug:127.0.0.1 - - [23/Mar/2026 08:31:43] "[36mGET /upload?__debugger__=yes&cmd=resource&f=style.css HTTP/1.1[0m" 304 -
INFO:werkzeug:127.0.0.1 - - [23/Mar/2026 08:31:43] "[36mGET /upload?__debugger__=yes&cmd=resource&f=debugger.js HTTP/1.1[0m" 304 -
INFO:werkzeug:127.0.0.1 - - [23/Mar/2026 08:31:43] "[36mGET /upload?__debugger__=yes&cmd=resource&f=console.png&s=BNuv1JuuUVyf95q232PL HTTP/1.1[0m" 304 -
INFO:werkzeug: * Detected change in 'D:\\recoveryassist new\\app.py', reloading
INFO:werkzeug: * Restarting with stat
INFO:werkzeug:[31m[1mWARNING: This is a development server. Do not use it in a production deployment. Use a production WSGI server instead.[0m
 * Running on http://127.0.0.1:5000
INFO:werkzeug:[33mPress CTRL+C to quit[0m
INFO:werkzeug: * Restarting with stat
WARNING:werkzeug: * Debugger is active!
INFO:werkzeug: * Debugger PIN: 760-904-882
INFO:werkzeug:127.0.0.1 - - [23/Mar/2026 09:04:10] "GET / HTTP/1.1" 200 -
INFO:werkzeug:127.0.0.1 - - [23/Mar/2026 09:04:10] "[36mGET /static/script.js HTTP/1.1[0m" 304 -
INFO:werkzeug:127.0.0.1 - - [23/Mar/2026 09:04:10] "[36mGET /static/logo.svg HTTP/1.1[0m" 304 -
INFO:werkzeug:127.0.0.1 - - [23/Mar/2026 09:04:10] "[36mGET /static/main.css HTTP/1.1[0m" 304 -
INFO:werkzeug:127.0.0.1 - - [23/Mar/2026 09:04:11] "[33mGET /favicon.ico HTTP/1.1[0m" 404 -
INFO:werkzeug:127.0.0.1 - - [23/Mar/2026 09:04:47] "GET /login HTTP/1.1" 200 -
INFO:werkzeug:127.0.0.1 - - [23/Mar/2026 09:04:47] "[36mGET /static/main.css HTTP/1.1[0m" 304 -
INFO:werkzeug:127.0.0.1 - - [23/Mar/2026 09:04:47] "[36mGET /static/logo.svg HTTP/1.1[0m" 304 -
INFO:werkzeug:127.0.0.1 - - [23/Mar/2026 09:05:05] "GET /login HTTP/1.1" 200 -
INFO:werkzeug:127.0.0.1 - - [23/Mar/2026 09:05:05] "[36mGET /static/logo.svg HTTP/1.1[0m" 304 -
INFO:werkzeug:127.0.0.1 - - [23/Mar/2026 09:05:05] "[36mGET /static/main.css HTTP/1.1[0m" 304 -
INFO:werkzeug:127.0.0.1 - - [23/Mar/2026 09:05:13] "[32mPOST /login HTTP/1.1[0m" 302 -
INFO:werkzeug:127.0.0.1 - - [23/Mar/2026 09:05:13] "GET /patient_dashboard HTTP/1.1" 200 -
INFO:werkzeug:127.0.0.1 - - [23/Mar/2026 09:05:13] "[36mGET /static/main.css HTTP/1.1[0m" 304 -
INFO:werkzeug:127.0.0.1 - - [23/Mar/2026 09:05:13] "[36mGET /static/logo.svg HTTP/1.1[0m" 304 -
INFO:werkzeug:127.0.0.1 - - [23/Mar/2026 09:05:13] "[36mGET /static/script.js HTTP/1.1[0m" 304 -
INFO:werkzeug:127.0.0.1 - - [23/Mar/2026 09:05:28] "GET /view_case/1 HTTP/1.1" 200 -
INFO:werkzeug:127.0.0.1 - - [23/Mar/2026 09:05:28] "[36mGET /static/main.css HTTP/1.1[0m" 304 -
INFO:werkzeug:127.0.0.1 - - [23/Mar/2026 09:05:28] "[36mGET /static/logo.svg HTTP/1.1[0m" 304 -
INFO:werkzeug:127.0.0.1 - - [23/Mar/2026 09:05:34] "GET /api/messages/1 HTTP/1.1" 200 -
INFO:werkzeug:127.0.0.1 - - [23/Mar/2026 09:05:39] "GET /api/messages/1 HTTP/1.1" 200 -
INFO:werkzeug:127.0.0.1 - - [23/Mar/2026 09:05:43] "GET /api/messages/1 HTTP/1.1" 200 -
INFO:werkzeug:127.0.0.1 - - [23/Mar/2026 09:05:49] "GET /api/messages/1 HTTP/1.1" 200 -
INFO:werkzeug:127.0.0.1 - - [23/Mar/2026 09:05:54] "GET /api/messages/1 HTTP/1.1" 200 -
INFO:werkzeug:127.0.0.1 - - [23/Mar/2026 09:05:54] "GET /patient_dashboard HTTP/1.1" 200 -
INFO:werkzeug:127.0.0.1 - - [23/Mar/2026 09:05:54] "[36mGET /static/main.css HTTP/1.1[0m" 304 -
INFO:werkzeug:127.0.0.1 - - [23/Mar/2026 09:05:54] "[36mGET /static/logo.svg HTTP/1.1[0m" 304 -
INFO:werkzeug:127.0.0.1 - - [23/Mar/2026 09:05:54] "[36mGET /static/script.js HTTP/1.1[0m" 304 -
INFO:werkzeug:127.0.0.1 - - [23/Mar/2026 09:05:56] "[32mGET /logout HTTP/1.1[0m" 302 -
INFO:werkzeug:127.0.0.1 - - [23/Mar/2026 09:05:57] "GET / HTTP/1.1" 200 -
INFO:werkzeug:127.0.0.1 - - [23/Mar/2026 09:05:57] "[36mGET /static/main.css HTTP/1.1[0m" 304 -
INFO:werkzeug:127.0.0.1 - - [23/Mar/2026 09:05:57] "[36mGET /static/logo.svg HTTP/1.1[0m" 304 -
INFO:werkzeug:127.0.0.1 - - [23/Mar/2026 09:05:57] "[36mGET /static/script.js HTTP/1.1[0m" 304 -
INFO:werkzeug:127.0.0.1 - - [23/Mar/2026 09:10:20] "GET /login HTTP/1.1" 200 -
INFO:werkzeug:127.0.0.1 - - [23/Mar/2026 09:10:20] "[36mGET /static/main.css HTTP/1.1[0m" 304 -
INFO:werkzeug:127.0.0.1 - - [23/Mar/2026 09:10:20] "[36mGET /static/logo.svg HTTP/1.1[0m" 304 -
INFO:werkzeug:127.0.0.1 - - [23/Mar/2026 09:10:24] "GET / HTTP/1.1" 200 -
INFO:werkzeug:127.0.0.1 - - [23/Mar/2026 09:10:24] "[36mGET /static/main.css HTTP/1.1[0m" 304 -
INFO:werkzeug:127.0.0.1 - - [23/Mar/2026 09:10:24] "[36mGET /static/logo.svg HTTP/1.1[0m" 304 -
INFO:werkzeug:127.0.0.1 - - [23/Mar/2026 09:10:24] "[36mGET /static/script.js HTTP/1.1[0m" 304 -
INFO:werkzeug:127.0.0.1 - - [23/Mar/2026 09:10:33] "GET /login HTTP/1.1" 200 -
INFO:werkzeug:127.0.0.1 - - [23/Mar/2026 09:10:33] "[36mGET /static/main.css HTTP/1.1[0m" 304 -
INFO:werkzeug:127.0.0.1 - - [23/Mar/2026 09:10:33] "[36mGET /static/logo.svg HTTP/1.1[0m" 304 -
INFO:werkzeug:127.0.0.1 - - [23/Mar/2026 09:10:41] "[32mPOST /login HTTP/1.1[0m" 302 -
INFO:werkzeug:127.0.0.1 - - [23/Mar/2026 09:10:41] "GET /patient_dashboard HTTP/1.1" 200 -
INFO:werkzeug:127.0.0.1 - - [23/Mar/2026 09:10:41] "[36mGET /static/main.css HTTP/1.1[0m" 304 -
INFO:werkzeug:127.0.0.1 - - [23/Mar/2026 09:10:41] "[36mGET /static/logo.svg HTTP/1.1[0m" 304 -
INFO:werkzeug:127.0.0.1 - - [23/Mar/2026 09:10:41] "[36mGET /static/script.js HTTP/1.1[0m" 304 -
INFO:werkzeug:127.0.0.1 - - [23/Mar/2026 09:10:43] "GET /view_case/1 HTTP/1.1" 200 -
INFO:werkzeug:127.0.0.1 - - [23/Mar/2026 09:10:43] "[36mGET /static/main.css HTTP/1.1[0m" 304 -
INFO:werkzeug:127.0.0.1 - - [23/Mar/2026 09:10:43] "[36mGET /static/logo.svg HTTP/1.1[0m" 304 -
INFO:werkzeug:127.0.0.1 - - [23/Mar/2026 09:10:49] "GET /api/messages/1 HTTP/1.1" 200 -
INFO:werkzeug:127.0.0.1 - - [23/Mar/2026 09:10:54] "GET /api/messages/1 HTTP/1.1" 200 -
INFO:werkzeug:127.0.0.1 - - [23/Mar/2026 09:10:59] "GET /api/messages/1 HTTP/1.1" 200 -
INFO:werkzeug:127.0.0.1 - - [23/Mar/2026 09:11:04] "GET /api/messages/1 HTTP/1.1" 200 -
INFO:werkzeug:127.0.0.1 - - [23/Mar/2026 09:11:09] "GET /api/messages/1 HTTP/1.1" 200 -
INFO:werkzeug:127.0.0.1 - - [23/Mar/2026 09:11:14] "GET /api/messages/1 HTTP/1.1" 200 -
INFO:werkzeug:127.0.0.1 - - [23/Mar/2026 09:11:19] "GET /api/messages/1 HTTP/1.1" 200 -
INFO:werkzeug:127.0.0.1 - - [23/Mar/2026 09:11:24] "GET /api/messages/1 HTTP/1.1" 200 -
INFO:werkzeug:127.0.0.1 - - [23/Mar/2026 09:11:29] "GET /api/messages/1 HTTP/1.1" 200 -
INFO:werkzeug:127.0.0.1 - - [23/Mar/2026 09:11:34] "GET /api/messages/1 HTTP/1.1" 200 -
INFO:werkzeug:127.0.0.1 - - [23/Mar/2026 09:11:39] "GET /api/messages/1 HTTP/1.1" 200 -
INFO:werkzeug:127.0.0.1 - - [23/Mar/2026 09:11:44] "GET /api/messages/1 HTTP/1.1" 200 -
INFO:werkzeug:127.0.0.1 - - [23/Mar/2026 09:11:50] "GET /api/messages/1 HTTP/1.1" 200 -
INFO:werkzeug:127.0.0.1 - - [23/Mar/2026 09:11:53] "GET /api/messages/1 HTTP/1.1" 200 -
INFO:werkzeug:127.0.0.1 - - [23/Mar/2026 09:11:59] "GET /api/messages/1 HTTP/1.1" 200 -
INFO:werkzeug:127.0.0.1 - - [23/Mar/2026 09:12:04] "GET /api/messages/1 HTTP/1.1" 200 -
INFO:werkzeug:127.0.0.1 - - [23/Mar/2026 09:12:09] "GET /api/messages/1 HTTP/1.1" 200 -
INFO:werkzeug:127.0.0.1 - - [23/Mar/2026 09:12:14] "GET /api/messages/1 HTTP/1.1" 200 -
INFO:werkzeug:127.0.0.1 - - [23/Mar/2026 09:12:19] "GET /api/messages/1 HTTP/1.1" 200 -
INFO:werkzeug:127.0.0.1 - - [23/Mar/2026 09:12:24] "GET /api/messages/1 HTTP/1.1" 200 -
INFO:werkzeug:127.0.0.1 - - [23/Mar/2026 09:12:29] "GET /api/messages/1 HTTP/1.1" 200 -
INFO:werkzeug:127.0.0.1 - - [23/Mar/2026 09:12:34] "GET /api/messages/1 HTTP/1.1" 200 -
INFO:werkzeug:127.0.0.1 - - [23/Mar/2026 09:12:39] "GET /api/messages/1 HTTP/1.1" 200 -
INFO:werkzeug:127.0.0.1 - - [23/Mar/2026 09:12:44] "GET /api/messages/1 HTTP/1.1" 200 -
INFO:werkzeug:127.0.0.1 - - [23/Mar/2026 09:12:49] "GET /api/messages/1 HTTP/1.1" 200 -
INFO:werkzeug:127.0.0.1 - - [23/Mar/2026 09:13:01] "GET /api/messages/1 HTTP/1.1" 200 -
INFO:werkzeug:127.0.0.1 - - [23/Mar/2026 09:14:01] "GET /api/messages/1 HTTP/1.1" 200 -
INFO:werkzeug:127.0.0.1 - - [23/Mar/2026 09:15:01] "GET /api/messages/1 HTTP/1.1" 200 -
INFO:werkzeug:127.0.0.1 - - [23/Mar/2026 09:15:15] "GET /api/messages/1 HTTP/1.1" 200 -
INFO:werkzeug:127.0.0.1 - - [23/Mar/2026 09:15:18] "GET /api/messages/1 HTTP/1.1" 200 -
INFO:werkzeug:127.0.0.1 - - [23/Mar/2026 09:15:23] "GET /api/messages/1 HTTP/1.1" 200 -
INFO:werkzeug:127.0.0.1 - - [23/Mar/2026 09:15:29] "GET /api/messages/1 HTTP/1.1" 200 -
INFO:werkzeug:127.0.0.1 - - [23/Mar/2026 09:15:34] "GET /api/messages/1 HTTP/1.1" 200 -
INFO:werkzeug:127.0.0.1 - - [23/Mar/2026 09:15:39] "GET /api/messages/1 HTTP/1.1" 200 -
INFO:werkzeug:127.0.0.1 - - [23/Mar/2026 09:15:44] "GET /api/messages/1 HTTP/1.1" 200 -
INFO:werkzeug:127.0.0.1 - - [23/Mar/2026 09:15:49] "GET /api/messages/1 HTTP/1.1" 200 -
INFO:werkzeug:127.0.0.1 - - [23/Mar/2026 09:15:54] "GET /api/messages/1 HTTP/1.1" 200 -
INFO:werkzeug:127.0.0.1 - - [23/Mar/2026 09:15:59] "GET /api/messages/1 HTTP/1.1" 200 -
INFO:werkzeug:127.0.0.1 - - [23/Mar/2026 09:16:04] "GET /api/messages/1 HTTP/1.1" 200 -
INFO:werkzeug:127.0.0.1 - - [23/Mar/2026 09:16:09] "GET /api/messages/1 HTTP/1.1" 200 -
INFO:werkzeug:127.0.0.1 - - [23/Mar/2026 09:16:14] "GET /api/messages/1 HTTP/1.1" 200 -
INFO:werkzeug:127.0.0.1 - - [23/Mar/2026 09:16:19] "GET /api/messages/1 HTTP/1.1" 200 -
INFO:werkzeug:127.0.0.1 - - [23/Mar/2026 09:16:24] "GET /api/messages/1 HTTP/1.1" 200 -
INFO:werkzeug:127.0.0.1 - - [23/Mar/2026 09:17:01] "GET /api/messages/1 HTTP/1.1" 200 -
INFO:werkzeug:127.0.0.1 - - [23/Mar/2026 09:18:01] "GET /api/messages/1 HTTP/1.1" 200 -
INFO:werkzeug:127.0.0.1 - - [23/Mar/2026 09:19:01] "GET /api/messages/1 HTTP/1.1" 200 -
INFO:werkzeug:127.0.0.1 - - [23/Mar/2026 09:20:01] "GET /api/messages/1 HTTP/1.1" 200 -
INFO:werkzeug:127.0.0.1 - - [23/Mar/2026 09:20:13] "GET /api/messages/1 HTTP/1.1" 200 -
INFO:werkzeug:127.0.0.1 - - [23/Mar/2026 09:20:13] "GET /api/messages/1 HTTP/1.1" 200 -
INFO:werkzeug:127.0.0.1 - - [23/Mar/2026 09:20:18] "GET /api/messages/1 HTTP/1.1" 200 -
INFO:werkzeug:127.0.0.1 - - [23/Mar/2026 09:20:23] "GET /api/messages/1 HTTP/1.1" 200 -
INFO:werkzeug:127.0.0.1 - - [23/Mar/2026 09:20:28] "GET /api/messages/1 HTTP/1.1" 200 -
INFO:werkzeug:127.0.0.1 - - [23/Mar/2026 09:20:33] "GET /api/messages/1 HTTP/1.1" 200 -
INFO:werkzeug:127.0.0.1 - - [23/Mar/2026 09:20:38] "GET /api/messages/1 HTTP/1.1" 200 -
INFO:werkzeug:127.0.0.1 - - [23/Mar/2026 09:20:43] "GET /api/messages/1 HTTP/1.1" 200 -
INFO:werkzeug:127.0.0.1 - - [23/Mar/2026 09:20:48] "GET /api/messages/1 HTTP/1.1" 200 -
INFO:werkzeug:127.0.0.1 - - [23/Mar/2026 09:20:53] "GET /api/messages/1 HTTP/1.1" 200 -
INFO:werkzeug:127.0.0.1 - - [23/Mar/2026 09:20:58] "GET /api/messages/1 HTTP/1.1" 200 -
INFO:werkzeug:127.0.0.1 - - [23/Mar/2026 09:21:03] "GET /api/messages/1 HTTP/1.1" 200 -
INFO:werkzeug:127.0.0.1 - - [23/Mar/2026 09:21:08] "GET /api/messages/1 HTTP/1.1" 200 -
INFO:werkzeug:127.0.0.1 - - [23/Mar/2026 09:21:13] "GET /api/messages/1 HTTP/1.1" 200 -
INFO:werkzeug:127.0.0.1 - - [23/Mar/2026 09:21:18] "GET /api/messages/1 HTTP/1.1" 200 -
INFO:werkzeug:127.0.0.1 - - [23/Mar/2026 09:21:23] "GET /api/messages/1 HTTP/1.1" 200 -
INFO:werkzeug:127.0.0.1 - - [23/Mar/2026 09:21:28] "GET /api/messages/1 HTTP/1.1" 200 -
INFO:werkzeug:127.0.0.1 - - [23/Mar/2026 09:21:33] "GET /api/messages/1 HTTP/1.1" 200 -
INFO:werkzeug:127.0.0.1 - - [23/Mar/2026 09:21:38] "GET /api/messages/1 HTTP/1.1" 200 -
INFO:werkzeug:127.0.0.1 - - [23/Mar/2026 09:21:43] "GET /api/messages/1 HTTP/1.1" 200 -
INFO:werkzeug:127.0.0.1 - - [23/Mar/2026 09:21:48] "GET /api/messages/1 HTTP/1.1" 200 -
INFO:werkzeug:127.0.0.1 - - [23/Mar/2026 09:21:53] "GET /api/messages/1 HTTP/1.1" 200 -
INFO:werkzeug:127.0.0.1 - - [23/Mar/2026 09:21:58] "GET /api/messages/1 HTTP/1.1" 200 -
INFO:werkzeug:127.0.0.1 - - [23/Mar/2026 09:22:03] "GET /api/messages/1 HTTP/1.1" 200 -
INFO:werkzeug:127.0.0.1 - - [23/Mar/2026 09:22:08] "GET /api/messages/1 HTTP/1.1" 200 -
INFO:werkzeug:127.0.0.1 - - [23/Mar/2026 09:22:13] "GET /api/messages/1 HTTP/1.1" 200 -
INFO:werkzeug:127.0.0.1 - - [23/Mar/2026 09:22:19] "GET /api/messages/1 HTTP/1.1" 200 -
INFO:werkzeug:127.0.0.1 - - [23/Mar/2026 09:22:24] "GET /api/messages/1 HTTP/1.1" 200 -
INFO:werkzeug:[31m[1mWARNING: This is a development server. Do not use it in a production deployment. Use a production WSGI server instead.[0m
 * Running on http://127.0.0.1:5000
INFO:werkzeug:[33mPress CTRL+C to quit[0m
INFO:werkzeug: * Restarting with stat
WARNING:werkzeug: * Debugger is active!
INFO:werkzeug: * Debugger PIN: 760-904-882
INFO:werkzeug:127.0.0.1 - - [23/Mar/2026 09:48:58] "GET / HTTP/1.1" 200 -
INFO:werkzeug:127.0.0.1 - - [23/Mar/2026 09:48:58] "[36mGET /static/script.js HTTP/1.1[0m" 304 -
INFO:werkzeug:127.0.0.1 - - [23/Mar/2026 09:48:58] "[36mGET /static/logo.svg HTTP/1.1[0m" 304 -
INFO:werkzeug:127.0.0.1 - - [23/Mar/2026 09:48:58] "[36mGET /static/main.css HTTP/1.1[0m" 304 -
INFO:werkzeug:127.0.0.1 - - [23/Mar/2026 09:49:06] "GET /api/messages/1 HTTP/1.1" 200 -
INFO:werkzeug:127.0.0.1 - - [23/Mar/2026 09:49:28] "GET /login HTTP/1.1" 200 -
INFO:werkzeug:127.0.0.1 - - [23/Mar/2026 09:49:28] "[36mGET /static/main.css HTTP/1.1[0m" 304 -
INFO:werkzeug:127.0.0.1 - - [23/Mar/2026 09:49:28] "[36mGET /static/logo.svg HTTP/1.1[0m" 304 -
INFO:werkzeug:127.0.0.1 - - [23/Mar/2026 09:50:28] "GET /doctor_login HTTP/1.1" 200 -
INFO:werkzeug:127.0.0.1 - - [23/Mar/2026 09:50:28] "[36mGET /static/main.css HTTP/1.1[0m" 304 -
INFO:werkzeug:127.0.0.1 - - [23/Mar/2026 09:50:28] "[36mGET /static/logo.svg HTTP/1.1[0m" 304 -
INFO:werkzeug:127.0.0.1 - - [23/Mar/2026 09:53:16] "GET /login HTTP/1.1" 200 -
INFO:werkzeug:127.0.0.1 - - [23/Mar/2026 09:53:16] "[36mGET /static/main.css HTTP/1.1[0m" 304 -
INFO:werkzeug:127.0.0.1 - - [23/Mar/2026 09:53:16] "[36mGET /static/logo.svg HTTP/1.1[0m" 304 -
INFO:werkzeug:127.0.0.1 - - [23/Mar/2026 09:53:32] "GET /doctor_login HTTP/1.1" 200 -
INFO:werkzeug:127.0.0.1 - - [23/Mar/2026 09:53:32] "[36mGET /static/main.css HTTP/1.1[0m" 304 -
INFO:werkzeug:127.0.0.1 - - [23/Mar/2026 09:53:32] "[36mGET /static/logo.svg HTTP/1.1[0m" 304 -
INFO:werkzeug:127.0.0.1 - - [23/Mar/2026 09:53:42] "GET /register HTTP/1.1" 200 -
INFO:werkzeug:127.0.0.1 - - [23/Mar/2026 09:53:42] "[36mGET /static/main.css HTTP/1.1[0m" 304 -
INFO:werkzeug:127.0.0.1 - - [23/Mar/2026 09:53:42] "[36mGET /static/logo.svg HTTP/1.1[0m" 304 -
INFO:werkzeug:127.0.0.1 - - [23/Mar/2026 09:53:47] "GET /doctor_login HTTP/1.1" 200 -
INFO:werkzeug:127.0.0.1 - - [23/Mar/2026 09:53:47] "[36mGET /static/main.css HTTP/1.1[0m" 304 -
INFO:werkzeug:127.0.0.1 - - [23/Mar/2026 09:53:47] "[36mGET /static/logo.svg HTTP/1.1[0m" 304 -
INFO:werkzeug:127.0.0.1 - - [23/Mar/2026 09:55:39] "GET /doctor_login HTTP/1.1" 200 -
INFO:werkzeug:127.0.0.1 - - [23/Mar/2026 09:55:39] "[36mGET /static/main.css HTTP/1.1[0m" 304 -
INFO:werkzeug:127.0.0.1 - - [23/Mar/2026 09:55:39] "[36mGET /static/logo.svg HTTP/1.1[0m" 304 -
INFO:werkzeug:127.0.0.1 - - [23/Mar/2026 09:55:42] "GET /doctor_register HTTP/1.1" 200 -
INFO:werkzeug:127.0.0.1 - - [23/Mar/2026 09:55:42] "[36mGET /static/main.css HTTP/1.1[0m" 304 -
INFO:werkzeug:127.0.0.1 - - [23/Mar/2026 09:55:42] "[36mGET /static/logo.svg HTTP/1.1[0m" 304 -
INFO:werkzeug:127.0.0.1 - - [23/Mar/2026 10:05:59] "GET /register HTTP/1.1" 200 -
INFO:werkzeug:127.0.0.1 - - [23/Mar/2026 10:05:59] "[36mGET /static/main.css HTTP/1.1[0m" 304 -
INFO:werkzeug:127.0.0.1 - - [23/Mar/2026 10:05:59] "[36mGET /static/logo.svg HTTP/1.1[0m" 304 -
INFO:werkzeug:127.0.0.1 - - [23/Mar/2026 10:06:20] "GET /doctor_login HTTP/1.1" 200 -
INFO:werkzeug:127.0.0.1 - - [23/Mar/2026 10:06:20] "[36mGET /static/main.css HTTP/1.1[0m" 304 -
INFO:werkzeug:127.0.0.1 - - [23/Mar/2026 10:06:20] "[36mGET /static/logo.svg HTTP/1.1[0m" 304 -
INFO:werkzeug:127.0.0.1 - - [23/Mar/2026 10:06:45] "GET /doctor_register HTTP/1.1" 200 -
INFO:werkzeug:127.0.0.1 - - [23/Mar/2026 10:06:45] "[36mGET /static/main.css HTTP/1.1[0m" 304 -
INFO:werkzeug:127.0.0.1 - - [23/Mar/2026 10:06:45] "[36mGET /static/logo.svg HTTP/1.1[0m" 304 -
INFO:werkzeug:127.0.0.1 - - [23/Mar/2026 10:07:40] "GET /login HTTP/1.1" 200 -
INFO:werkzeug:127.0.0.1 - - [23/Mar/2026 10:07:40] "[36mGET /static/main.css HTTP/1.1[0m" 304 -
INFO:werkzeug:127.0.0.1 - - [23/Mar/2026 10:07:40] "[36mGET /static/logo.svg HTTP/1.1[0m" 304 -
INFO:werkzeug:127.0.0.1 - - [23/Mar/2026 10:07:46] "GET /register HTTP/1.1" 200 -
INFO:werkzeug:127.0.0.1 - - [23/Mar/2026 10:07:46] "[36mGET /static/main.css HTTP/1.1[0m" 304 -
INFO:werkzeug:127.0.0.1 - - [23/Mar/2026 10:07:46] "[36mGET /static/logo.svg HTTP/1.1[0m" 304 -
INFO:werkzeug:127.0.0.1 - - [23/Mar/2026 10:08:17] "[32mPOST /register HTTP/1.1[0m" 302 -
INFO:werkzeug:127.0.0.1 - - [23/Mar/2026 10:08:17] "GET /login HTTP/1.1" 200 -
INFO:werkzeug:127.0.0.1 - - [23/Mar/2026 10:08:17] "[36mGET /static/main.css HTTP/1.1[0m" 304 -
INFO:werkzeug:127.0.0.1 - - [23/Mar/2026 10:08:17] "[36mGET /static/logo.svg HTTP/1.1[0m" 304 -
INFO:werkzeug:127.0.0.1 - - [23/Mar/2026 10:08:29] "[32mPOST /login HTTP/1.1[0m" 302 -
INFO:werkzeug:127.0.0.1 - - [23/Mar/2026 10:08:30] "GET /upload HTTP/1.1" 200 -
INFO:werkzeug:127.0.0.1 - - [23/Mar/2026 10:08:30] "[36mGET /static/main.css HTTP/1.1[0m" 304 -
INFO:werkzeug:127.0.0.1 - - [23/Mar/2026 10:09:00] "GET /doctor_register HTTP/1.1" 200 -
INFO:werkzeug:127.0.0.1 - - [23/Mar/2026 10:09:00] "[36mGET /static/main.css HTTP/1.1[0m" 304 -
INFO:werkzeug:127.0.0.1 - - [23/Mar/2026 10:09:00] "[36mGET /static/logo.svg HTTP/1.1[0m" 304 -
INFO:werkzeug:127.0.0.1 - - [23/Mar/2026 10:09:38] "[32mPOST /doctor_register HTTP/1.1[0m" 302 -
INFO:werkzeug:127.0.0.1 - - [23/Mar/2026 10:09:38] "GET /doctor_login HTTP/1.1" 200 -
INFO:werkzeug:127.0.0.1 - - [23/Mar/2026 10:09:38] "[36mGET /static/main.css HTTP/1.1[0m" 304 -
INFO:werkzeug:127.0.0.1 - - [23/Mar/2026 10:09:38] "[36mGET /static/logo.svg HTTP/1.1[0m" 304 -
INFO:werkzeug:127.0.0.1 - - [23/Mar/2026 10:10:05] "GET /doctor_register HTTP/1.1" 200 -
INFO:werkzeug:127.0.0.1 - - [23/Mar/2026 10:10:05] "[36mGET /static/main.css HTTP/1.1[0m" 304 -
INFO:werkzeug:127.0.0.1 - - [23/Mar/2026 10:10:05] "[36mGET /static/logo.svg HTTP/1.1[0m" 304 -
INFO:werkzeug:127.0.0.1 - - [23/Mar/2026 10:12:14] "[32mPOST /doctor_register HTTP/1.1[0m" 302 -
INFO:werkzeug:127.0.0.1 - - [23/Mar/2026 10:12:14] "GET /doctor_login HTTP/1.1" 200 -
INFO:werkzeug:127.0.0.1 - - [23/Mar/2026 10:12:14] "[36mGET /static/main.css HTTP/1.1[0m" 304 -
INFO:werkzeug:127.0.0.1 - - [23/Mar/2026 10:12:14] "[36mGET /static/logo.svg HTTP/1.1[0m" 304 -
INFO:werkzeug:127.0.0.1 - - [23/Mar/2026 10:12:44] "GET /login HTTP/1.1" 200 -
INFO:werkzeug:127.0.0.1 - - [23/Mar/2026 10:12:44] "[36mGET /static/main.css HTTP/1.1[0m" 304 -
INFO:werkzeug:127.0.0.1 - - [23/Mar/2026 10:12:44] "[36mGET /static/logo.svg HTTP/1.1[0m" 304 -
INFO:werkzeug:127.0.0.1 - - [23/Mar/2026 10:12:46] "GET /doctor_login HTTP/1.1" 200 -
INFO:werkzeug:127.0.0.1 - - [23/Mar/2026 10:12:46] "[36mGET /static/main.css HTTP/1.1[0m" 304 -
INFO:werkzeug:127.0.0.1 - - [23/Mar/2026 10:12:46] "[36mGET /static/logo.svg HTTP/1.1[0m" 304 -
INFO:werkzeug:127.0.0.1 - - [23/Mar/2026 10:12:55] "[32mPOST /doctor_login HTTP/1.1[0m" 302 -
INFO:werkzeug:127.0.0.1 - - [23/Mar/2026 10:12:55] "GET /doctor_dashboard HTTP/1.1" 200 -
INFO:werkzeug:127.0.0.1 - - [23/Mar/2026 10:12:55] "[36mGET /static/main.css HTTP/1.1[0m" 304 -
INFO:werkzeug:127.0.0.1 - - [23/Mar/2026 10:12:55] "[36mGET /static/logo.svg HTTP/1.1[0m" 304 -
INFO:werkzeug:127.0.0.1 - - [23/Mar/2026 10:12:59] "POST /toggle_availability HTTP/1.1" 200 -
INFO:werkzeug:127.0.0.1 - - [23/Mar/2026 10:13:05] "GET /login HTTP/1.1" 200 -
INFO:werkzeug:127.0.0.1 - - [23/Mar/2026 10:13:05] "[36mGET /static/main.css HTTP/1.1[0m" 304 -
INFO:werkzeug:127.0.0.1 - - [23/Mar/2026 10:13:05] "[36mGET /static/logo.svg HTTP/1.1[0m" 304 -
INFO:werkzeug:127.0.0.1 - - [23/Mar/2026 10:13:12] "[32mPOST /login HTTP/1.1[0m" 302 -
INFO:werkzeug:127.0.0.1 - - [23/Mar/2026 10:13:12] "GET /upload HTTP/1.1" 200 -
INFO:werkzeug:127.0.0.1 - - [23/Mar/2026 10:13:13] "[36mGET /static/main.css HTTP/1.1[0m" 304 -
INFO:werkzeug:127.0.0.1 - - [23/Mar/2026 10:13:23] "[32mPOST /upload HTTP/1.1[0m" 302 -
INFO:werkzeug:127.0.0.1 - - [23/Mar/2026 10:13:23] "GET /patient_dashboard HTTP/1.1" 200 -
INFO:werkzeug:127.0.0.1 - - [23/Mar/2026 10:13:23] "[36mGET /static/main.css HTTP/1.1[0m" 304 -
INFO:werkzeug:127.0.0.1 - - [23/Mar/2026 10:13:23] "[36mGET /static/logo.svg HTTP/1.1[0m" 304 -
INFO:werkzeug:127.0.0.1 - - [23/Mar/2026 10:13:23] "[36mGET /static/script.js HTTP/1.1[0m" 304 -
INFO:werkzeug:127.0.0.1 - - [23/Mar/2026 10:13:26] "GET /doctors_list HTTP/1.1" 200 -
INFO:werkzeug:127.0.0.1 - - [23/Mar/2026 10:13:26] "[36mGET /static/logo.svg HTTP/1.1[0m" 304 -
INFO:werkzeug:127.0.0.1 - - [23/Mar/2026 10:19:56] "GET /upload HTTP/1.1" 200 -
INFO:werkzeug:127.0.0.1 - - [23/Mar/2026 10:19:56] "GET /login HTTP/1.1" 200 -
INFO:werkzeug:127.0.0.1 - - [23/Mar/2026 10:19:57] "GET /doctor_login HTTP/1.1" 200 -
INFO:werkzeug:127.0.0.1 - - [23/Mar/2026 10:20:00] "GET /login HTTP/1.1" 200 -
INFO:werkzeug:127.0.0.1 - - [23/Mar/2026 10:20:00] "[36mGET /static/logo.svg HTTP/1.1[0m" 304 -
INFO:werkzeug:127.0.0.1 - - [23/Mar/2026 10:20:00] "GET /static/main.css HTTP/1.1" 200 -
INFO:werkzeug:127.0.0.1 - - [23/Mar/2026 10:20:09] "GET /doctor_register HTTP/1.1" 200 -
INFO:werkzeug:127.0.0.1 - - [23/Mar/2026 10:20:19] "GET / HTTP/1.1" 200 -
INFO:werkzeug:127.0.0.1 - - [23/Mar/2026 10:20:19] "[36mGET /static/main.css HTTP/1.1[0m" 304 -
INFO:werkzeug:127.0.0.1 - - [23/Mar/2026 10:20:19] "[36mGET /static/logo.svg HTTP/1.1[0m" 304 -
INFO:werkzeug:127.0.0.1 - - [23/Mar/2026 10:20:19] "[36mGET /static/script.js HTTP/1.1[0m" 304 -
INFO:werkzeug:127.0.0.1 - - [23/Mar/2026 10:20:31] "[33mGET /favicon.ico HTTP/1.1[0m" 404 -
INFO:werkzeug:127.0.0.1 - - [23/Mar/2026 10:21:38] "GET /login HTTP/1.1" 200 -
INFO:werkzeug:127.0.0.1 - - [23/Mar/2026 10:21:38] "[36mGET /static/main.css HTTP/1.1[0m" 304 -
INFO:werkzeug:127.0.0.1 - - [23/Mar/2026 10:21:38] "[36mGET /static/logo.svg HTTP/1.1[0m" 304 -
INFO:werkzeug:127.0.0.1 - - [23/Mar/2026 10:24:51] "GET / HTTP/1.1" 200 -
INFO:werkzeug:127.0.0.1 - - [23/Mar/2026 10:24:51] "[36mGET /static/script.js HTTP/1.1[0m" 304 -
INFO:werkzeug:127.0.0.1 - - [23/Mar/2026 10:24:51] "[36mGET /static/logo.svg HTTP/1.1[0m" 304 -
INFO:werkzeug:127.0.0.1 - - [23/Mar/2026 10:24:51] "GET /static/main.css HTTP/1.1" 200 -
INFO:werkzeug:127.0.0.1 - - [23/Mar/2026 10:24:52] "GET / HTTP/1.1" 200 -
INFO:werkzeug:127.0.0.1 - - [23/Mar/2026 10:24:52] "[36mGET /static/logo.svg HTTP/1.1[0m" 304 -
INFO:werkzeug:127.0.0.1 - - [23/Mar/2026 10:24:52] "[36mGET /static/main.css HTTP/1.1[0m" 304 -
INFO:werkzeug:127.0.0.1 - - [23/Mar/2026 10:24:52] "[36mGET /static/script.js HTTP/1.1[0m" 304 -
INFO:werkzeug:127.0.0.1 - - [23/Mar/2026 10:25:42] "GET / HTTP/1.1" 200 -
INFO:werkzeug:127.0.0.1 - - [23/Mar/2026 10:25:42] "GET /static/main.css HTTP/1.1" 200 -
INFO:werkzeug:127.0.0.1 - - [23/Mar/2026 10:25:42] "[36mGET /static/logo.svg HTTP/1.1[0m" 304 -
INFO:werkzeug:127.0.0.1 - - [23/Mar/2026 10:25:42] "[36mGET /static/script.js HTTP/1.1[0m" 304 -
INFO:werkzeug:127.0.0.1 - - [23/Mar/2026 10:26:15] "GET /login HTTP/1.1" 200 -
INFO:werkzeug:127.0.0.1 - - [23/Mar/2026 10:26:15] "[36mGET /static/main.css HTTP/1.1[0m" 304 -
INFO:werkzeug:127.0.0.1 - - [23/Mar/2026 10:26:15] "[36mGET /static/logo.svg HTTP/1.1[0m" 304 -
INFO:werkzeug:127.0.0.1 - - [23/Mar/2026 10:31:56] "GET / HTTP/1.1" 200 -
INFO:werkzeug:127.0.0.1 - - [23/Mar/2026 10:31:56] "[36mGET /static/main.css HTTP/1.1[0m" 304 -
INFO:werkzeug:127.0.0.1 - - [23/Mar/2026 10:31:56] "[36mGET /static/logo.svg HTTP/1.1[0m" 304 -
INFO:werkzeug:127.0.0.1 - - [23/Mar/2026 10:31:56] "[36mGET /static/script.js HTTP/1.1[0m" 304 -
INFO:werkzeug:127.0.0.1 - - [23/Mar/2026 10:36:12] "GET / HTTP/1.1" 200 -
INFO:werkzeug:127.0.0.1 - - [23/Mar/2026 10:36:12] "[36mGET /static/main.css HTTP/1.1[0m" 304 -
INFO:werkzeug:127.0.0.1 - - [23/Mar/2026 10:36:12] "[36mGET /static/script.js HTTP/1.1[0m" 304 -
INFO:werkzeug:127.0.0.1 - - [23/Mar/2026 10:36:12] "[36mGET /static/logo.svg HTTP/1.1[0m" 304 -
INFO:werkzeug:127.0.0.1 - - [23/Mar/2026 10:36:26] "GET /login HTTP/1.1" 200 -
INFO:werkzeug:127.0.0.1 - - [23/Mar/2026 10:36:26] "[36mGET /static/main.css HTTP/1.1[0m" 304 -
INFO:werkzeug:127.0.0.1 - - [23/Mar/2026 10:36:26] "[36mGET /static/logo.svg HTTP/1.1[0m" 304 -
INFO:werkzeug:127.0.0.1 - - [23/Mar/2026 10:36:47] "[32mPOST /login HTTP/1.1[0m" 302 -
INFO:werkzeug:127.0.0.1 - - [23/Mar/2026 10:36:47] "GET /patient_dashboard HTTP/1.1" 200 -
INFO:werkzeug:127.0.0.1 - - [23/Mar/2026 10:36:47] "[36mGET /static/script.js HTTP/1.1[0m" 304 -
INFO:werkzeug:127.0.0.1 - - [23/Mar/2026 10:36:47] "[36mGET /static/main.css HTTP/1.1[0m" 304 -
INFO:werkzeug:127.0.0.1 - - [23/Mar/2026 10:36:47] "[36mGET /static/logo.svg HTTP/1.1[0m" 304 -
INFO:werkzeug:127.0.0.1 - - [23/Mar/2026 10:36:57] "GET /doctors_list HTTP/1.1" 200 -
INFO:werkzeug:127.0.0.1 - - [23/Mar/2026 10:36:57] "[36mGET /static/logo.svg HTTP/1.1[0m" 304 -
INFO:werkzeug:127.0.0.1 - - [23/Mar/2026 10:37:11] "GET /upload HTTP/1.1" 200 -
INFO:werkzeug:127.0.0.1 - - [23/Mar/2026 10:37:11] "[36mGET /static/main.css HTTP/1.1[0m" 304 -
INFO:werkzeug:127.0.0.1 - - [23/Mar/2026 10:37:36] "GET /view_case/1 HTTP/1.1" 200 -
INFO:werkzeug:127.0.0.1 - - [23/Mar/2026 10:37:36] "[36mGET /static/main.css HTTP/1.1[0m" 304 -
INFO:werkzeug:127.0.0.1 - - [23/Mar/2026 10:37:36] "[36mGET /static/logo.svg HTTP/1.1[0m" 304 -
INFO:werkzeug:127.0.0.1 - - [23/Mar/2026 10:37:41] "GET /api/messages/1 HTTP/1.1" 200 -
INFO:werkzeug:127.0.0.1 - - [23/Mar/2026 10:37:46] "GET /api/messages/1 HTTP/1.1" 200 -
INFO:werkzeug:127.0.0.1 - - [23/Mar/2026 10:37:51] "GET /api/messages/1 HTTP/1.1" 200 -
INFO:werkzeug:127.0.0.1 - - [23/Mar/2026 10:37:54] "GET /patient_doctors/1 HTTP/1.1" 200 -
INFO:werkzeug:127.0.0.1 - - [23/Mar/2026 10:37:54] "[36mGET /static/logo.svg HTTP/1.1[0m" 304 -
INFO:werkzeug:127.0.0.1 - - [23/Mar/2026 10:37:55] "[32mGET /assign_doctor/1/1 HTTP/1.1[0m" 302 -
INFO:werkzeug:127.0.0.1 - - [23/Mar/2026 10:37:55] "GET /chat/1/1 HTTP/1.1" 200 -
INFO:werkzeug:127.0.0.1 - - [23/Mar/2026 10:37:55] "[36mGET /static/logo.svg HTTP/1.1[0m" 304 -
INFO:werkzeug:127.0.0.1 - - [23/Mar/2026 10:37:59] "GET /api/messages/1 HTTP/1.1" 200 -
INFO:werkzeug:127.0.0.1 - - [23/Mar/2026 10:38:02] "POST /send_message/1/1 HTTP/1.1" 200 -
INFO:werkzeug:127.0.0.1 - - [23/Mar/2026 10:38:03] "GET /api/messages/1 HTTP/1.1" 200 -
INFO:werkzeug:127.0.0.1 - - [23/Mar/2026 10:38:07] "GET /api/messages/1 HTTP/1.1" 200 -
INFO:werkzeug:127.0.0.1 - - [23/Mar/2026 10:38:12] "GET /api/messages/1 HTTP/1.1" 200 -
INFO:werkzeug:127.0.0.1 - - [23/Mar/2026 10:38:19] "GET /doctor_login HTTP/1.1" 200 -
INFO:werkzeug:127.0.0.1 - - [23/Mar/2026 10:38:19] "[36mGET /static/main.css HTTP/1.1[0m" 304 -
INFO:werkzeug:127.0.0.1 - - [23/Mar/2026 10:38:19] "[36mGET /static/logo.svg HTTP/1.1[0m" 304 -
INFO:werkzeug:127.0.0.1 - - [23/Mar/2026 10:38:34] "[32mPOST /doctor_login HTTP/1.1[0m" 302 -
INFO:werkzeug:127.0.0.1 - - [23/Mar/2026 10:38:34] "GET /doctor_dashboard HTTP/1.1" 200 -
INFO:werkzeug:127.0.0.1 - - [23/Mar/2026 10:38:34] "[36mGET /static/main.css HTTP/1.1[0m" 304 -
INFO:werkzeug:127.0.0.1 - - [23/Mar/2026 10:38:34] "[36mGET /static/logo.svg HTTP/1.1[0m" 304 -
INFO:werkzeug:127.0.0.1 - - [23/Mar/2026 10:38:54] "GET /login HTTP/1.1" 200 -
INFO:werkzeug:127.0.0.1 - - [23/Mar/2026 10:38:54] "[36mGET /static/logo.svg HTTP/1.1[0m" 304 -
INFO:werkzeug:127.0.0.1 - - [23/Mar/2026 10:38:54] "[36mGET /static/main.css HTTP/1.1[0m" 304 -
INFO:werkzeug:127.0.0.1 - - [23/Mar/2026 10:39:15] "[32mPOST /doctor_login HTTP/1.1[0m" 302 -
INFO:werkzeug:127.0.0.1 - - [23/Mar/2026 10:39:15] "GET /doctor_dashboard HTTP/1.1" 200 -
INFO:werkzeug:127.0.0.1 - - [23/Mar/2026 10:39:15] "[36mGET /static/main.css HTTP/1.1[0m" 304 -
INFO:werkzeug:127.0.0.1 - - [23/Mar/2026 10:39:15] "[36mGET /static/logo.svg HTTP/1.1[0m" 304 -
INFO:werkzeug:127.0.0.1 - - [23/Mar/2026 10:39:27] "GET /patient_detail/1 HTTP/1.1" 200 -
INFO:werkzeug:127.0.0.1 - - [23/Mar/2026 10:39:27] "GET /patient_detail/1 HTTP/1.1" 200 -
INFO:werkzeug:127.0.0.1 - - [23/Mar/2026 10:39:27] "[36mGET /static/main.css HTTP/1.1[0m" 304 -
INFO:werkzeug:127.0.0.1 - - [23/Mar/2026 10:39:27] "[36mGET /static/logo.svg HTTP/1.1[0m" 304 -
INFO:werkzeug:127.0.0.1 - - [23/Mar/2026 10:39:32] "GET /api/messages/1 HTTP/1.1" 200 -
INFO:werkzeug:127.0.0.1 - - [23/Mar/2026 10:39:37] "GET /api/messages/1 HTTP/1.1" 200 -
INFO:werkzeug:127.0.0.1 - - [23/Mar/2026 10:39:40] "POST /send_message/1/1 HTTP/1.1" 200 -
INFO:werkzeug:127.0.0.1 - - [23/Mar/2026 10:39:42] "GET /api/messages/1 HTTP/1.1" 200 -
INFO:werkzeug:127.0.0.1 - - [23/Mar/2026 10:39:47] "GET /api/messages/1 HTTP/1.1" 200 -
INFO:werkzeug:127.0.0.1 - - [23/Mar/2026 10:39:52] "POST /send_message/1/1 HTTP/1.1" 200 -
INFO:werkzeug:127.0.0.1 - - [23/Mar/2026 10:39:52] "GET /api/messages/1 HTTP/1.1" 200 -
INFO:werkzeug:127.0.0.1 - - [23/Mar/2026 10:39:55] "GET /chat/1/1 HTTP/1.1" 200 -
INFO:werkzeug:127.0.0.1 - - [23/Mar/2026 10:39:55] "[36mGET /static/logo.svg HTTP/1.1[0m" 304 -
INFO:werkzeug:127.0.0.1 - - [23/Mar/2026 10:39:59] "GET /api/messages/1 HTTP/1.1" 200 -
INFO:werkzeug:127.0.0.1 - - [23/Mar/2026 10:40:00] "GET /api/messages/1 HTTP/1.1" 200 -
INFO:werkzeug:127.0.0.1 - - [23/Mar/2026 10:40:02] "GET /api/messages/1 HTTP/1.1" 200 -
INFO:werkzeug:127.0.0.1 - - [23/Mar/2026 10:40:07] "GET /api/messages/1 HTTP/1.1" 200 -
INFO:werkzeug:127.0.0.1 - - [23/Mar/2026 10:40:13] "GET /api/messages/1 HTTP/1.1" 200 -
INFO:werkzeug:127.0.0.1 - - [23/Mar/2026 10:40:18] "GET /api/messages/1 HTTP/1.1" 200 -
INFO:werkzeug:127.0.0.1 - - [23/Mar/2026 10:40:23] "GET /api/messages/1 HTTP/1.1" 200 -
INFO:werkzeug:127.0.0.1 - - [23/Mar/2026 10:40:28] "GET /api/messages/1 HTTP/1.1" 200 -
INFO:werkzeug:127.0.0.1 - - [23/Mar/2026 10:40:33] "GET /api/messages/1 HTTP/1.1" 200 -
INFO:werkzeug:127.0.0.1 - - [23/Mar/2026 10:40:38] "GET /api/messages/1 HTTP/1.1" 200 -
INFO:werkzeug:127.0.0.1 - - [23/Mar/2026 10:40:43] "GET /api/messages/1 HTTP/1.1" 200 -
INFO:werkzeug:127.0.0.1 - - [23/Mar/2026 10:40:48] "GET /api/messages/1 HTTP/1.1" 200 -
INFO:werkzeug:127.0.0.1 - - [23/Mar/2026 10:40:53] "GET /api/messages/1 HTTP/1.1" 200 -
INFO:werkzeug:127.0.0.1 - - [23/Mar/2026 10:40:58] "GET /api/messages/1 HTTP/1.1" 200 -
INFO:werkzeug:127.0.0.1 - - [23/Mar/2026 10:41:03] "GET /api/messages/1 HTTP/1.1" 200 -
INFO:werkzeug:127.0.0.1 - - [23/Mar/2026 10:41:08] "GET /api/messages/1 HTTP/1.1" 200 -
INFO:werkzeug:127.0.0.1 - - [23/Mar/2026 10:42:01] "GET /api/messages/1 HTTP/1.1" 200 -
INFO:werkzeug:127.0.0.1 - - [23/Mar/2026 10:42:10] "GET /api/messages/1 HTTP/1.1" 200 -
INFO:werkzeug:127.0.0.1 - - [23/Mar/2026 10:42:12] "GET /api/messages/1 HTTP/1.1" 200 -
INFO:werkzeug:127.0.0.1 - - [23/Mar/2026 10:42:14] "GET /doctor_dashboard HTTP/1.1" 200 -
INFO:werkzeug:127.0.0.1 - - [23/Mar/2026 10:42:14] "[36mGET /static/main.css HTTP/1.1[0m" 304 -
INFO:werkzeug:127.0.0.1 - - [23/Mar/2026 10:42:14] "[36mGET /static/logo.svg HTTP/1.1[0m" 304 -
INFO:werkzeug:127.0.0.1 - - [23/Mar/2026 10:42:18] "[32mGET /logout HTTP/1.1[0m" 302 -
INFO:werkzeug:127.0.0.1 - - [23/Mar/2026 10:42:18] "GET / HTTP/1.1" 200 -
INFO:werkzeug:127.0.0.1 - - [23/Mar/2026 10:42:18] "[36mGET /static/main.css HTTP/1.1[0m" 304 -
INFO:werkzeug:127.0.0.1 - - [23/Mar/2026 10:42:18] "[36mGET /static/logo.svg HTTP/1.1[0m" 304 -
INFO:werkzeug:127.0.0.1 - - [23/Mar/2026 10:42:18] "[36mGET /static/script.js HTTP/1.1[0m" 304 -
INFO:werkzeug:[31m[1mWARNING: This is a development server. Do not use it in a production deployment. Use a production WSGI server instead.[0m
 * Running on http://127.0.0.1:5000
INFO:werkzeug:[33mPress CTRL+C to quit[0m
INFO:werkzeug: * Restarting with stat
WARNING:werkzeug: * Debugger is active!
INFO:werkzeug: * Debugger PIN: 760-904-882
INFO:werkzeug:127.0.0.1 - - [23/Mar/2026 10:46:52] "GET / HTTP/1.1" 200 -
INFO:werkzeug:127.0.0.1 - - [23/Mar/2026 10:46:52] "GET /static/logo.svg HTTP/1.1" 200 -
INFO:werkzeug:127.0.0.1 - - [23/Mar/2026 10:46:52] "GET /static/main.css HTTP/1.1" 200 -
INFO:werkzeug:127.0.0.1 - - [23/Mar/2026 10:46:52] "GET /static/script.js HTTP/1.1" 200 -
INFO:werkzeug:127.0.0.1 - - [23/Mar/2026 10:46:53] "[33mGET /favicon.ico HTTP/1.1[0m" 404 -
INFO:werkzeug:127.0.0.1 - - [23/Mar/2026 10:47:03] "GET /login HTTP/1.1" 200 -
INFO:werkzeug:127.0.0.1 - - [23/Mar/2026 10:47:03] "[36mGET /static/main.css HTTP/1.1[0m" 304 -
INFO:werkzeug:127.0.0.1 - - [23/Mar/2026 10:47:03] "[36mGET /static/logo.svg HTTP/1.1[0m" 304 -
INFO:werkzeug:127.0.0.1 - - [23/Mar/2026 10:47:05] "GET /register HTTP/1.1" 200 -
INFO:werkzeug:127.0.0.1 - - [23/Mar/2026 10:47:05] "[36mGET /static/main.css HTTP/1.1[0m" 304 -
INFO:werkzeug:127.0.0.1 - - [23/Mar/2026 10:47:05] "[36mGET /static/logo.svg HTTP/1.1[0m" 304 -
INFO:werkzeug:127.0.0.1 - - [23/Mar/2026 10:47:32] "GET /doctor_login HTTP/1.1" 200 -
INFO:werkzeug:127.0.0.1 - - [23/Mar/2026 10:47:32] "[36mGET /static/main.css HTTP/1.1[0m" 304 -
INFO:werkzeug:127.0.0.1 - - [23/Mar/2026 10:47:32] "[36mGET /static/logo.svg HTTP/1.1[0m" 304 -
INFO:werkzeug:127.0.0.1 - - [23/Mar/2026 10:47:33] "GET /doctor_register HTTP/1.1" 200 -
INFO:werkzeug:127.0.0.1 - - [23/Mar/2026 10:47:33] "[36mGET /static/main.css HTTP/1.1[0m" 304 -
INFO:werkzeug:127.0.0.1 - - [23/Mar/2026 10:47:33] "[36mGET /static/logo.svg HTTP/1.1[0m" 304 -
INFO:werkzeug:127.0.0.1 - - [23/Mar/2026 10:48:50] "GET /register HTTP/1.1" 200 -
INFO:werkzeug:127.0.0.1 - - [23/Mar/2026 10:48:50] "[36mGET /static/main.css HTTP/1.1[0m" 304 -
INFO:werkzeug:127.0.0.1 - - [23/Mar/2026 10:48:50] "[36mGET /static/logo.svg HTTP/1.1[0m" 304 -
INFO:werkzeug:127.0.0.1 - - [23/Mar/2026 10:49:11] "[32mPOST /register HTTP/1.1[0m" 302 -
INFO:werkzeug:127.0.0.1 - - [23/Mar/2026 10:49:11] "GET /login HTTP/1.1" 200 -
INFO:werkzeug:127.0.0.1 - - [23/Mar/2026 10:49:11] "[36mGET /static/main.css HTTP/1.1[0m" 304 -
INFO:werkzeug:127.0.0.1 - - [23/Mar/2026 10:49:11] "[36mGET /static/logo.svg HTTP/1.1[0m" 304 -
INFO:werkzeug:127.0.0.1 - - [23/Mar/2026 10:49:20] "[32mPOST /login HTTP/1.1[0m" 302 -
INFO:werkzeug:127.0.0.1 - - [23/Mar/2026 10:49:20] "GET /upload HTTP/1.1" 200 -
INFO:werkzeug:127.0.0.1 - - [23/Mar/2026 10:49:20] "[36mGET /static/main.css HTTP/1.1[0m" 304 -
DEBUG:pypdfium2._lazy:Evaluating lazy import 'PIL.Image' ...
DEBUG:pytesseract:['C:\\Program Files\\Tesseract-OCR\\tesseract.exe', 'C:\\Users\\jishn\\AppData\\Local\\Temp\\tess_8pp1uc64_input.PNG', 'C:\\Users\\jishn\\AppData\\Local\\Temp\\tess_8pp1uc64', 'txt']
INFO:werkzeug:127.0.0.1 - - [23/Mar/2026 10:49:36] "[35m[1mPOST /upload HTTP/1.1[0m" 500 -
INFO:werkzeug:127.0.0.1 - - [23/Mar/2026 10:49:36] "[36mGET /upload?__debugger__=yes&cmd=resource&f=style.css HTTP/1.1[0m" 304 -
INFO:werkzeug:127.0.0.1 - - [23/Mar/2026 10:49:36] "[36mGET /upload?__debugger__=yes&cmd=resource&f=debugger.js HTTP/1.1[0m" 304 -
INFO:werkzeug:127.0.0.1 - - [23/Mar/2026 10:49:36] "GET /upload?__debugger__=yes&cmd=resource&f=console.png&s=YHyl6g9h5FJUmWRQiP9n HTTP/1.1" 200 -
INFO:werkzeug: * Detected change in 'D:\\Recovery Assist\\install_tesseract.py', reloading
INFO:werkzeug: * Restarting with stat
WARNING:werkzeug: * Debugger is active!
INFO:werkzeug: * Debugger PIN: 760-904-882
DEBUG:pypdfium2._lazy:Evaluating lazy import 'PIL.Image' ...
DEBUG:pytesseract:['C:\\Program Files\\Tesseract-OCR\\tesseract.exe', 'C:\\Users\\jishn\\AppData\\Local\\Temp\\tess_iw857m1c_input.PNG', 'C:\\Users\\jishn\\AppData\\Local\\Temp\\tess_iw857m1c', 'txt']
INFO:werkzeug:127.0.0.1 - - [23/Mar/2026 11:07:00] "[35m[1mPOST /upload HTTP/1.1[0m" 500 -
INFO:werkzeug:127.0.0.1 - - [23/Mar/2026 11:07:00] "[36mGET /upload?__debugger__=yes&cmd=resource&f=style.css HTTP/1.1[0m" 304 -
INFO:werkzeug:127.0.0.1 - - [23/Mar/2026 11:07:00] "[36mGET /upload?__debugger__=yes&cmd=resource&f=debugger.js HTTP/1.1[0m" 304 -
INFO:werkzeug:127.0.0.1 - - [23/Mar/2026 11:07:00] "GET /upload?__debugger__=yes&cmd=resource&f=console.png&s=tJJoQjRY1rnN2KW667HM HTTP/1.1" 200 -
INFO:werkzeug: * Detected change in 'D:\\Recovery Assist\\app.py', reloading
INFO:werkzeug: * Restarting with stat
WARNING:werkzeug: * Debugger is active!
INFO:werkzeug: * Debugger PIN: 760-904-882
DEBUG:pypdfium2._lazy:Evaluating lazy import 'PIL.Image' ...
DEBUG:pytesseract:['C:\\Users\\jishn\\scoop\\apps\\tesseract\\current\\tesseract.exe', 'C:\\Users\\jishn\\AppData\\Local\\Temp\\tess_j1ynrtq4_input.PNG', 'C:\\Users\\jishn\\AppData\\Local\\Temp\\tess_j1ynrtq4', 'txt']
INFO:werkzeug:127.0.0.1 - - [23/Mar/2026 11:08:55] "[35m[1mPOST /upload HTTP/1.1[0m" 500 -
INFO:werkzeug:127.0.0.1 - - [23/Mar/2026 11:08:55] "[36mGET /upload?__debugger__=yes&cmd=resource&f=style.css HTTP/1.1[0m" 304 -
INFO:werkzeug:127.0.0.1 - - [23/Mar/2026 11:08:55] "[36mGET /upload?__debugger__=yes&cmd=resource&f=debugger.js HTTP/1.1[0m" 304 -
INFO:werkzeug:127.0.0.1 - - [23/Mar/2026 11:08:55] "GET /upload?__debugger__=yes&cmd=resource&f=console.png&s=qbstiEuZbCHft6BIFalq HTTP/1.1" 200 -
DEBUG:pytesseract:['C:\\Users\\jishn\\scoop\\apps\\tesseract\\current\\tesseract.exe', 'C:\\Users\\jishn\\AppData\\Local\\Temp\\tess_fl7q71yx_input.PNG', 'C:\\Users\\jishn\\AppData\\Local\\Temp\\tess_fl7q71yx', 'txt']
DEBUG:pytesseract:['C:\\Users\\jishn\\scoop\\apps\\tesseract\\current\\tesseract.exe', 'C:\\Users\\jishn\\AppData\\Local\\Temp\\tess_kafhe8oj_input.PNG', 'C:\\Users\\jishn\\AppData\\Local\\Temp\\tess_kafhe8oj', 'txt']
INFO:werkzeug:127.0.0.1 - - [23/Mar/2026 11:10:43] "POST /upload HTTP/1.1" 200 -
DEBUG:pytesseract:['C:\\Users\\jishn\\scoop\\apps\\tesseract\\current\\tesseract.exe', 'C:\\Users\\jishn\\AppData\\Local\\Temp\\tess_49u0p8qf_input.PNG', 'C:\\Users\\jishn\\AppData\\Local\\Temp\\tess_49u0p8qf', 'txt']
DEBUG:pytesseract:['C:\\Users\\jishn\\scoop\\apps\\tesseract\\current\\tesseract.exe', 'C:\\Users\\jishn\\AppData\\Local\\Temp\\tess_xpejhw4u_input.PNG', 'C:\\Users\\jishn\\AppData\\Local\\Temp\\tess_xpejhw4u', 'txt']
INFO:werkzeug:127.0.0.1 - - [23/Mar/2026 11:10:54] "POST /upload HTTP/1.1" 200 -
INFO:werkzeug:127.0.0.1 - - [23/Mar/2026 11:10:54] "[36mGET /static/main.css HTTP/1.1[0m" 304 -
DEBUG:pytesseract:['C:\\Users\\jishn\\scoop\\apps\\tesseract\\current\\tesseract.exe', 'C:\\Users\\jishn\\AppData\\Local\\Temp\\tess_8a7wf8jm_input.PNG', 'C:\\Users\\jishn\\AppData\\Local\\Temp\\tess_8a7wf8jm', 'txt']
DEBUG:pytesseract:['C:\\Users\\jishn\\scoop\\apps\\tesseract\\current\\tesseract.exe', 'C:\\Users\\jishn\\AppData\\Local\\Temp\\tess_35563efu_input.PNG', 'C:\\Users\\jishn\\AppData\\Local\\Temp\\tess_35563efu', 'txt']
INFO:werkzeug:127.0.0.1 - - [23/Mar/2026 11:11:26] "POST /upload HTTP/1.1" 200 -
INFO:werkzeug:127.0.0.1 - - [23/Mar/2026 11:11:26] "[36mGET /static/main.css HTTP/1.1[0m" 304 -
INFO:werkzeug:127.0.0.1 - - [23/Mar/2026 11:11:39] "POST /upload HTTP/1.1" 200 -
INFO:werkzeug:127.0.0.1 - - [23/Mar/2026 11:11:39] "[36mGET /static/main.css HTTP/1.1[0m" 304 -
INFO:werkzeug:[31m[1mWARNING: This is a development server. Do not use it in a production deployment. Use a production WSGI server instead.[0m
 * Running on http://127.0.0.1:5000
INFO:werkzeug:[33mPress CTRL+C to quit[0m
INFO:werkzeug: * Restarting with stat
WARNING:werkzeug: * Debugger is active!
INFO:werkzeug: * Debugger PIN: 760-904-882
INFO:werkzeug:127.0.0.1 - - [23/Mar/2026 11:13:44] "GET / HTTP/1.1" 200 -
INFO:werkzeug:127.0.0.1 - - [23/Mar/2026 11:13:44] "[36mGET /static/main.css HTTP/1.1[0m" 304 -
INFO:werkzeug:127.0.0.1 - - [23/Mar/2026 11:13:44] "[36mGET /static/logo.svg HTTP/1.1[0m" 304 -
INFO:werkzeug:127.0.0.1 - - [23/Mar/2026 11:13:44] "[36mGET /static/script.js HTTP/1.1[0m" 304 -
INFO:werkzeug:127.0.0.1 - - [23/Mar/2026 11:13:45] "[33mGET /favicon.ico HTTP/1.1[0m" 404 -
INFO:werkzeug:127.0.0.1 - - [23/Mar/2026 11:13:47] "GET /login HTTP/1.1" 200 -
INFO:werkzeug:127.0.0.1 - - [23/Mar/2026 11:13:47] "[36mGET /static/main.css HTTP/1.1[0m" 304 -
INFO:werkzeug:127.0.0.1 - - [23/Mar/2026 11:13:47] "[36mGET /static/logo.svg HTTP/1.1[0m" 304 -
INFO:werkzeug:127.0.0.1 - - [23/Mar/2026 11:13:54] "[32mPOST /login HTTP/1.1[0m" 302 -
INFO:werkzeug:127.0.0.1 - - [23/Mar/2026 11:13:54] "GET /upload HTTP/1.1" 200 -
INFO:werkzeug:127.0.0.1 - - [23/Mar/2026 11:13:54] "[36mGET /static/main.css HTTP/1.1[0m" 304 -
DEBUG:pypdfium2._lazy:Evaluating lazy import 'PIL.Image' ...
DEBUG:pytesseract:['C:\\Users\\jishn\\scoop\\apps\\tesseract\\current\\tesseract.exe', 'C:\\Users\\jishn\\AppData\\Local\\Temp\\tess_w0x5izew_input.PNG', 'C:\\Users\\jishn\\AppData\\Local\\Temp\\tess_w0x5izew', 'txt']
DEBUG:pytesseract:['C:\\Users\\jishn\\scoop\\apps\\tesseract\\current\\tesseract.exe', 'C:\\Users\\jishn\\AppData\\Local\\Temp\\tess_cu_70y77_input.PNG', 'C:\\Users\\jishn\\AppData\\Local\\Temp\\tess_cu_70y77', 'txt']
INFO:werkzeug:127.0.0.1 - - [23/Mar/2026 11:14:14] "[32mPOST /upload HTTP/1.1[0m" 302 -
INFO:werkzeug:127.0.0.1 - - [23/Mar/2026 11:14:14] "GET /patient_dashboard HTTP/1.1" 200 -
INFO:werkzeug:127.0.0.1 - - [23/Mar/2026 11:14:14] "[36mGET /static/main.css HTTP/1.1[0m" 304 -
INFO:werkzeug:127.0.0.1 - - [23/Mar/2026 11:14:14] "[36mGET /static/script.js HTTP/1.1[0m" 304 -
INFO:werkzeug:127.0.0.1 - - [23/Mar/2026 11:14:14] "[36mGET /static/logo.svg HTTP/1.1[0m" 304 -
INFO:werkzeug:127.0.0.1 - - [23/Mar/2026 11:14:19] "GET /view_case/1 HTTP/1.1" 200 -
INFO:werkzeug:127.0.0.1 - - [23/Mar/2026 11:14:19] "[36mGET /static/main.css HTTP/1.1[0m" 304 -
INFO:werkzeug:127.0.0.1 - - [23/Mar/2026 11:14:19] "[36mGET /static/logo.svg HTTP/1.1[0m" 304 -
INFO:werkzeug:127.0.0.1 - - [23/Mar/2026 11:14:24] "GET /api/messages/1 HTTP/1.1" 200 -
INFO:werkzeug:127.0.0.1 - - [23/Mar/2026 11:14:29] "GET /api/messages/1 HTTP/1.1" 200 -
INFO:werkzeug:127.0.0.1 - - [23/Mar/2026 11:14:34] "GET /api/messages/1 HTTP/1.1" 200 -
INFO:werkzeug:127.0.0.1 - - [23/Mar/2026 11:14:39] "GET /api/messages/1 HTTP/1.1" 200 -
INFO:werkzeug:127.0.0.1 - - [23/Mar/2026 11:14:44] "GET /api/messages/1 HTTP/1.1" 200 -
INFO:werkzeug:127.0.0.1 - - [23/Mar/2026 11:14:48] "GET /patient_doctors/1 HTTP/1.1" 200 -
INFO:werkzeug:127.0.0.1 - - [23/Mar/2026 11:14:48] "[36mGET /static/logo.svg HTTP/1.1[0m" 304 -
INFO:werkzeug:127.0.0.1 - - [23/Mar/2026 11:14:56] "GET /api/messages/1 HTTP/1.1" 200 -
INFO:werkzeug:127.0.0.1 - - [23/Mar/2026 11:14:59] "GET /api/messages/1 HTTP/1.1" 200 -
INFO:werkzeug:127.0.0.1 - - [23/Mar/2026 11:15:10] "GET /view_case/1 HTTP/1.1" 200 -
INFO:werkzeug:127.0.0.1 - - [23/Mar/2026 11:15:10] "[36mGET /static/logo.svg HTTP/1.1[0m" 304 -
INFO:werkzeug:127.0.0.1 - - [23/Mar/2026 11:15:10] "[36mGET /static/main.css HTTP/1.1[0m" 304 -
INFO:werkzeug:127.0.0.1 - - [23/Mar/2026 11:15:15] "GET /api/messages/1 HTTP/1.1" 200 -
INFO:werkzeug:127.0.0.1 - - [23/Mar/2026 11:15:20] "GET /api/messages/1 HTTP/1.1" 200 -
INFO:werkzeug:127.0.0.1 - - [23/Mar/2026 11:15:25] "GET /api/messages/1 HTTP/1.1" 200 -
INFO:werkzeug:127.0.0.1 - - [23/Mar/2026 11:15:30] "GET /api/messages/1 HTTP/1.1" 200 -
INFO:werkzeug:127.0.0.1 - - [23/Mar/2026 11:15:35] "GET /download_pdf/1 HTTP/1.1" 200 -
INFO:werkzeug:127.0.0.1 - - [23/Mar/2026 11:15:35] "GET /api/messages/1 HTTP/1.1" 200 -
INFO:werkzeug:127.0.0.1 - - [23/Mar/2026 11:15:41] "GET /api/messages/1 HTTP/1.1" 200 -
INFO:werkzeug:127.0.0.1 - - [23/Mar/2026 11:15:46] "GET /api/messages/1 HTTP/1.1" 200 -
INFO:werkzeug:127.0.0.1 - - [23/Mar/2026 11:15:51] "GET /api/messages/1 HTTP/1.1" 200 -
INFO:werkzeug:127.0.0.1 - - [23/Mar/2026 11:15:55] "GET /api/messages/1 HTTP/1.1" 200 -
INFO:werkzeug:127.0.0.1 - - [23/Mar/2026 11:16:00] "GET /api/messages/1 HTTP/1.1" 200 -
INFO:werkzeug:127.0.0.1 - - [23/Mar/2026 11:16:05] "GET /api/messages/1 HTTP/1.1" 200 -
INFO:werkzeug:127.0.0.1 - - [23/Mar/2026 11:16:11] "GET /api/messages/1 HTTP/1.1" 200 -
INFO:werkzeug:127.0.0.1 - - [23/Mar/2026 11:16:16] "GET /api/messages/1 HTTP/1.1" 200 -
INFO:werkzeug:127.0.0.1 - - [23/Mar/2026 11:16:21] "GET /api/messages/1 HTTP/1.1" 200 -
INFO:werkzeug:127.0.0.1 - - [23/Mar/2026 11:16:26] "GET /api/messages/1 HTTP/1.1" 200 -
INFO:werkzeug:127.0.0.1 - - [23/Mar/2026 11:16:31] "GET /api/messages/1 HTTP/1.1" 200 -
INFO:werkzeug:127.0.0.1 - - [23/Mar/2026 11:16:35] "GET /api/messages/1 HTTP/1.1" 200 -
INFO:werkzeug:127.0.0.1 - - [23/Mar/2026 11:16:37] "GET /patient_dashboard HTTP/1.1" 200 -
INFO:werkzeug:127.0.0.1 - - [23/Mar/2026 11:16:37] "[36mGET /static/main.css HTTP/1.1[0m" 304 -
INFO:werkzeug:127.0.0.1 - - [23/Mar/2026 11:16:37] "[36mGET /static/logo.svg HTTP/1.1[0m" 304 -
INFO:werkzeug:127.0.0.1 - - [23/Mar/2026 11:16:37] "[36mGET /static/script.js HTTP/1.1[0m" 304 -
INFO:werkzeug:127.0.0.1 - - [23/Mar/2026 11:16:40] "[32mGET /logout HTTP/1.1[0m" 302 -
INFO:werkzeug:127.0.0.1 - - [23/Mar/2026 11:16:41] "GET / HTTP/1.1" 200 -
INFO:werkzeug:127.0.0.1 - - [23/Mar/2026 11:16:41] "[36mGET /static/main.css HTTP/1.1[0m" 304 -
INFO:werkzeug:127.0.0.1 - - [23/Mar/2026 11:16:41] "[36mGET /static/logo.svg HTTP/1.1[0m" 304 -
INFO:werkzeug:127.0.0.1 - - [23/Mar/2026 11:16:41] "[36mGET /static/script.js HTTP/1.1[0m" 304 -
INFO:werkzeug:127.0.0.1 - - [23/Mar/2026 11:16:44] "GET /login HTTP/1.1" 200 -
INFO:werkzeug:127.0.0.1 - - [23/Mar/2026 11:16:44] "[36mGET /static/main.css HTTP/1.1[0m" 304 -
INFO:werkzeug:127.0.0.1 - - [23/Mar/2026 11:16:44] "[36mGET /static/logo.svg HTTP/1.1[0m" 304 -
INFO:werkzeug:127.0.0.1 - - [23/Mar/2026 11:16:46] "GET /register HTTP/1.1" 200 -
INFO:werkzeug:127.0.0.1 - - [23/Mar/2026 11:16:46] "[36mGET /static/main.css HTTP/1.1[0m" 304 -
INFO:werkzeug:127.0.0.1 - - [23/Mar/2026 11:16:46] "[36mGET /static/logo.svg HTTP/1.1[0m" 304 -
INFO:werkzeug:127.0.0.1 - - [23/Mar/2026 11:18:01] "[32mPOST /register HTTP/1.1[0m" 302 -
INFO:werkzeug:127.0.0.1 - - [23/Mar/2026 11:18:01] "GET /login HTTP/1.1" 200 -
INFO:werkzeug:127.0.0.1 - - [23/Mar/2026 11:18:01] "[36mGET /static/main.css HTTP/1.1[0m" 304 -
INFO:werkzeug:127.0.0.1 - - [23/Mar/2026 11:18:01] "[36mGET /static/logo.svg HTTP/1.1[0m" 304 -
INFO:werkzeug:127.0.0.1 - - [23/Mar/2026 11:18:12] "[32mPOST /login HTTP/1.1[0m" 302 -
INFO:werkzeug:127.0.0.1 - - [23/Mar/2026 11:18:12] "GET /upload HTTP/1.1" 200 -
INFO:werkzeug:127.0.0.1 - - [23/Mar/2026 11:18:12] "[36mGET /static/main.css HTTP/1.1[0m" 304 -
INFO:werkzeug:127.0.0.1 - - [23/Mar/2026 11:18:22] "[32mPOST /upload HTTP/1.1[0m" 302 -
INFO:werkzeug:127.0.0.1 - - [23/Mar/2026 11:18:22] "GET /patient_dashboard HTTP/1.1" 200 -
INFO:werkzeug:127.0.0.1 - - [23/Mar/2026 11:18:22] "[36mGET /static/main.css HTTP/1.1[0m" 304 -
INFO:werkzeug:127.0.0.1 - - [23/Mar/2026 11:18:22] "[36mGET /static/logo.svg HTTP/1.1[0m" 304 -
INFO:werkzeug:127.0.0.1 - - [23/Mar/2026 11:18:22] "[36mGET /static/script.js HTTP/1.1[0m" 304 -
INFO:werkzeug:127.0.0.1 - - [23/Mar/2026 11:18:25] "GET /view_case/2 HTTP/1.1" 200 -
INFO:werkzeug:127.0.0.1 - - [23/Mar/2026 11:18:25] "[36mGET /static/main.css HTTP/1.1[0m" 304 -
INFO:werkzeug:127.0.0.1 - - [23/Mar/2026 11:18:25] "[36mGET /static/logo.svg HTTP/1.1[0m" 304 -
INFO:werkzeug:127.0.0.1 - - [23/Mar/2026 11:18:30] "GET /api/messages/2 HTTP/1.1" 200 -
INFO:werkzeug:127.0.0.1 - - [23/Mar/2026 11:18:35] "GET /api/messages/2 HTTP/1.1" 200 -
INFO:werkzeug:127.0.0.1 - - [23/Mar/2026 11:18:40] "GET /api/messages/2 HTTP/1.1" 200 -
INFO:werkzeug:127.0.0.1 - - [23/Mar/2026 11:18:45] "GET /api/messages/2 HTTP/1.1" 200 -
INFO:werkzeug:127.0.0.1 - - [23/Mar/2026 11:18:50] "GET /api/messages/2 HTTP/1.1" 200 -
INFO:werkzeug:127.0.0.1 - - [23/Mar/2026 11:18:55] "GET /api/messages/2 HTTP/1.1" 200 -
INFO:werkzeug:127.0.0.1 - - [23/Mar/2026 11:19:00] "GET /api/messages/2 HTTP/1.1" 200 -
INFO:werkzeug:127.0.0.1 - - [23/Mar/2026 11:19:05] "GET /api/messages/2 HTTP/1.1" 200 -
INFO:werkzeug:127.0.0.1 - - [23/Mar/2026 11:19:10] "GET /api/messages/2 HTTP/1.1" 200 -
INFO:werkzeug:127.0.0.1 - - [23/Mar/2026 11:19:15] "GET /api/messages/2 HTTP/1.1" 200 -
INFO:werkzeug:127.0.0.1 - - [23/Mar/2026 11:19:18] "GET /patient_doctors/2 HTTP/1.1" 200 -
INFO:werkzeug:127.0.0.1 - - [23/Mar/2026 11:19:18] "[36mGET /static/logo.svg HTTP/1.1[0m" 304 -
INFO:werkzeug:127.0.0.1 - - [23/Mar/2026 11:19:20] "GET /api/messages/2 HTTP/1.1" 200 -
INFO:werkzeug:127.0.0.1 - - [23/Mar/2026 11:19:25] "GET /api/messages/2 HTTP/1.1" 200 -
INFO:werkzeug:127.0.0.1 - - [23/Mar/2026 11:19:33] "GET /view_case/2 HTTP/1.1" 200 -
INFO:werkzeug:127.0.0.1 - - [23/Mar/2026 11:19:33] "[36mGET /static/main.css HTTP/1.1[0m" 304 -
INFO:werkzeug:127.0.0.1 - - [23/Mar/2026 11:19:33] "[36mGET /static/logo.svg HTTP/1.1[0m" 304 -
INFO:werkzeug:127.0.0.1 - - [23/Mar/2026 11:19:38] "GET /api/messages/2 HTTP/1.1" 200 -
INFO:werkzeug:127.0.0.1 - - [23/Mar/2026 11:19:43] "GET /api/messages/2 HTTP/1.1" 200 -
INFO:werkzeug:127.0.0.1 - - [23/Mar/2026 11:19:48] "GET /api/messages/2 HTTP/1.1" 200 -
INFO:werkzeug:127.0.0.1 - - [23/Mar/2026 11:19:53] "GET /api/messages/2 HTTP/1.1" 200 -
INFO:werkzeug:127.0.0.1 - - [23/Mar/2026 11:19:58] "GET /api/messages/2 HTTP/1.1" 200 -
INFO:werkzeug:127.0.0.1 - - [23/Mar/2026 11:20:03] "GET /api/messages/2 HTTP/1.1" 200 -
INFO:werkzeug:127.0.0.1 - - [23/Mar/2026 11:20:08] "GET /api/messages/2 HTTP/1.1" 200 -
INFO:werkzeug:127.0.0.1 - - [23/Mar/2026 11:20:13] "GET /api/messages/2 HTTP/1.1" 200 -
INFO:werkzeug:127.0.0.1 - - [23/Mar/2026 11:20:18] "GET /api/messages/2 HTTP/1.1" 200 -
INFO:werkzeug:127.0.0.1 - - [23/Mar/2026 11:20:23] "GET /api/messages/2 HTTP/1.1" 200 -
INFO:werkzeug:127.0.0.1 - - [23/Mar/2026 11:20:28] "GET /api/messages/2 HTTP/1.1" 200 -
INFO:werkzeug:127.0.0.1 - - [23/Mar/2026 11:20:35] "GET /upload HTTP/1.1" 200 -
INFO:werkzeug:[31m[1mWARNING: This is a development server. Do not use it in a production deployment. Use a production WSGI server instead.[0m
 * Running on http://127.0.0.1:5000
INFO:werkzeug:[33mPress CTRL+C to quit[0m
INFO:werkzeug: * Restarting with stat
WARNING:werkzeug: * Debugger is active!
INFO:werkzeug: * Debugger PIN: 760-904-882
INFO:werkzeug:127.0.0.1 - - [23/Mar/2026 11:26:01] "GET / HTTP/1.1" 200 -
INFO:werkzeug:127.0.0.1 - - [23/Mar/2026 11:26:01] "[36mGET /static/script.js HTTP/1.1[0m" 304 -
INFO:werkzeug:127.0.0.1 - - [23/Mar/2026 11:26:01] "[36mGET /static/main.css HTTP/1.1[0m" 304 -
INFO:werkzeug:127.0.0.1 - - [23/Mar/2026 11:26:01] "[36mGET /static/logo.svg HTTP/1.1[0m" 304 -
INFO:werkzeug:127.0.0.1 - - [23/Mar/2026 11:26:02] "[33mGET /favicon.ico HTTP/1.1[0m" 404 -
INFO:werkzeug:127.0.0.1 - - [23/Mar/2026 11:26:15] "GET /login HTTP/1.1" 200 -
INFO:werkzeug:127.0.0.1 - - [23/Mar/2026 11:26:15] "[36mGET /static/main.css HTTP/1.1[0m" 304 -
INFO:werkzeug:127.0.0.1 - - [23/Mar/2026 11:26:15] "[36mGET /static/logo.svg HTTP/1.1[0m" 304 -
INFO:werkzeug:127.0.0.1 - - [23/Mar/2026 11:26:23] "[32mPOST /login HTTP/1.1[0m" 302 -
INFO:werkzeug:127.0.0.1 - - [23/Mar/2026 11:26:23] "GET /patient_dashboard HTTP/1.1" 200 -
INFO:werkzeug:127.0.0.1 - - [23/Mar/2026 11:26:23] "[36mGET /static/main.css HTTP/1.1[0m" 304 -
INFO:werkzeug:127.0.0.1 - - [23/Mar/2026 11:26:23] "[36mGET /static/logo.svg HTTP/1.1[0m" 304 -
INFO:werkzeug:127.0.0.1 - - [23/Mar/2026 11:26:23] "[36mGET /static/script.js HTTP/1.1[0m" 304 -
INFO:werkzeug:127.0.0.1 - - [23/Mar/2026 11:27:24] "GET /login HTTP/1.1" 200 -
INFO:werkzeug:127.0.0.1 - - [23/Mar/2026 11:27:24] "[36mGET /static/logo.svg HTTP/1.1[0m" 304 -
INFO:werkzeug:127.0.0.1 - - [23/Mar/2026 11:27:24] "[36mGET /static/main.css HTTP/1.1[0m" 304 -
INFO:werkzeug:[31m[1mWARNING: This is a development server. Do not use it in a production deployment. Use a production WSGI server instead.[0m
 * Running on http://127.0.0.1:5000
INFO:werkzeug:[33mPress CTRL+C to quit[0m
INFO:werkzeug: * Restarting with stat
WARNING:werkzeug: * Debugger is active!
INFO:werkzeug: * Debugger PIN: 760-904-882
INFO:werkzeug:127.0.0.1 - - [23/Mar/2026 11:28:49] "GET / HTTP/1.1" 200 -
INFO:werkzeug:127.0.0.1 - - [23/Mar/2026 11:28:49] "[36mGET /static/main.css HTTP/1.1[0m" 304 -
INFO:werkzeug:127.0.0.1 - - [23/Mar/2026 11:28:49] "[36mGET /static/logo.svg HTTP/1.1[0m" 304 -
INFO:werkzeug:127.0.0.1 - - [23/Mar/2026 11:28:49] "[36mGET /static/script.js HTTP/1.1[0m" 304 -
INFO:werkzeug:127.0.0.1 - - [23/Mar/2026 11:28:49] "[33mGET /favicon.ico HTTP/1.1[0m" 404 -
INFO:werkzeug:127.0.0.1 - - [23/Mar/2026 11:28:52] "GET /doctor_login HTTP/1.1" 200 -
INFO:werkzeug:127.0.0.1 - - [23/Mar/2026 11:28:52] "[36mGET /static/main.css HTTP/1.1[0m" 304 -
INFO:werkzeug:127.0.0.1 - - [23/Mar/2026 11:28:52] "[36mGET /static/logo.svg HTTP/1.1[0m" 304 -
INFO:werkzeug:127.0.0.1 - - [23/Mar/2026 11:29:03] "GET /doctor_register HTTP/1.1" 200 -
INFO:werkzeug:127.0.0.1 - - [23/Mar/2026 11:29:03] "[36mGET /static/main.css HTTP/1.1[0m" 304 -
INFO:werkzeug:127.0.0.1 - - [23/Mar/2026 11:29:03] "[36mGET /static/logo.svg HTTP/1.1[0m" 304 -
INFO:werkzeug:127.0.0.1 - - [23/Mar/2026 11:29:31] "[32mPOST /doctor_register HTTP/1.1[0m" 302 -
INFO:werkzeug:127.0.0.1 - - [23/Mar/2026 11:29:31] "GET /doctor_login HTTP/1.1" 200 -
INFO:werkzeug:127.0.0.1 - - [23/Mar/2026 11:29:31] "[36mGET /static/main.css HTTP/1.1[0m" 304 -
INFO:werkzeug:127.0.0.1 - - [23/Mar/2026 11:29:31] "[36mGET /static/logo.svg HTTP/1.1[0m" 304 -
INFO:werkzeug:127.0.0.1 - - [23/Mar/2026 11:29:34] "GET /doctor_register HTTP/1.1" 200 -
INFO:werkzeug:127.0.0.1 - - [23/Mar/2026 11:29:34] "[36mGET /static/main.css HTTP/1.1[0m" 304 -
INFO:werkzeug:127.0.0.1 - - [23/Mar/2026 11:29:34] "[36mGET /static/logo.svg HTTP/1.1[0m" 304 -
INFO:werkzeug:127.0.0.1 - - [23/Mar/2026 11:30:23] "[32mPOST /doctor_register HTTP/1.1[0m" 302 -
INFO:werkzeug:127.0.0.1 - - [23/Mar/2026 11:30:23] "GET /doctor_login HTTP/1.1" 200 -
INFO:werkzeug:127.0.0.1 - - [23/Mar/2026 11:30:23] "[36mGET /static/main.css HTTP/1.1[0m" 304 -
INFO:werkzeug:127.0.0.1 - - [23/Mar/2026 11:30:23] "[36mGET /static/logo.svg HTTP/1.1[0m" 304 -
INFO:werkzeug:127.0.0.1 - - [23/Mar/2026 11:30:44] "GET /doctor_register HTTP/1.1" 200 -
INFO:werkzeug:127.0.0.1 - - [23/Mar/2026 11:30:44] "[36mGET /static/logo.svg HTTP/1.1[0m" 304 -
INFO:werkzeug:127.0.0.1 - - [23/Mar/2026 11:30:44] "[36mGET /static/main.css HTTP/1.1[0m" 304 -
INFO:werkzeug:127.0.0.1 - - [23/Mar/2026 11:31:57] "[32mPOST /doctor_register HTTP/1.1[0m" 302 -
INFO:werkzeug:127.0.0.1 - - [23/Mar/2026 11:31:57] "GET /doctor_login HTTP/1.1" 200 -
INFO:werkzeug:127.0.0.1 - - [23/Mar/2026 11:31:57] "[36mGET /static/main.css HTTP/1.1[0m" 304 -
INFO:werkzeug:127.0.0.1 - - [23/Mar/2026 11:31:57] "[36mGET /static/logo.svg HTTP/1.1[0m" 304 -
INFO:werkzeug:127.0.0.1 - - [23/Mar/2026 11:32:14] "[32mPOST /doctor_login HTTP/1.1[0m" 302 -
INFO:werkzeug:127.0.0.1 - - [23/Mar/2026 11:32:14] "GET /doctor_dashboard HTTP/1.1" 200 -
INFO:werkzeug:127.0.0.1 - - [23/Mar/2026 11:32:14] "[36mGET /static/main.css HTTP/1.1[0m" 304 -
INFO:werkzeug:127.0.0.1 - - [23/Mar/2026 11:32:14] "[36mGET /static/logo.svg HTTP/1.1[0m" 304 -
INFO:werkzeug:127.0.0.1 - - [23/Mar/2026 11:32:18] "POST /toggle_availability HTTP/1.1" 200 -
INFO:werkzeug:127.0.0.1 - - [23/Mar/2026 11:32:28] "GET /doctor_login HTTP/1.1" 200 -
INFO:werkzeug:127.0.0.1 - - [23/Mar/2026 11:32:29] "[36mGET /static/main.css HTTP/1.1[0m" 304 -
INFO:werkzeug:127.0.0.1 - - [23/Mar/2026 11:32:29] "[36mGET /static/logo.svg HTTP/1.1[0m" 304 -
INFO:werkzeug:[31m[1mWARNING: This is a development server. Do not use it in a production deployment. Use a production WSGI server instead.[0m
 * Running on http://127.0.0.1:5000
INFO:werkzeug:[33mPress CTRL+C to quit[0m
INFO:werkzeug: * Restarting with stat
WARNING:werkzeug: * Debugger is active!
INFO:werkzeug: * Debugger PIN: 760-904-882
INFO:werkzeug:127.0.0.1 - - [23/Mar/2026 12:06:26] "GET / HTTP/1.1" 200 -
INFO:werkzeug:127.0.0.1 - - [23/Mar/2026 12:06:26] "[36mGET /static/main.css HTTP/1.1[0m" 304 -
INFO:werkzeug:127.0.0.1 - - [23/Mar/2026 12:06:26] "[36mGET /static/logo.svg HTTP/1.1[0m" 304 -
INFO:werkzeug:127.0.0.1 - - [23/Mar/2026 12:06:26] "[36mGET /static/script.js HTTP/1.1[0m" 304 -
INFO:werkzeug:127.0.0.1 - - [23/Mar/2026 12:06:27] "[33mGET /favicon.ico HTTP/1.1[0m" 404 -
INFO:werkzeug:127.0.0.1 - - [23/Mar/2026 12:07:16] "GET /login HTTP/1.1" 200 -
INFO:werkzeug:127.0.0.1 - - [23/Mar/2026 12:07:16] "[36mGET /static/main.css HTTP/1.1[0m" 304 -
INFO:werkzeug:127.0.0.1 - - [23/Mar/2026 12:07:16] "[36mGET /static/logo.svg HTTP/1.1[0m" 304 -
INFO:werkzeug:127.0.0.1 - - [23/Mar/2026 12:07:22] "GET /register HTTP/1.1" 200 -
INFO:werkzeug:127.0.0.1 - - [23/Mar/2026 12:07:22] "[36mGET /static/main.css HTTP/1.1[0m" 304 -
INFO:werkzeug:127.0.0.1 - - [23/Mar/2026 12:07:22] "[36mGET /static/logo.svg HTTP/1.1[0m" 304 -
INFO:werkzeug:127.0.0.1 - - [23/Mar/2026 12:07:43] "[32mPOST /register HTTP/1.1[0m" 302 -
INFO:werkzeug:127.0.0.1 - - [23/Mar/2026 12:07:43] "GET /login HTTP/1.1" 200 -
INFO:werkzeug:127.0.0.1 - - [23/Mar/2026 12:07:43] "[36mGET /static/main.css HTTP/1.1[0m" 304 -
INFO:werkzeug:127.0.0.1 - - [23/Mar/2026 12:07:43] "[36mGET /static/logo.svg HTTP/1.1[0m" 304 -
INFO:werkzeug:127.0.0.1 - - [23/Mar/2026 12:07:51] "[32mPOST /login HTTP/1.1[0m" 302 -
INFO:werkzeug:127.0.0.1 - - [23/Mar/2026 12:07:51] "GET /upload HTTP/1.1" 200 -
INFO:werkzeug:127.0.0.1 - - [23/Mar/2026 12:07:51] "[36mGET /static/main.css HTTP/1.1[0m" 304 -
INFO:werkzeug:127.0.0.1 - - [23/Mar/2026 12:08:14] "[32mPOST /upload HTTP/1.1[0m" 302 -
INFO:werkzeug:127.0.0.1 - - [23/Mar/2026 12:08:14] "GET /patient_dashboard HTTP/1.1" 200 -
INFO:werkzeug:127.0.0.1 - - [23/Mar/2026 12:08:14] "[36mGET /static/logo.svg HTTP/1.1[0m" 304 -
INFO:werkzeug:127.0.0.1 - - [23/Mar/2026 12:08:14] "[36mGET /static/main.css HTTP/1.1[0m" 304 -
INFO:werkzeug:127.0.0.1 - - [23/Mar/2026 12:08:14] "[36mGET /static/script.js HTTP/1.1[0m" 304 -
INFO:werkzeug:127.0.0.1 - - [23/Mar/2026 12:08:23] "GET /view_case/1 HTTP/1.1" 200 -
INFO:werkzeug:127.0.0.1 - - [23/Mar/2026 12:08:23] "[36mGET /static/main.css HTTP/1.1[0m" 304 -
INFO:werkzeug:127.0.0.1 - - [23/Mar/2026 12:08:23] "[36mGET /static/logo.svg HTTP/1.1[0m" 304 -
INFO:werkzeug:127.0.0.1 - - [23/Mar/2026 12:08:28] "GET /api/messages/1 HTTP/1.1" 200 -
INFO:werkzeug:127.0.0.1 - - [23/Mar/2026 12:08:33] "GET /api/messages/1 HTTP/1.1" 200 -
INFO:werkzeug:127.0.0.1 - - [23/Mar/2026 12:08:38] "GET /api/messages/1 HTTP/1.1" 200 -
INFO:werkzeug:127.0.0.1 - - [23/Mar/2026 12:08:43] "GET /api/messages/1 HTTP/1.1" 200 -
INFO:werkzeug:127.0.0.1 - - [23/Mar/2026 12:08:48] "GET /api/messages/1 HTTP/1.1" 200 -
INFO:werkzeug:127.0.0.1 - - [23/Mar/2026 12:08:53] "GET /api/messages/1 HTTP/1.1" 200 -
INFO:werkzeug:127.0.0.1 - - [23/Mar/2026 12:08:58] "GET /api/messages/1 HTTP/1.1" 200 -
INFO:werkzeug:127.0.0.1 - - [23/Mar/2026 12:09:03] "GET /api/messages/1 HTTP/1.1" 200 -
INFO:werkzeug:127.0.0.1 - - [23/Mar/2026 12:09:08] "GET /api/messages/1 HTTP/1.1" 200 -
INFO:werkzeug:127.0.0.1 - - [23/Mar/2026 12:09:13] "GET /api/messages/1 HTTP/1.1" 200 -
INFO:werkzeug:127.0.0.1 - - [23/Mar/2026 12:09:18] "GET /api/messages/1 HTTP/1.1" 200 -
INFO:werkzeug:127.0.0.1 - - [23/Mar/2026 12:09:21] "GET /patient_dashboard HTTP/1.1" 200 -
INFO:werkzeug:127.0.0.1 - - [23/Mar/2026 12:09:21] "[36mGET /static/main.css HTTP/1.1[0m" 304 -
INFO:werkzeug:127.0.0.1 - - [23/Mar/2026 12:09:21] "[36mGET /static/script.js HTTP/1.1[0m" 304 -
INFO:werkzeug:127.0.0.1 - - [23/Mar/2026 12:09:21] "[36mGET /static/logo.svg HTTP/1.1[0m" 304 -
INFO:werkzeug:127.0.0.1 - - [23/Mar/2026 12:09:24] "[32mGET /logout HTTP/1.1[0m" 302 -
INFO:werkzeug:127.0.0.1 - - [23/Mar/2026 12:09:24] "GET / HTTP/1.1" 200 -
INFO:werkzeug:127.0.0.1 - - [23/Mar/2026 12:09:24] "[36mGET /static/main.css HTTP/1.1[0m" 304 -
INFO:werkzeug:127.0.0.1 - - [23/Mar/2026 12:09:24] "[36mGET /static/logo.svg HTTP/1.1[0m" 304 -
INFO:werkzeug:127.0.0.1 - - [23/Mar/2026 12:09:24] "[36mGET /static/script.js HTTP/1.1[0m" 304 -
INFO:werkzeug:127.0.0.1 - - [23/Mar/2026 12:09:27] "GET /doctor_login HTTP/1.1" 200 -
INFO:werkzeug:127.0.0.1 - - [23/Mar/2026 12:09:27] "[36mGET /static/main.css HTTP/1.1[0m" 304 -
INFO:werkzeug:127.0.0.1 - - [23/Mar/2026 12:09:27] "[36mGET /static/logo.svg HTTP/1.1[0m" 304 -
INFO:werkzeug:127.0.0.1 - - [23/Mar/2026 12:09:30] "GET /doctor_register HTTP/1.1" 200 -
INFO:werkzeug:127.0.0.1 - - [23/Mar/2026 12:09:30] "[36mGET /static/main.css HTTP/1.1[0m" 304 -
INFO:werkzeug:127.0.0.1 - - [23/Mar/2026 12:09:30] "[36mGET /static/logo.svg HTTP/1.1[0m" 304 -
INFO:werkzeug:127.0.0.1 - - [23/Mar/2026 12:10:15] "[32mPOST /doctor_register HTTP/1.1[0m" 302 -
INFO:werkzeug:127.0.0.1 - - [23/Mar/2026 12:10:15] "GET /doctor_login HTTP/1.1" 200 -
INFO:werkzeug:127.0.0.1 - - [23/Mar/2026 12:10:15] "[36mGET /static/main.css HTTP/1.1[0m" 304 -
INFO:werkzeug:127.0.0.1 - - [23/Mar/2026 12:10:15] "[36mGET /static/logo.svg HTTP/1.1[0m" 304 -
INFO:werkzeug:127.0.0.1 - - [23/Mar/2026 12:10:28] "[32mPOST /doctor_login HTTP/1.1[0m" 302 -
INFO:werkzeug:127.0.0.1 - - [23/Mar/2026 12:10:28] "GET /doctor_dashboard HTTP/1.1" 200 -
INFO:werkzeug:127.0.0.1 - - [23/Mar/2026 12:10:28] "[36mGET /static/main.css HTTP/1.1[0m" 304 -
INFO:werkzeug:127.0.0.1 - - [23/Mar/2026 12:10:28] "[36mGET /static/logo.svg HTTP/1.1[0m" 304 -
INFO:werkzeug:127.0.0.1 - - [23/Mar/2026 12:10:38] "POST /toggle_availability HTTP/1.1" 200 -
INFO:werkzeug:127.0.0.1 - - [23/Mar/2026 12:10:39] "POST /toggle_availability HTTP/1.1" 200 -
INFO:werkzeug:127.0.0.1 - - [23/Mar/2026 12:10:44] "GET /login HTTP/1.1" 200 -
INFO:werkzeug:127.0.0.1 - - [23/Mar/2026 12:10:44] "[36mGET /static/main.css HTTP/1.1[0m" 304 -
INFO:werkzeug:127.0.0.1 - - [23/Mar/2026 12:10:44] "[36mGET /static/logo.svg HTTP/1.1[0m" 304 -
INFO:werkzeug:127.0.0.1 - - [23/Mar/2026 12:10:51] "[32mPOST /login HTTP/1.1[0m" 302 -
INFO:werkzeug:127.0.0.1 - - [23/Mar/2026 12:10:51] "GET /patient_dashboard HTTP/1.1" 200 -
INFO:werkzeug:127.0.0.1 - - [23/Mar/2026 12:10:51] "[36mGET /static/logo.svg HTTP/1.1[0m" 304 -
INFO:werkzeug:127.0.0.1 - - [23/Mar/2026 12:10:51] "[36mGET /static/main.css HTTP/1.1[0m" 304 -
INFO:werkzeug:127.0.0.1 - - [23/Mar/2026 12:10:51] "[36mGET /static/script.js HTTP/1.1[0m" 304 -
INFO:werkzeug:127.0.0.1 - - [23/Mar/2026 12:10:53] "GET /doctors_list HTTP/1.1" 200 -
INFO:werkzeug:127.0.0.1 - - [23/Mar/2026 12:10:53] "[36mGET /static/logo.svg HTTP/1.1[0m" 304 -
INFO:werkzeug:127.0.0.1 - - [23/Mar/2026 12:11:00] "[32mGET /request_consultation/4 HTTP/1.1[0m" 302 -
INFO:werkzeug:127.0.0.1 - - [23/Mar/2026 12:11:00] "GET /patient_dashboard HTTP/1.1" 200 -
INFO:werkzeug:127.0.0.1 - - [23/Mar/2026 12:11:00] "[36mGET /static/main.css HTTP/1.1[0m" 304 -
INFO:werkzeug:127.0.0.1 - - [23/Mar/2026 12:11:00] "[36mGET /static/logo.svg HTTP/1.1[0m" 304 -
INFO:werkzeug:127.0.0.1 - - [23/Mar/2026 12:11:00] "[36mGET /static/script.js HTTP/1.1[0m" 304 -
INFO:werkzeug:127.0.0.1 - - [23/Mar/2026 12:11:04] "GET /view_case/1 HTTP/1.1" 200 -
INFO:werkzeug:127.0.0.1 - - [23/Mar/2026 12:11:04] "[36mGET /static/main.css HTTP/1.1[0m" 304 -
INFO:werkzeug:127.0.0.1 - - [23/Mar/2026 12:11:04] "[36mGET /static/logo.svg HTTP/1.1[0m" 304 -
INFO:werkzeug:127.0.0.1 - - [23/Mar/2026 12:11:09] "GET /api/messages/1 HTTP/1.1" 200 -
INFO:werkzeug:127.0.0.1 - - [23/Mar/2026 12:11:12] "POST /send_message/1/4 HTTP/1.1" 200 -
INFO:werkzeug:127.0.0.1 - - [23/Mar/2026 12:11:14] "GET /api/messages/1 HTTP/1.1" 200 -
INFO:werkzeug:127.0.0.1 - - [23/Mar/2026 12:11:18] "GET /patient_dashboard HTTP/1.1" 200 -
INFO:werkzeug:127.0.0.1 - - [23/Mar/2026 12:11:18] "[36mGET /static/main.css HTTP/1.1[0m" 304 -
INFO:werkzeug:127.0.0.1 - - [23/Mar/2026 12:11:18] "[36mGET /static/logo.svg HTTP/1.1[0m" 304 -
INFO:werkzeug:127.0.0.1 - - [23/Mar/2026 12:11:18] "[36mGET /static/script.js HTTP/1.1[0m" 304 -
INFO:werkzeug:127.0.0.1 - - [23/Mar/2026 12:11:20] "[32mGET /logout HTTP/1.1[0m" 302 -
INFO:werkzeug:127.0.0.1 - - [23/Mar/2026 12:11:21] "GET / HTTP/1.1" 200 -
INFO:werkzeug:127.0.0.1 - - [23/Mar/2026 12:11:21] "[36mGET /static/logo.svg HTTP/1.1[0m" 304 -
INFO:werkzeug:127.0.0.1 - - [23/Mar/2026 12:11:21] "[36mGET /static/main.css HTTP/1.1[0m" 304 -
INFO:werkzeug:127.0.0.1 - - [23/Mar/2026 12:11:21] "[36mGET /static/script.js HTTP/1.1[0m" 304 -
INFO:werkzeug:127.0.0.1 - - [23/Mar/2026 12:11:23] "GET /doctor_login HTTP/1.1" 200 -
INFO:werkzeug:127.0.0.1 - - [23/Mar/2026 12:11:23] "[36mGET /static/main.css HTTP/1.1[0m" 304 -
INFO:werkzeug:127.0.0.1 - - [23/Mar/2026 12:11:23] "[36mGET /static/logo.svg HTTP/1.1[0m" 304 -
INFO:werkzeug:127.0.0.1 - - [23/Mar/2026 12:11:35] "[32mPOST /doctor_login HTTP/1.1[0m" 302 -
INFO:werkzeug:127.0.0.1 - - [23/Mar/2026 12:11:35] "GET /doctor_dashboard HTTP/1.1" 200 -
INFO:werkzeug:127.0.0.1 - - [23/Mar/2026 12:11:35] "[36mGET /static/main.css HTTP/1.1[0m" 304 -
INFO:werkzeug:127.0.0.1 - - [23/Mar/2026 12:11:35] "[36mGET /static/logo.svg HTTP/1.1[0m" 304 -
INFO:werkzeug:127.0.0.1 - - [23/Mar/2026 12:11:41] "GET /patient_detail/1 HTTP/1.1" 200 -
INFO:werkzeug:127.0.0.1 - - [23/Mar/2026 12:11:41] "GET /patient_detail/1 HTTP/1.1" 200 -
INFO:werkzeug:127.0.0.1 - - [23/Mar/2026 12:11:41] "[36mGET /static/main.css HTTP/1.1[0m" 304 -
INFO:werkzeug:127.0.0.1 - - [23/Mar/2026 12:11:41] "[36mGET /static/logo.svg HTTP/1.1[0m" 304 -
INFO:werkzeug:127.0.0.1 - - [23/Mar/2026 12:11:46] "GET /api/messages/1 HTTP/1.1" 200 -
INFO:werkzeug:127.0.0.1 - - [23/Mar/2026 12:11:47] "GET /download_pdf/1 HTTP/1.1" 200 -
INFO:werkzeug:127.0.0.1 - - [23/Mar/2026 12:11:52] "GET /api/messages/1 HTTP/1.1" 200 -
INFO:werkzeug:127.0.0.1 - - [23/Mar/2026 12:11:56] "GET /api/messages/1 HTTP/1.1" 200 -
INFO:werkzeug:127.0.0.1 - - [23/Mar/2026 12:12:01] "GET /api/messages/1 HTTP/1.1" 200 -
INFO:werkzeug:127.0.0.1 - - [23/Mar/2026 12:12:06] "GET /api/messages/1 HTTP/1.1" 200 -
INFO:werkzeug:127.0.0.1 - - [23/Mar/2026 12:12:11] "GET /api/messages/1 HTTP/1.1" 200 -
INFO:werkzeug:127.0.0.1 - - [23/Mar/2026 12:12:16] "GET /api/messages/1 HTTP/1.1" 200 -
INFO:werkzeug:127.0.0.1 - - [23/Mar/2026 12:12:20] "POST /send_message/1/4 HTTP/1.1" 200 -
INFO:werkzeug:127.0.0.1 - - [23/Mar/2026 12:12:21] "GET /api/messages/1 HTTP/1.1" 200 -
INFO:werkzeug:127.0.0.1 - - [23/Mar/2026 12:12:26] "GET /api/messages/1 HTTP/1.1" 200 -
INFO:werkzeug:127.0.0.1 - - [23/Mar/2026 12:12:28] "GET /doctor_dashboard HTTP/1.1" 200 -
INFO:werkzeug:127.0.0.1 - - [23/Mar/2026 12:12:28] "[36mGET /static/main.css HTTP/1.1[0m" 304 -
INFO:werkzeug:127.0.0.1 - - [23/Mar/2026 12:12:28] "[36mGET /static/logo.svg HTTP/1.1[0m" 304 -
INFO:werkzeug:127.0.0.1 - - [23/Mar/2026 12:12:54] "[32mGET /logout HTTP/1.1[0m" 302 -
INFO:werkzeug:127.0.0.1 - - [23/Mar/2026 12:12:54] "GET / HTTP/1.1" 200 -
INFO:werkzeug:127.0.0.1 - - [23/Mar/2026 12:12:54] "[36mGET /static/main.css HTTP/1.1[0m" 304 -
INFO:werkzeug:127.0.0.1 - - [23/Mar/2026 12:12:54] "[36mGET /static/logo.svg HTTP/1.1[0m" 304 -
INFO:werkzeug:127.0.0.1 - - [23/Mar/2026 12:12:54] "[36mGET /static/script.js HTTP/1.1[0m" 304 -
INFO:werkzeug:[31m[1mWARNING: This is a development server. Do not use it in a production deployment. Use a production WSGI server instead.[0m
 * Running on http://127.0.0.1:5000
INFO:werkzeug:[33mPress CTRL+C to quit[0m
INFO:werkzeug: * Restarting with watchdog (windowsapi)
WARNING:werkzeug: * Debugger is active!
INFO:werkzeug: * Debugger PIN: 906-545-034
INFO:werkzeug:127.0.0.1 - - [23/Mar/2026 21:34:16] "GET / HTTP/1.1" 200 -
INFO:werkzeug:127.0.0.1 - - [23/Mar/2026 21:34:16] "GET / HTTP/1.1" 200 -
INFO:werkzeug:127.0.0.1 - - [23/Mar/2026 21:34:16] "GET /static/main.css HTTP/1.1" 200 -
INFO:werkzeug:127.0.0.1 - - [23/Mar/2026 21:34:16] "GET /static/logo.svg HTTP/1.1" 200 -
INFO:werkzeug:127.0.0.1 - - [23/Mar/2026 21:34:16] "GET /static/script.js HTTP/1.1" 200 -
INFO:werkzeug:127.0.0.1 - - [23/Mar/2026 21:34:16] "[36mGET /static/main.css HTTP/1.1[0m" 304 -
INFO:werkzeug:127.0.0.1 - - [23/Mar/2026 21:34:16] "[36mGET /static/logo.svg HTTP/1.1[0m" 304 -
INFO:werkzeug:127.0.0.1 - - [23/Mar/2026 21:34:16] "[36mGET /static/script.js HTTP/1.1[0m" 304 -
INFO:werkzeug:127.0.0.1 - - [23/Mar/2026 21:34:18] "[33mGET /favicon.ico HTTP/1.1[0m" 404 -
INFO:werkzeug:127.0.0.1 - - [23/Mar/2026 21:34:21] "GET /login HTTP/1.1" 200 -
INFO:werkzeug:127.0.0.1 - - [23/Mar/2026 21:34:21] "[36mGET /static/main.css HTTP/1.1[0m" 304 -
INFO:werkzeug:127.0.0.1 - - [23/Mar/2026 21:34:21] "[36mGET /static/logo.svg HTTP/1.1[0m" 304 -
INFO:werkzeug:127.0.0.1 - - [23/Mar/2026 21:34:28] "POST /login HTTP/1.1" 200 -
INFO:werkzeug:127.0.0.1 - - [23/Mar/2026 21:34:31] "GET /login HTTP/1.1" 200 -
INFO:werkzeug:127.0.0.1 - - [23/Mar/2026 21:36:03] "[32mPOST /login HTTP/1.1[0m" 302 -
INFO:werkzeug:127.0.0.1 - - [23/Mar/2026 21:36:03] "GET /patient_dashboard HTTP/1.1" 200 -
INFO:werkzeug:127.0.0.1 - - [23/Mar/2026 21:36:03] "[36mGET /static/logo.svg HTTP/1.1[0m" 304 -
INFO:werkzeug:127.0.0.1 - - [23/Mar/2026 21:36:03] "[36mGET /static/main.css HTTP/1.1[0m" 304 -
INFO:werkzeug:127.0.0.1 - - [23/Mar/2026 21:36:03] "[36mGET /static/script.js HTTP/1.1[0m" 304 -
INFO:werkzeug:127.0.0.1 - - [23/Mar/2026 21:36:11] "GET /view_case/1 HTTP/1.1" 200 -
INFO:werkzeug:127.0.0.1 - - [23/Mar/2026 21:36:11] "[36mGET /static/main.css HTTP/1.1[0m" 304 -
INFO:werkzeug:127.0.0.1 - - [23/Mar/2026 21:36:11] "[36mGET /static/logo.svg HTTP/1.1[0m" 304 -
INFO:werkzeug:127.0.0.1 - - [23/Mar/2026 21:36:16] "GET /api/messages/1 HTTP/1.1" 200 -
INFO:werkzeug:127.0.0.1 - - [23/Mar/2026 21:36:21] "GET /api/messages/1 HTTP/1.1" 200 -
INFO:werkzeug:127.0.0.1 - - [23/Mar/2026 21:36:26] "GET /api/messages/1 HTTP/1.1" 200 -
INFO:werkzeug:127.0.0.1 - - [23/Mar/2026 21:36:31] "GET /api/messages/1 HTTP/1.1" 200 -
INFO:werkzeug:127.0.0.1 - - [23/Mar/2026 21:36:36] "GET /api/messages/1 HTTP/1.1" 200 -
INFO:werkzeug:127.0.0.1 - - [23/Mar/2026 21:36:41] "GET /api/messages/1 HTTP/1.1" 200 -
INFO:werkzeug:127.0.0.1 - - [23/Mar/2026 21:36:46] "GET /api/messages/1 HTTP/1.1" 200 -
INFO:werkzeug:127.0.0.1 - - [23/Mar/2026 21:36:51] "GET /api/messages/1 HTTP/1.1" 200 -
INFO:werkzeug:127.0.0.1 - - [23/Mar/2026 21:36:56] "GET /api/messages/1 HTTP/1.1" 200 -
INFO:werkzeug:127.0.0.1 - - [23/Mar/2026 21:37:01] "GET /api/messages/1 HTTP/1.1" 200 -
INFO:werkzeug:127.0.0.1 - - [23/Mar/2026 21:37:06] "GET /api/messages/1 HTTP/1.1" 200 -
INFO:werkzeug:127.0.0.1 - - [23/Mar/2026 21:37:11] "GET /api/messages/1 HTTP/1.1" 200 -
INFO:werkzeug:127.0.0.1 - - [23/Mar/2026 21:37:16] "GET /api/messages/1 HTTP/1.1" 200 -
INFO:werkzeug:127.0.0.1 - - [23/Mar/2026 21:37:21] "GET /api/messages/1 HTTP/1.1" 200 -
INFO:werkzeug:127.0.0.1 - - [23/Mar/2026 21:37:26] "GET /api/messages/1 HTTP/1.1" 200 -
INFO:werkzeug:127.0.0.1 - - [23/Mar/2026 21:37:31] "GET /api/messages/1 HTTP/1.1" 200 -
INFO:werkzeug:127.0.0.1 - - [23/Mar/2026 21:37:36] "GET /api/messages/1 HTTP/1.1" 200 -
INFO:werkzeug:127.0.0.1 - - [23/Mar/2026 21:37:41] "GET /api/messages/1 HTTP/1.1" 200 -
INFO:werkzeug:127.0.0.1 - - [23/Mar/2026 21:37:46] "GET /api/messages/1 HTTP/1.1" 200 -
INFO:werkzeug:127.0.0.1 - - [23/Mar/2026 21:37:51] "GET /api/messages/1 HTTP/1.1" 200 -
INFO:werkzeug:127.0.0.1 - - [23/Mar/2026 21:37:56] "GET /api/messages/1 HTTP/1.1" 200 -
INFO:werkzeug:127.0.0.1 - - [23/Mar/2026 21:38:01] "GET /api/messages/1 HTTP/1.1" 200 -
INFO:werkzeug:127.0.0.1 - - [23/Mar/2026 21:38:06] "GET /api/messages/1 HTTP/1.1" 200 -
INFO:werkzeug:127.0.0.1 - - [23/Mar/2026 21:38:42] "GET /api/messages/1 HTTP/1.1" 200 -
INFO:werkzeug:127.0.0.1 - - [23/Mar/2026 21:39:42] "GET /api/messages/1 HTTP/1.1" 200 -
INFO:werkzeug:127.0.0.1 - - [23/Mar/2026 21:40:42] "GET /api/messages/1 HTTP/1.1" 200 -
INFO:werkzeug:127.0.0.1 - - [23/Mar/2026 21:41:42] "GET /api/messages/1 HTTP/1.1" 200 -
INFO:werkzeug:127.0.0.1 - - [23/Mar/2026 21:42:42] "GET /api/messages/1 HTTP/1.1" 200 -
INFO:werkzeug:127.0.0.1 - - [23/Mar/2026 21:43:42] "GET /api/messages/1 HTTP/1.1" 200 -
INFO:werkzeug:127.0.0.1 - - [23/Mar/2026 21:44:42] "GET /api/messages/1 HTTP/1.1" 200 -
INFO:werkzeug:127.0.0.1 - - [23/Mar/2026 21:45:42] "GET /api/messages/1 HTTP/1.1" 200 -
INFO:werkzeug:127.0.0.1 - - [23/Mar/2026 21:46:43] "GET /api/messages/1 HTTP/1.1" 200 -
INFO:werkzeug:127.0.0.1 - - [23/Mar/2026 21:47:42] "GET /api/messages/1 HTTP/1.1" 200 -
INFO:werkzeug:127.0.0.1 - - [23/Mar/2026 21:48:42] "GET /api/messages/1 HTTP/1.1" 200 -
INFO:werkzeug:127.0.0.1 - - [23/Mar/2026 21:49:42] "GET /api/messages/1 HTTP/1.1" 200 -
INFO:werkzeug:127.0.0.1 - - [23/Mar/2026 21:50:42] "GET /api/messages/1 HTTP/1.1" 200 -
INFO:werkzeug:127.0.0.1 - - [23/Mar/2026 21:51:43] "GET /api/messages/1 HTTP/1.1" 200 -
INFO:werkzeug:127.0.0.1 - - [23/Mar/2026 21:52:42] "GET /api/messages/1 HTTP/1.1" 200 -
INFO:werkzeug:127.0.0.1 - - [23/Mar/2026 21:53:10] "GET /api/messages/1 HTTP/1.1" 200 -
INFO:werkzeug:127.0.0.1 - - [23/Mar/2026 21:53:11] "GET /api/messages/1 HTTP/1.1" 200 -
INFO:werkzeug:127.0.0.1 - - [23/Mar/2026 21:53:11] "GET /login HTTP/1.1" 200 -
INFO:werkzeug:127.0.0.1 - - [23/Mar/2026 21:53:13] "GET / HTTP/1.1" 200 -
INFO:werkzeug:127.0.0.1 - - [23/Mar/2026 21:53:15] "GET /login HTTP/1.1" 200 -
INFO:werkzeug:127.0.0.1 - - [23/Mar/2026 21:53:15] "[36mGET /static/main.css HTTP/1.1[0m" 304 -
INFO:werkzeug:127.0.0.1 - - [23/Mar/2026 21:53:15] "[36mGET /static/logo.svg HTTP/1.1[0m" 304 -
INFO:werkzeug:127.0.0.1 - - [23/Mar/2026 21:53:17] "GET /doctor_login HTTP/1.1" 200 -
INFO:werkzeug:127.0.0.1 - - [23/Mar/2026 21:53:17] "[36mGET /static/main.css HTTP/1.1[0m" 304 -
INFO:werkzeug:127.0.0.1 - - [23/Mar/2026 21:53:17] "[36mGET /static/logo.svg HTTP/1.1[0m" 304 -
INFO:werkzeug:127.0.0.1 - - [23/Mar/2026 21:53:59] "[32mPOST /doctor_login HTTP/1.1[0m" 302 -
INFO:werkzeug:127.0.0.1 - - [23/Mar/2026 21:53:59] "GET /doctor_dashboard HTTP/1.1" 200 -
INFO:werkzeug:127.0.0.1 - - [23/Mar/2026 21:53:59] "[36mGET /static/main.css HTTP/1.1[0m" 304 -
INFO:werkzeug:127.0.0.1 - - [23/Mar/2026 21:53:59] "[36mGET /static/logo.svg HTTP/1.1[0m" 304 -
INFO:werkzeug:127.0.0.1 - - [23/Mar/2026 21:54:02] "GET /patient_detail/1 HTTP/1.1" 200 -
INFO:werkzeug:127.0.0.1 - - [23/Mar/2026 21:54:02] "GET /patient_detail/1 HTTP/1.1" 200 -
INFO:werkzeug:127.0.0.1 - - [23/Mar/2026 21:54:02] "[36mGET /static/main.css HTTP/1.1[0m" 304 -
INFO:werkzeug:127.0.0.1 - - [23/Mar/2026 21:54:02] "[36mGET /static/logo.svg HTTP/1.1[0m" 304 -
INFO:werkzeug:127.0.0.1 - - [23/Mar/2026 21:54:07] "GET /api/messages/1 HTTP/1.1" 200 -
INFO:werkzeug:127.0.0.1 - - [23/Mar/2026 21:54:12] "GET /api/messages/1 HTTP/1.1" 200 -
INFO:werkzeug:127.0.0.1 - - [23/Mar/2026 21:54:17] "GET /api/messages/1 HTTP/1.1" 200 -
INFO:werkzeug:127.0.0.1 - - [23/Mar/2026 21:54:22] "GET /api/messages/1 HTTP/1.1" 200 -
INFO:werkzeug:127.0.0.1 - - [23/Mar/2026 21:54:27] "GET /api/messages/1 HTTP/1.1" 200 -
INFO:werkzeug:127.0.0.1 - - [23/Mar/2026 21:54:32] "GET /api/messages/1 HTTP/1.1" 200 -
INFO:werkzeug:127.0.0.1 - - [23/Mar/2026 21:54:37] "GET /api/messages/1 HTTP/1.1" 200 -
INFO:werkzeug:127.0.0.1 - - [23/Mar/2026 21:54:42] "GET /api/messages/1 HTTP/1.1" 200 -
INFO:werkzeug:127.0.0.1 - - [23/Mar/2026 21:54:47] "GET /api/messages/1 HTTP/1.1" 200 -
INFO:werkzeug:127.0.0.1 - - [23/Mar/2026 21:54:52] "GET /api/messages/1 HTTP/1.1" 200 -
INFO:werkzeug:127.0.0.1 - - [23/Mar/2026 21:54:57] "GET /api/messages/1 HTTP/1.1" 200 -
INFO:werkzeug:127.0.0.1 - - [23/Mar/2026 21:55:02] "GET /api/messages/1 HTTP/1.1" 200 -
INFO:werkzeug:127.0.0.1 - - [23/Mar/2026 21:55:07] "GET /api/messages/1 HTTP/1.1" 200 -
INFO:werkzeug:127.0.0.1 - - [23/Mar/2026 21:55:12] "GET /api/messages/1 HTTP/1.1" 200 -
INFO:werkzeug:127.0.0.1 - - [23/Mar/2026 21:55:17] "GET /api/messages/1 HTTP/1.1" 200 -
INFO:werkzeug:127.0.0.1 - - [23/Mar/2026 21:55:22] "GET /api/messages/1 HTTP/1.1" 200 -
INFO:werkzeug:127.0.0.1 - - [23/Mar/2026 21:55:27] "GET /api/messages/1 HTTP/1.1" 200 -
INFO:werkzeug:127.0.0.1 - - [23/Mar/2026 21:55:32] "GET /api/messages/1 HTTP/1.1" 200 -
INFO:werkzeug:127.0.0.1 - - [23/Mar/2026 21:55:37] "GET /api/messages/1 HTTP/1.1" 200 -
INFO:werkzeug:127.0.0.1 - - [23/Mar/2026 21:55:42] "GET /api/messages/1 HTTP/1.1" 200 -
INFO:werkzeug:127.0.0.1 - - [23/Mar/2026 21:55:47] "GET /api/messages/1 HTTP/1.1" 200 -
INFO:werkzeug:127.0.0.1 - - [23/Mar/2026 21:55:52] "GET /api/messages/1 HTTP/1.1" 200 -
INFO:werkzeug:127.0.0.1 - - [23/Mar/2026 21:55:57] "GET /api/messages/1 HTTP/1.1" 200 -
INFO:werkzeug:127.0.0.1 - - [23/Mar/2026 21:56:02] "GET /api/messages/1 HTTP/1.1" 200 -
INFO:werkzeug:127.0.0.1 - - [23/Mar/2026 21:56:07] "GET /api/messages/1 HTTP/1.1" 200 -
INFO:werkzeug:127.0.0.1 - - [23/Mar/2026 21:56:12] "GET /api/messages/1 HTTP/1.1" 200 -
INFO:werkzeug:127.0.0.1 - - [23/Mar/2026 21:56:17] "GET /api/messages/1 HTTP/1.1" 200 -
INFO:werkzeug:127.0.0.1 - - [23/Mar/2026 21:56:22] "GET /api/messages/1 HTTP/1.1" 200 -
INFO:werkzeug:127.0.0.1 - - [23/Mar/2026 21:56:27] "GET /api/messages/1 HTTP/1.1" 200 -
INFO:werkzeug:127.0.0.1 - - [23/Mar/2026 21:56:32] "GET /api/messages/1 HTTP/1.1" 200 -
INFO:werkzeug:127.0.0.1 - - [23/Mar/2026 21:56:37] "GET /api/messages/1 HTTP/1.1" 200 -
INFO:werkzeug:127.0.0.1 - - [23/Mar/2026 21:56:42] "GET /api/messages/1 HTTP/1.1" 200 -
INFO:werkzeug:127.0.0.1 - - [23/Mar/2026 21:56:47] "GET /api/messages/1 HTTP/1.1" 200 -
INFO:werkzeug:127.0.0.1 - - [23/Mar/2026 21:57:42] "GET /api/messages/1 HTTP/1.1" 200 -
INFO:werkzeug:127.0.0.1 - - [23/Mar/2026 21:58:43] "GET /api/messages/1 HTTP/1.1" 200 -
INFO:werkzeug:127.0.0.1 - - [23/Mar/2026 21:59:42] "GET /api/messages/1 HTTP/1.1" 200 -
INFO:werkzeug:127.0.0.1 - - [23/Mar/2026 22:00:42] "GET /api/messages/1 HTTP/1.1" 200 -
INFO:werkzeug:127.0.0.1 - - [23/Mar/2026 22:01:42] "GET /api/messages/1 HTTP/1.1" 200 -
INFO:werkzeug:127.0.0.1 - - [23/Mar/2026 22:02:42] "GET /api/messages/1 HTTP/1.1" 200 -
INFO:werkzeug:127.0.0.1 - - [23/Mar/2026 22:03:42] "GET /api/messages/1 HTTP/1.1" 200 -
INFO:werkzeug:127.0.0.1 - - [23/Mar/2026 22:04:42] "GET /api/messages/1 HTTP/1.1" 200 -
INFO:werkzeug:127.0.0.1 - - [23/Mar/2026 22:05:42] "GET /api/messages/1 HTTP/1.1" 200 -
INFO:werkzeug:127.0.0.1 - - [23/Mar/2026 22:06:42] "GET /api/messages/1 HTTP/1.1" 200 -
INFO:werkzeug:127.0.0.1 - - [23/Mar/2026 22:07:43] "GET /api/messages/1 HTTP/1.1" 200 -
INFO:werkzeug:127.0.0.1 - - [23/Mar/2026 22:08:42] "GET /api/messages/1 HTTP/1.1" 200 -
INFO:werkzeug:127.0.0.1 - - [23/Mar/2026 22:09:42] "GET /api/messages/1 HTTP/1.1" 200 -
INFO:werkzeug:127.0.0.1 - - [23/Mar/2026 22:10:42] "GET /api/messages/1 HTTP/1.1" 200 -
INFO:werkzeug:127.0.0.1 - - [23/Mar/2026 22:11:42] "GET /api/messages/1 HTTP/1.1" 200 -
INFO:werkzeug:127.0.0.1 - - [23/Mar/2026 22:12:42] "GET /api/messages/1 HTTP/1.1" 200 -
INFO:werkzeug:127.0.0.1 - - [23/Mar/2026 22:13:42] "GET /api/messages/1 HTTP/1.1" 200 -
INFO:werkzeug:127.0.0.1 - - [23/Mar/2026 22:14:42] "GET /api/messages/1 HTTP/1.1" 200 -
INFO:werkzeug:127.0.0.1 - - [23/Mar/2026 22:15:42] "GET /api/messages/1 HTTP/1.1" 200 -
INFO:werkzeug:127.0.0.1 - - [23/Mar/2026 22:16:42] "GET /api/messages/1 HTTP/1.1" 200 -
INFO:werkzeug:127.0.0.1 - - [23/Mar/2026 22:17:42] "GET /api/messages/1 HTTP/1.1" 200 -
INFO:werkzeug:127.0.0.1 - - [23/Mar/2026 22:18:43] "GET /api/messages/1 HTTP/1.1" 200 -
INFO:werkzeug:127.0.0.1 - - [23/Mar/2026 22:19:42] "GET /api/messages/1 HTTP/1.1" 200 -
INFO:werkzeug:127.0.0.1 - - [23/Mar/2026 22:20:42] "GET /api/messages/1 HTTP/1.1" 200 -
INFO:werkzeug:127.0.0.1 - - [23/Mar/2026 22:21:42] "GET /api/messages/1 HTTP/1.1" 200 -
INFO:werkzeug:127.0.0.1 - - [23/Mar/2026 22:22:42] "GET /api/messages/1 HTTP/1.1" 200 -
INFO:werkzeug:127.0.0.1 - - [23/Mar/2026 22:23:42] "GET /api/messages/1 HTTP/1.1" 200 -
INFO:werkzeug:127.0.0.1 - - [23/Mar/2026 22:24:42] "GET /api/messages/1 HTTP/1.1" 200 -
INFO:werkzeug:127.0.0.1 - - [23/Mar/2026 22:25:42] "GET /api/messages/1 HTTP/1.1" 200 -
INFO:werkzeug:127.0.0.1 - - [23/Mar/2026 22:26:42] "GET /api/messages/1 HTTP/1.1" 200 -
INFO:werkzeug:127.0.0.1 - - [23/Mar/2026 22:27:42] "GET /api/messages/1 HTTP/1.1" 200 -
INFO:werkzeug:127.0.0.1 - - [23/Mar/2026 22:28:42] "GET /api/messages/1 HTTP/1.1" 200 -
INFO:werkzeug:127.0.0.1 - - [23/Mar/2026 22:29:42] "GET /api/messages/1 HTTP/1.1" 200 -
INFO:werkzeug:127.0.0.1 - - [23/Mar/2026 22:30:42] "GET /api/messages/1 HTTP/1.1" 200 -
INFO:werkzeug:127.0.0.1 - - [23/Mar/2026 22:31:42] "GET /api/messages/1 HTTP/1.1" 200 -
INFO:werkzeug:127.0.0.1 - - [23/Mar/2026 22:32:42] "GET /api/messages/1 HTTP/1.1" 200 -
INFO:werkzeug:127.0.0.1 - - [23/Mar/2026 22:33:42] "GET /api/messages/1 HTTP/1.1" 200 -
INFO:werkzeug: * Detected change in 'C:\\Users\\niran\\Downloads\\Recovery Assist-20260323T160049Z-3-001\\Recovery Assist\\app.py', reloading
INFO:werkzeug: * Restarting with watchdog (windowsapi)
WARNING:werkzeug: * Debugger is active!
INFO:werkzeug: * Debugger PIN: 906-545-034
INFO:werkzeug:127.0.0.1 - - [23/Mar/2026 22:34:42] "GET /api/messages/1 HTTP/1.1" 200 -
INFO:werkzeug:127.0.0.1 - - [23/Mar/2026 22:35:42] "GET /api/messages/1 HTTP/1.1" 200 -
INFO:werkzeug:127.0.0.1 - - [23/Mar/2026 22:36:42] "GET /api/messages/1 HTTP/1.1" 200 -
INFO:werkzeug:127.0.0.1 - - [23/Mar/2026 22:37:42] "GET /api/messages/1 HTTP/1.1" 200 -
INFO:werkzeug:127.0.0.1 - - [23/Mar/2026 22:38:42] "GET /api/messages/1 HTTP/1.1" 200 -
INFO:werkzeug:127.0.0.1 - - [23/Mar/2026 22:39:42] "GET /api/messages/1 HTTP/1.1" 200 -
INFO:werkzeug:127.0.0.1 - - [23/Mar/2026 22:40:42] "GET /api/messages/1 HTTP/1.1" 200 -
INFO:werkzeug:127.0.0.1 - - [23/Mar/2026 22:41:42] "GET /api/messages/1 HTTP/1.1" 200 -
INFO:werkzeug:127.0.0.1 - - [23/Mar/2026 22:42:42] "GET /api/messages/1 HTTP/1.1" 200 -
INFO:werkzeug:127.0.0.1 - - [23/Mar/2026 22:43:42] "GET /api/messages/1 HTTP/1.1" 200 -
INFO:werkzeug:127.0.0.1 - - [23/Mar/2026 22:44:42] "GET /api/messages/1 HTTP/1.1" 200 -
INFO:werkzeug:127.0.0.1 - - [23/Mar/2026 22:45:42] "GET /api/messages/1 HTTP/1.1" 200 -
INFO:werkzeug:127.0.0.1 - - [23/Mar/2026 22:59:01] "GET /api/messages/1 HTTP/1.1" 200 -
INFO:werkzeug:127.0.0.1 - - [23/Mar/2026 22:59:02] "GET /api/messages/1 HTTP/1.1" 200 -
INFO:werkzeug:[31m[1mWARNING: This is a development server. Do not use it in a production deployment. Use a production WSGI server instead.[0m
 * Running on http://127.0.0.1:5000
INFO:werkzeug:[33mPress CTRL+C to quit[0m
INFO:werkzeug: * Restarting with watchdog (windowsapi)
WARNING:werkzeug: * Debugger is active!
INFO:werkzeug: * Debugger PIN: 906-545-034
INFO:werkzeug:127.0.0.1 - - [24/Mar/2026 11:26:12] "GET / HTTP/1.1" 200 -
INFO:werkzeug:127.0.0.1 - - [24/Mar/2026 11:26:12] "[36mGET /static/main.css HTTP/1.1[0m" 304 -
INFO:werkzeug:127.0.0.1 - - [24/Mar/2026 11:26:12] "[36mGET /static/logo.svg HTTP/1.1[0m" 304 -
INFO:werkzeug:127.0.0.1 - - [24/Mar/2026 11:26:12] "[36mGET /static/script.js HTTP/1.1[0m" 304 -
INFO:werkzeug:127.0.0.1 - - [24/Mar/2026 11:26:12] "[33mGET /favicon.ico HTTP/1.1[0m" 404 -
INFO:werkzeug: * Detected change in 'C:\\Users\\niran\\Downloads\\Recovery Assist-20260323T160049Z-3-001\\Recovery Assist\\clear_db.py', reloading
INFO:werkzeug: * Restarting with watchdog (windowsapi)
WARNING:werkzeug: * Debugger is active!
INFO:werkzeug: * Debugger PIN: 906-545-034
INFO:werkzeug:127.0.0.1 - - [24/Mar/2026 11:26:37] "GET /doctor_login HTTP/1.1" 200 -
INFO:werkzeug:127.0.0.1 - - [24/Mar/2026 11:26:37] "[36mGET /static/main.css HTTP/1.1[0m" 304 -
INFO:werkzeug:127.0.0.1 - - [24/Mar/2026 11:26:37] "[36mGET /static/logo.svg HTTP/1.1[0m" 304 -
INFO:werkzeug:127.0.0.1 - - [24/Mar/2026 11:26:40] "GET /login HTTP/1.1" 200 -
INFO:werkzeug:127.0.0.1 - - [24/Mar/2026 11:26:40] "[36mGET /static/main.css HTTP/1.1[0m" 304 -
INFO:werkzeug:127.0.0.1 - - [24/Mar/2026 11:26:40] "[36mGET /static/logo.svg HTTP/1.1[0m" 304 -
INFO:werkzeug:127.0.0.1 - - [24/Mar/2026 11:27:10] "GET /doctor_login HTTP/1.1" 200 -
INFO:werkzeug:127.0.0.1 - - [24/Mar/2026 11:27:10] "[36mGET /static/main.css HTTP/1.1[0m" 304 -
INFO:werkzeug:127.0.0.1 - - [24/Mar/2026 11:27:10] "[36mGET /static/logo.svg HTTP/1.1[0m" 304 -
INFO:werkzeug:127.0.0.1 - - [24/Mar/2026 11:27:12] "GET /doctor_register HTTP/1.1" 200 -
INFO:werkzeug:127.0.0.1 - - [24/Mar/2026 11:27:12] "[36mGET /static/main.css HTTP/1.1[0m" 304 -
INFO:werkzeug:127.0.0.1 - - [24/Mar/2026 11:27:12] "[36mGET /static/logo.svg HTTP/1.1[0m" 304 -
INFO:werkzeug:[31m[1mWARNING: This is a development server. Do not use it in a production deployment. Use a production WSGI server instead.[0m
 * Running on http://127.0.0.1:5000
INFO:werkzeug:[33mPress CTRL+C to quit[0m
INFO:werkzeug: * Restarting with watchdog (windowsapi)
WARNING:werkzeug: * Debugger is active!
INFO:werkzeug: * Debugger PIN: 805-738-955
INFO:werkzeug:127.0.0.1 - - [05/Apr/2026 10:25:53] "GET / HTTP/1.1" 200 -
INFO:werkzeug:127.0.0.1 - - [05/Apr/2026 10:25:53] "GET /static/main.css HTTP/1.1" 200 -
INFO:werkzeug:127.0.0.1 - - [05/Apr/2026 10:25:53] "GET /static/logo.svg HTTP/1.1" 200 -
INFO:werkzeug:127.0.0.1 - - [05/Apr/2026 10:25:54] "GET /static/script.js HTTP/1.1" 200 -
INFO:werkzeug:127.0.0.1 - - [05/Apr/2026 10:25:54] "[33mGET /favicon.ico HTTP/1.1[0m" 404 -
INFO:werkzeug: * Detected change in 'C:\\Users\\niran\\Downloads\\Recovery Assist-20260323T160049Z-3-001\\Recovery Assist\\clear_db.py', reloading
INFO:werkzeug: * Restarting with watchdog (windowsapi)
WARNING:werkzeug: * Debugger is active!
INFO:werkzeug: * Debugger PIN: 805-738-955
INFO:werkzeug:127.0.0.1 - - [05/Apr/2026 10:26:12] "GET /login HTTP/1.1" 200 -
INFO:werkzeug:127.0.0.1 - - [05/Apr/2026 10:26:13] "[36mGET /static/main.css HTTP/1.1[0m" 304 -
INFO:werkzeug:127.0.0.1 - - [05/Apr/2026 10:26:13] "[36mGET /static/logo.svg HTTP/1.1[0m" 304 -
INFO:werkzeug:127.0.0.1 - - [05/Apr/2026 10:26:28] "[32mPOST /login HTTP/1.1[0m" 302 -
INFO:werkzeug:127.0.0.1 - - [05/Apr/2026 10:26:28] "[32mPOST /login HTTP/1.1[0m" 302 -
INFO:werkzeug:127.0.0.1 - - [05/Apr/2026 10:26:28] "[32mPOST /login HTTP/1.1[0m" 302 -
INFO:werkzeug:127.0.0.1 - - [05/Apr/2026 10:26:28] "GET /patient_dashboard HTTP/1.1" 200 -
INFO:werkzeug:127.0.0.1 - - [05/Apr/2026 10:26:28] "[36mGET /static/main.css HTTP/1.1[0m" 304 -
INFO:werkzeug:127.0.0.1 - - [05/Apr/2026 10:26:28] "[36mGET /static/logo.svg HTTP/1.1[0m" 304 -
INFO:werkzeug:127.0.0.1 - - [05/Apr/2026 10:26:28] "[36mGET /static/script.js HTTP/1.1[0m" 304 -
INFO:werkzeug:127.0.0.1 - - [05/Apr/2026 10:26:33] "GET /view_case/1 HTTP/1.1" 200 -
INFO:werkzeug:127.0.0.1 - - [05/Apr/2026 10:26:33] "[36mGET /static/main.css HTTP/1.1[0m" 304 -
INFO:werkzeug:127.0.0.1 - - [05/Apr/2026 10:26:33] "[36mGET /static/logo.svg HTTP/1.1[0m" 304 -
INFO:werkzeug:127.0.0.1 - - [05/Apr/2026 10:26:39] "GET /api/messages/1 HTTP/1.1" 200 -
INFO:werkzeug:127.0.0.1 - - [05/Apr/2026 10:26:44] "GET /api/messages/1 HTTP/1.1" 200 -
INFO:werkzeug:127.0.0.1 - - [05/Apr/2026 10:26:49] "GET /api/messages/1 HTTP/1.1" 200 -
INFO:werkzeug:[31m[1mWARNING: This is a development server. Do not use it in a production deployment. Use a production WSGI server instead.[0m
 * Running on http://127.0.0.1:5000
INFO:werkzeug:[33mPress CTRL+C to quit[0m
INFO:werkzeug: * Restarting with watchdog (windowsapi)
WARNING:werkzeug: * Debugger is active!
INFO:werkzeug: * Debugger PIN: 872-656-001
INFO:werkzeug:127.0.0.1 - - [07/Apr/2026 11:51:11] "GET / HTTP/1.1" 200 -
INFO:werkzeug:127.0.0.1 - - [07/Apr/2026 11:51:11] "[36mGET /static/main.css HTTP/1.1[0m" 304 -
INFO:werkzeug:127.0.0.1 - - [07/Apr/2026 11:51:11] "[36mGET /static/logo.svg HTTP/1.1[0m" 304 -
INFO:werkzeug:127.0.0.1 - - [07/Apr/2026 11:51:11] "[36mGET /static/script.js HTTP/1.1[0m" 304 -
INFO:werkzeug:127.0.0.1 - - [07/Apr/2026 11:51:12] "[33mGET /favicon.ico HTTP/1.1[0m" 404 -
INFO:werkzeug:127.0.0.1 - - [07/Apr/2026 11:51:17] "GET /login HTTP/1.1" 200 -
INFO:werkzeug:127.0.0.1 - - [07/Apr/2026 11:51:17] "[36mGET /static/main.css HTTP/1.1[0m" 304 -
INFO:werkzeug:127.0.0.1 - - [07/Apr/2026 11:51:17] "[36mGET /static/logo.svg HTTP/1.1[0m" 304 -
INFO:werkzeug:127.0.0.1 - - [07/Apr/2026 11:51:19] "[32mPOST /login HTTP/1.1[0m" 302 -
INFO:werkzeug:127.0.0.1 - - [07/Apr/2026 11:51:20] "GET /patient_dashboard HTTP/1.1" 200 -
INFO:werkzeug:127.0.0.1 - - [07/Apr/2026 11:51:20] "[36mGET /static/main.css HTTP/1.1[0m" 304 -
INFO:werkzeug:127.0.0.1 - - [07/Apr/2026 11:51:20] "[36mGET /static/logo.svg HTTP/1.1[0m" 304 -
INFO:werkzeug:127.0.0.1 - - [07/Apr/2026 11:51:20] "[36mGET /static/script.js HTTP/1.1[0m" 304 -
INFO:werkzeug:127.0.0.1 - - [07/Apr/2026 11:51:24] "GET /view_case/1 HTTP/1.1" 200 -
INFO:werkzeug:127.0.0.1 - - [07/Apr/2026 11:51:26] "[36mGET /static/main.css HTTP/1.1[0m" 304 -
INFO:werkzeug:127.0.0.1 - - [07/Apr/2026 11:51:26] "[36mGET /static/logo.svg HTTP/1.1[0m" 304 -
INFO:werkzeug: * Detected change in 'C:\\Users\\niran\\Downloads\\Recovery Assist-20260323T160049Z-3-001\\Recovery Assist\\clear_db.py', reloading
INFO:werkzeug: * Restarting with watchdog (windowsapi)
WARNING:werkzeug: * Debugger is active!
INFO:werkzeug: * Debugger PIN: 872-656-001
INFO:werkzeug:127.0.0.1 - - [07/Apr/2026 11:51:31] "GET /chat/1/4 HTTP/1.1" 200 -
INFO:werkzeug:127.0.0.1 - - [07/Apr/2026 11:51:31] "[36mGET /static/logo.svg HTTP/1.1[0m" 304 -
INFO:werkzeug:127.0.0.1 - - [07/Apr/2026 11:51:35] "GET /api/messages/1 HTTP/1.1" 200 -
INFO:werkzeug:127.0.0.1 - - [07/Apr/2026 11:51:39] "GET /api/messages/1 HTTP/1.1" 200 -
INFO:werkzeug:127.0.0.1 - - [07/Apr/2026 11:51:43] "GET /api/messages/1 HTTP/1.1" 200 -
INFO:werkzeug:127.0.0.1 - - [07/Apr/2026 11:51:47] "GET /api/messages/1 HTTP/1.1" 200 -
INFO:werkzeug:127.0.0.1 - - [07/Apr/2026 11:51:51] "GET /api/messages/1 HTTP/1.1" 200 -
INFO:werkzeug:127.0.0.1 - - [07/Apr/2026 11:51:55] "GET /api/messages/1 HTTP/1.1" 200 -
INFO:werkzeug:127.0.0.1 - - [07/Apr/2026 11:51:59] "GET /api/messages/1 HTTP/1.1" 200 -
INFO:werkzeug:127.0.0.1 - - [07/Apr/2026 11:52:03] "GET /api/messages/1 HTTP/1.1" 200 -
INFO:werkzeug:127.0.0.1 - - [07/Apr/2026 11:52:07] "GET /api/messages/1 HTTP/1.1" 200 -
INFO:werkzeug:127.0.0.1 - - [07/Apr/2026 11:52:11] "GET /api/messages/1 HTTP/1.1" 200 -
INFO:werkzeug:127.0.0.1 - - [07/Apr/2026 11:52:15] "GET /api/messages/1 HTTP/1.1" 200 -
INFO:werkzeug:127.0.0.1 - - [07/Apr/2026 11:52:19] "GET /api/messages/1 HTTP/1.1" 200 -
INFO:werkzeug:127.0.0.1 - - [07/Apr/2026 11:52:23] "GET /api/messages/1 HTTP/1.1" 200 -
INFO:werkzeug:127.0.0.1 - - [07/Apr/2026 11:52:27] "GET /api/messages/1 HTTP/1.1" 200 -
INFO:werkzeug:127.0.0.1 - - [07/Apr/2026 11:52:31] "GET /api/messages/1 HTTP/1.1" 200 -
INFO:werkzeug:127.0.0.1 - - [07/Apr/2026 11:52:35] "GET /api/messages/1 HTTP/1.1" 200 -
INFO:werkzeug:127.0.0.1 - - [07/Apr/2026 11:52:39] "GET /api/messages/1 HTTP/1.1" 200 -
INFO:werkzeug:127.0.0.1 - - [07/Apr/2026 11:52:43] "GET /api/messages/1 HTTP/1.1" 200 -
INFO:werkzeug:127.0.0.1 - - [07/Apr/2026 11:52:47] "GET /api/messages/1 HTTP/1.1" 200 -
INFO:werkzeug:127.0.0.1 - - [07/Apr/2026 11:52:51] "GET /api/messages/1 HTTP/1.1" 200 -
INFO:werkzeug:127.0.0.1 - - [07/Apr/2026 11:52:55] "GET /api/messages/1 HTTP/1.1" 200 -
INFO:werkzeug:127.0.0.1 - - [07/Apr/2026 11:52:59] "GET /api/messages/1 HTTP/1.1" 200 -
INFO:werkzeug:127.0.0.1 - - [07/Apr/2026 11:53:03] "GET /api/messages/1 HTTP/1.1" 200 -
INFO:werkzeug:127.0.0.1 - - [07/Apr/2026 11:53:07] "GET /api/messages/1 HTTP/1.1" 200 -
INFO:werkzeug:127.0.0.1 - - [07/Apr/2026 11:53:11] "GET /api/messages/1 HTTP/1.1" 200 -
INFO:werkzeug:127.0.0.1 - - [07/Apr/2026 11:53:15] "GET /api/messages/1 HTTP/1.1" 200 -
INFO:werkzeug:127.0.0.1 - - [07/Apr/2026 11:53:19] "GET /api/messages/1 HTTP/1.1" 200 -
INFO:werkzeug:127.0.0.1 - - [07/Apr/2026 11:53:23] "GET /api/messages/1 HTTP/1.1" 200 -
INFO:werkzeug:127.0.0.1 - - [07/Apr/2026 11:53:27] "GET /api/messages/1 HTTP/1.1" 200 -
INFO:werkzeug:127.0.0.1 - - [07/Apr/2026 11:53:31] "GET /api/messages/1 HTTP/1.1" 200 -
INFO:werkzeug:127.0.0.1 - - [07/Apr/2026 11:53:35] "GET /api/messages/1 HTTP/1.1" 200 -
INFO:werkzeug:127.0.0.1 - - [07/Apr/2026 11:53:39] "GET /api/messages/1 HTTP/1.1" 200 -
INFO:werkzeug:127.0.0.1 - - [07/Apr/2026 11:53:43] "GET /api/messages/1 HTTP/1.1" 200 -
INFO:werkzeug:127.0.0.1 - - [07/Apr/2026 11:53:47] "GET /api/messages/1 HTTP/1.1" 200 -
INFO:werkzeug:127.0.0.1 - - [07/Apr/2026 11:53:51] "GET /api/messages/1 HTTP/1.1" 200 -
INFO:werkzeug:127.0.0.1 - - [07/Apr/2026 11:53:55] "GET /api/messages/1 HTTP/1.1" 200 -
INFO:werkzeug:127.0.0.1 - - [07/Apr/2026 11:53:59] "GET /api/messages/1 HTTP/1.1" 200 -
INFO:werkzeug:127.0.0.1 - - [07/Apr/2026 11:54:03] "GET /api/messages/1 HTTP/1.1" 200 -
INFO:werkzeug:127.0.0.1 - - [07/Apr/2026 11:54:07] "GET /api/messages/1 HTTP/1.1" 200 -
INFO:werkzeug:127.0.0.1 - - [07/Apr/2026 11:54:11] "GET /api/messages/1 HTTP/1.1" 200 -
INFO:werkzeug:127.0.0.1 - - [07/Apr/2026 11:54:15] "GET /api/messages/1 HTTP/1.1" 200 -
INFO:werkzeug:127.0.0.1 - - [07/Apr/2026 11:54:19] "GET /api/messages/1 HTTP/1.1" 200 -
INFO:werkzeug:127.0.0.1 - - [07/Apr/2026 11:54:23] "GET /api/messages/1 HTTP/1.1" 200 -
INFO:werkzeug:127.0.0.1 - - [07/Apr/2026 11:54:27] "GET /api/messages/1 HTTP/1.1" 200 -
INFO:werkzeug:127.0.0.1 - - [07/Apr/2026 11:54:31] "GET /api/messages/1 HTTP/1.1" 200 -
